split,window_index,fall_window_order,subject_id,recording_id,class_label,class_name,cluster_id,cluster_mapped_severity_label,severity_label,severity_class,anomaly_score,anomaly_flag,anomaly_marking,refined_severity_label,refined_severity_class
train,1633,0,SA01,SA01:F01_SA01_R01.txt,1,Fall,1,1,1,Severe,0.027433564744265615,0,Normal,1,Severe
train,1634,1,SA01,SA01:F01_SA01_R01.txt,1,Fall,1,1,1,Severe,-0.06532686643875096,1,Anomalous,-1,Non-applicable
train,1635,2,SA01,SA01:F01_SA01_R01.txt,1,Fall,1,1,1,Severe,-0.06569945133166843,1,Anomalous,-1,Non-applicable
train,1636,3,SA01,SA01:F01_SA01_R01.txt,1,Fall,1,1,1,Severe,-0.0730676433975308,1,Anomalous,-1,Non-applicable
train,1649,4,SA01,SA01:F01_SA01_R02.txt,1,Fall,0,0,0,Mild,0.09672127681453885,0,Normal,0,Mild
train,1650,5,SA01,SA01:F01_SA01_R02.txt,1,Fall,0,0,0,Mild,0.11181177726841568,0,Normal,0,Mild
train,1651,6,SA01,SA01:F01_SA01_R02.txt,1,Fall,0,0,0,Mild,0.10629878899865353,0,Normal,0,Mild
train,1652,7,SA01,SA01:F01_SA01_R02.txt,1,Fall,0,0,0,Mild,0.03898024027196362,0,Normal,0,Mild
train,1665,8,SA01,SA01:F01_SA01_R03.txt,1,Fall,0,0,0,Mild,0.09061027854076337,0,Normal,0,Mild
train,1666,9,SA01,SA01:F01_SA01_R03.txt,1,Fall,0,0,0,Mild,0.0981734941595157,0,Normal,0,Mild
train,1667,10,SA01,SA01:F01_SA01_R03.txt,1,Fall,0,0,0,Mild,0.10775189106645422,0,Normal,0,Mild
train,1668,11,SA01,SA01:F01_SA01_R03.txt,1,Fall,0,0,0,Mild,0.09259866584456722,0,Normal,0,Mild
train,1678,12,SA01,SA01:F01_SA01_R04.txt,1,Fall,1,1,1,Severe,0.07191548180868834,0,Normal,1,Severe
train,1679,13,SA01,SA01:F01_SA01_R04.txt,1,Fall,1,1,1,Severe,0.08273340157605363,0,Normal,1,Severe
train,1680,14,SA01,SA01:F01_SA01_R04.txt,1,Fall,1,1,1,Severe,0.09046440199540629,0,Normal,1,Severe
train,1681,15,SA01,SA01:F01_SA01_R04.txt,1,Fall,1,1,1,Severe,0.08284407636821306,0,Normal,1,Severe
train,1694,16,SA01,SA01:F01_SA01_R05.txt,1,Fall,1,1,1,Severe,0.0653001664621013,0,Normal,1,Severe
train,1695,17,SA01,SA01:F01_SA01_R05.txt,1,Fall,1,1,1,Severe,0.07085427008526596,0,Normal,1,Severe
train,1696,18,SA01,SA01:F01_SA01_R05.txt,1,Fall,1,1,1,Severe,0.07025225500347931,0,Normal,1,Severe
train,1697,19,SA01,SA01:F01_SA01_R05.txt,1,Fall,1,1,1,Severe,0.04654658683270141,0,Normal,1,Severe
train,1709,20,SA01,SA01:F02_SA01_R01.txt,1,Fall,0,0,0,Mild,0.08660277927171794,0,Normal,0,Mild
train,1710,21,SA01,SA01:F02_SA01_R01.txt,1,Fall,0,0,0,Mild,0.10490471382219585,0,Normal,0,Mild
train,1711,22,SA01,SA01:F02_SA01_R01.txt,1,Fall,0,0,0,Mild,0.10921231732495085,0,Normal,0,Mild
train,1712,23,SA01,SA01:F02_SA01_R01.txt,1,Fall,0,0,0,Mild,0.09688361145752411,0,Normal,0,Mild
train,1727,24,SA01,SA01:F02_SA01_R02.txt,1,Fall,0,0,0,Mild,0.07264752182113493,0,Normal,0,Mild
train,1728,25,SA01,SA01:F02_SA01_R02.txt,1,Fall,0,0,0,Mild,0.09014955184741213,0,Normal,0,Mild
train,1729,26,SA01,SA01:F02_SA01_R02.txt,1,Fall,0,0,0,Mild,0.09093740643570047,0,Normal,0,Mild
train,1730,27,SA01,SA01:F02_SA01_R02.txt,1,Fall,0,0,0,Mild,0.08064525844835146,0,Normal,0,Mild
train,1739,28,SA01,SA01:F02_SA01_R03.txt,1,Fall,0,0,0,Mild,0.09575149010246592,0,Normal,0,Mild
train,1740,29,SA01,SA01:F02_SA01_R03.txt,1,Fall,0,0,0,Mild,0.09888311812890216,0,Normal,0,Mild
train,1741,30,SA01,SA01:F02_SA01_R03.txt,1,Fall,0,0,0,Mild,0.09177351007853307,0,Normal,0,Mild
train,1742,31,SA01,SA01:F02_SA01_R03.txt,1,Fall,0,0,0,Mild,0.0687310878061893,0,Normal,0,Mild
train,1755,32,SA01,SA01:F02_SA01_R04.txt,1,Fall,0,0,0,Mild,0.03394533303380326,0,Normal,0,Mild
train,1756,33,SA01,SA01:F02_SA01_R04.txt,1,Fall,0,0,0,Mild,0.040575633279581635,0,Normal,0,Mild
train,1757,34,SA01,SA01:F02_SA01_R04.txt,1,Fall,0,0,0,Mild,0.038633757811033786,0,Normal,0,Mild
train,1758,35,SA01,SA01:F02_SA01_R04.txt,1,Fall,0,0,0,Mild,0.03517478239151589,0,Normal,0,Mild
train,1772,36,SA01,SA01:F02_SA01_R05.txt,1,Fall,0,0,0,Mild,0.0350281344224197,0,Normal,0,Mild
train,1773,37,SA01,SA01:F02_SA01_R05.txt,1,Fall,0,0,0,Mild,0.041505873816447325,0,Normal,0,Mild
train,1774,38,SA01,SA01:F02_SA01_R05.txt,1,Fall,0,0,0,Mild,0.04765325934610792,0,Normal,0,Mild
train,1775,39,SA01,SA01:F02_SA01_R05.txt,1,Fall,0,0,0,Mild,0.02214673166084513,0,Normal,0,Mild
train,1783,40,SA01,SA01:F03_SA01_R01.txt,1,Fall,1,1,1,Severe,0.03957669248973572,0,Normal,1,Severe
train,1784,41,SA01,SA01:F03_SA01_R01.txt,1,Fall,1,1,1,Severe,0.05917448436418943,0,Normal,1,Severe
train,1785,42,SA01,SA01:F03_SA01_R01.txt,1,Fall,1,1,1,Severe,0.0677231097735066,0,Normal,1,Severe
train,1786,43,SA01,SA01:F03_SA01_R01.txt,1,Fall,1,1,1,Severe,0.06051500821595762,0,Normal,1,Severe
train,1799,44,SA01,SA01:F03_SA01_R02.txt,1,Fall,1,1,1,Severe,0.0398903710275752,0,Normal,1,Severe
train,1800,45,SA01,SA01:F03_SA01_R02.txt,1,Fall,1,1,1,Severe,0.07117975641124585,0,Normal,1,Severe
train,1801,46,SA01,SA01:F03_SA01_R02.txt,1,Fall,1,1,1,Severe,0.07918578182398228,0,Normal,1,Severe
train,1802,47,SA01,SA01:F03_SA01_R02.txt,1,Fall,1,1,1,Severe,0.07859530300821888,0,Normal,1,Severe
train,1816,48,SA01,SA01:F03_SA01_R03.txt,1,Fall,1,1,1,Severe,0.056361300056505026,0,Normal,1,Severe
train,1817,49,SA01,SA01:F03_SA01_R03.txt,1,Fall,1,1,1,Severe,0.0660148587159165,0,Normal,1,Severe
train,1818,50,SA01,SA01:F03_SA01_R03.txt,1,Fall,1,1,1,Severe,0.06444373636141043,0,Normal,1,Severe
train,1819,51,SA01,SA01:F03_SA01_R03.txt,1,Fall,1,1,1,Severe,0.05173760007360878,0,Normal,1,Severe
train,1830,52,SA01,SA01:F03_SA01_R04.txt,1,Fall,1,1,1,Severe,0.07820441274578893,0,Normal,1,Severe
train,1831,53,SA01,SA01:F03_SA01_R04.txt,1,Fall,1,1,1,Severe,0.08654712493209588,0,Normal,1,Severe
train,1832,54,SA01,SA01:F03_SA01_R04.txt,1,Fall,1,1,1,Severe,0.0840794032481319,0,Normal,1,Severe
train,1833,55,SA01,SA01:F03_SA01_R04.txt,1,Fall,1,1,1,Severe,0.05516055659656477,0,Normal,1,Severe
train,1844,56,SA01,SA01:F03_SA01_R05.txt,1,Fall,1,1,1,Severe,0.07112845571637616,0,Normal,1,Severe
train,1845,57,SA01,SA01:F03_SA01_R05.txt,1,Fall,1,1,1,Severe,0.0976337089673272,0,Normal,1,Severe
train,1846,58,SA01,SA01:F03_SA01_R05.txt,1,Fall,1,1,1,Severe,0.10852970862907063,0,Normal,1,Severe
train,1847,59,SA01,SA01:F03_SA01_R05.txt,1,Fall,1,1,1,Severe,0.10452598280899367,0,Normal,1,Severe
train,1859,60,SA01,SA01:F04_SA01_R01.txt,1,Fall,1,1,1,Severe,0.008884886438319861,0,Normal,1,Severe
train,1860,61,SA01,SA01:F04_SA01_R01.txt,1,Fall,1,1,1,Severe,0.016863900475400206,0,Normal,1,Severe
train,1861,62,SA01,SA01:F04_SA01_R01.txt,1,Fall,1,1,1,Severe,0.018630597854578546,0,Normal,1,Severe
train,1862,63,SA01,SA01:F04_SA01_R01.txt,1,Fall,1,1,1,Severe,0.01367208855154145,0,Normal,1,Severe
train,1875,64,SA01,SA01:F04_SA01_R02.txt,1,Fall,1,1,1,Severe,0.08131029580852756,0,Normal,1,Severe
train,1876,65,SA01,SA01:F04_SA01_R02.txt,1,Fall,1,1,1,Severe,0.09729339761305,0,Normal,1,Severe
train,1877,66,SA01,SA01:F04_SA01_R02.txt,1,Fall,1,1,1,Severe,0.10408088249934522,0,Normal,1,Severe
train,1878,67,SA01,SA01:F04_SA01_R02.txt,1,Fall,1,1,1,Severe,0.1071568282663381,0,Normal,1,Severe
train,1889,68,SA01,SA01:F04_SA01_R03.txt,1,Fall,1,1,1,Severe,0.03988051272649579,0,Normal,1,Severe
train,1890,69,SA01,SA01:F04_SA01_R03.txt,1,Fall,1,1,1,Severe,0.04914280666127191,0,Normal,1,Severe
train,1891,70,SA01,SA01:F04_SA01_R03.txt,1,Fall,1,1,1,Severe,0.05446579606632174,0,Normal,1,Severe
train,1892,71,SA01,SA01:F04_SA01_R03.txt,1,Fall,1,1,1,Severe,0.048899452912685604,0,Normal,1,Severe
train,1904,72,SA01,SA01:F04_SA01_R04.txt,1,Fall,1,1,1,Severe,0.015596431510419673,0,Normal,1,Severe
train,1905,73,SA01,SA01:F04_SA01_R04.txt,1,Fall,1,1,1,Severe,0.029642354012682337,0,Normal,1,Severe
train,1906,74,SA01,SA01:F04_SA01_R04.txt,1,Fall,1,1,1,Severe,0.03707978545290469,0,Normal,1,Severe
train,1907,75,SA01,SA01:F04_SA01_R04.txt,1,Fall,1,1,1,Severe,0.02527787088385658,0,Normal,1,Severe
train,1920,76,SA01,SA01:F04_SA01_R05.txt,1,Fall,1,1,1,Severe,0.06607039574137646,0,Normal,1,Severe
train,1921,77,SA01,SA01:F04_SA01_R05.txt,1,Fall,1,1,1,Severe,0.07207374742138345,0,Normal,1,Severe
train,1922,78,SA01,SA01:F04_SA01_R05.txt,1,Fall,1,1,1,Severe,0.07332978464900297,0,Normal,1,Severe
train,1923,79,SA01,SA01:F04_SA01_R05.txt,1,Fall,1,1,1,Severe,0.0567520534792762,0,Normal,1,Severe
train,1932,80,SA01,SA01:F05_SA01_R01.txt,1,Fall,1,1,1,Severe,0.04708891236439766,0,Normal,1,Severe
train,1933,81,SA01,SA01:F05_SA01_R01.txt,1,Fall,1,1,1,Severe,0.07520832598495752,0,Normal,1,Severe
train,1934,82,SA01,SA01:F05_SA01_R01.txt,1,Fall,1,1,1,Severe,0.08775134775896998,0,Normal,1,Severe
train,1935,83,SA01,SA01:F05_SA01_R01.txt,1,Fall,1,1,1,Severe,0.07093240393628664,0,Normal,1,Severe
train,1948,84,SA01,SA01:F05_SA01_R02.txt,1,Fall,1,1,1,Severe,-0.01695964559052321,1,Anomalous,-1,Non-applicable
train,1949,85,SA01,SA01:F05_SA01_R02.txt,1,Fall,1,1,1,Severe,0.0017660092208987566,0,Normal,1,Severe
train,1950,86,SA01,SA01:F05_SA01_R02.txt,1,Fall,1,1,1,Severe,0.014172190341735669,0,Normal,1,Severe
train,1951,87,SA01,SA01:F05_SA01_R02.txt,1,Fall,1,1,1,Severe,0.0017861546709184717,0,Normal,1,Severe
train,1963,88,SA01,SA01:F05_SA01_R03.txt,1,Fall,1,1,1,Severe,-0.062132688709743866,1,Anomalous,-1,Non-applicable
train,1964,89,SA01,SA01:F05_SA01_R03.txt,1,Fall,1,1,1,Severe,-0.041615978664158115,1,Anomalous,-1,Non-applicable
train,1965,90,SA01,SA01:F05_SA01_R03.txt,1,Fall,1,1,1,Severe,-0.030173387914820715,1,Anomalous,-1,Non-applicable
train,1966,91,SA01,SA01:F05_SA01_R03.txt,1,Fall,1,1,1,Severe,-0.030747578742553627,1,Anomalous,-1,Non-applicable
train,1978,92,SA01,SA01:F05_SA01_R04.txt,1,Fall,1,1,1,Severe,0.045627775985511154,0,Normal,1,Severe
train,1979,93,SA01,SA01:F05_SA01_R04.txt,1,Fall,1,1,1,Severe,0.05543411188308539,0,Normal,1,Severe
train,1980,94,SA01,SA01:F05_SA01_R04.txt,1,Fall,1,1,1,Severe,0.0711428089098119,0,Normal,1,Severe
train,1981,95,SA01,SA01:F05_SA01_R04.txt,1,Fall,1,1,1,Severe,0.07542229951655033,0,Normal,1,Severe
train,1993,96,SA01,SA01:F05_SA01_R05.txt,1,Fall,1,1,1,Severe,-0.04913393285219081,1,Anomalous,-1,Non-applicable
train,1994,97,SA01,SA01:F05_SA01_R05.txt,1,Fall,1,1,1,Severe,-0.06688082371780257,1,Anomalous,-1,Non-applicable
train,1995,98,SA01,SA01:F05_SA01_R05.txt,1,Fall,1,1,1,Severe,-0.06540786749871164,1,Anomalous,-1,Non-applicable
train,1996,99,SA01,SA01:F05_SA01_R05.txt,1,Fall,1,1,1,Severe,-0.06282139858537084,1,Anomalous,-1,Non-applicable
train,2009,100,SA01,SA01:F06_SA01_R01.txt,1,Fall,1,1,1,Severe,0.09075103371037391,0,Normal,1,Severe
train,2010,101,SA01,SA01:F06_SA01_R01.txt,1,Fall,1,1,1,Severe,0.10360164700718538,0,Normal,1,Severe
train,2011,102,SA01,SA01:F06_SA01_R01.txt,1,Fall,1,1,1,Severe,0.1018951842615457,0,Normal,1,Severe
train,2012,103,SA01,SA01:F06_SA01_R01.txt,1,Fall,1,1,1,Severe,0.10117555973111331,0,Normal,1,Severe
train,2024,104,SA01,SA01:F06_SA01_R02.txt,1,Fall,0,0,0,Mild,0.07790100420007129,0,Normal,0,Mild
train,2025,105,SA01,SA01:F06_SA01_R02.txt,1,Fall,0,0,0,Mild,0.0974678082430881,0,Normal,0,Mild
train,2026,106,SA01,SA01:F06_SA01_R02.txt,1,Fall,0,0,0,Mild,0.10146729861447146,0,Normal,0,Mild
train,2027,107,SA01,SA01:F06_SA01_R02.txt,1,Fall,0,0,0,Mild,0.10208360018172807,0,Normal,0,Mild
train,2040,108,SA01,SA01:F06_SA01_R03.txt,1,Fall,1,1,1,Severe,0.0849638870922157,0,Normal,1,Severe
train,2041,109,SA01,SA01:F06_SA01_R03.txt,1,Fall,1,1,1,Severe,0.07014948651645092,0,Normal,1,Severe
train,2042,110,SA01,SA01:F06_SA01_R03.txt,1,Fall,1,1,1,Severe,0.07931024694663197,0,Normal,1,Severe
train,2043,111,SA01,SA01:F06_SA01_R03.txt,1,Fall,1,1,1,Severe,0.08872593926908445,0,Normal,1,Severe
train,2054,112,SA01,SA01:F06_SA01_R04.txt,1,Fall,1,1,1,Severe,0.041244021541838816,0,Normal,1,Severe
train,2055,113,SA01,SA01:F06_SA01_R04.txt,1,Fall,1,1,1,Severe,0.03501317444047919,0,Normal,1,Severe
train,2056,114,SA01,SA01:F06_SA01_R04.txt,1,Fall,1,1,1,Severe,0.033470558643627524,0,Normal,1,Severe
train,2057,115,SA01,SA01:F06_SA01_R04.txt,1,Fall,1,1,1,Severe,0.027882774518805054,0,Normal,1,Severe
train,2071,116,SA01,SA01:F06_SA01_R05.txt,1,Fall,1,1,1,Severe,0.08834838733769124,0,Normal,1,Severe
train,2072,117,SA01,SA01:F06_SA01_R05.txt,1,Fall,1,1,1,Severe,0.08647933318319839,0,Normal,1,Severe
train,2073,118,SA01,SA01:F06_SA01_R05.txt,1,Fall,1,1,1,Severe,0.0981589988644635,0,Normal,1,Severe
train,2074,119,SA01,SA01:F06_SA01_R05.txt,1,Fall,1,1,1,Severe,0.09616346378814022,0,Normal,1,Severe
train,2084,120,SA01,SA01:F07_SA01_R01.txt,1,Fall,1,1,1,Severe,0.10312314540783102,0,Normal,1,Severe
train,2085,121,SA01,SA01:F07_SA01_R01.txt,1,Fall,1,1,1,Severe,0.11791385730967263,0,Normal,1,Severe
train,2086,122,SA01,SA01:F07_SA01_R01.txt,1,Fall,1,1,1,Severe,0.11835503288163857,0,Normal,1,Severe
train,2087,123,SA01,SA01:F07_SA01_R01.txt,1,Fall,1,1,1,Severe,0.10840862737987128,0,Normal,1,Severe
train,2102,124,SA01,SA01:F07_SA01_R02.txt,1,Fall,1,1,1,Severe,0.10795625878053672,0,Normal,1,Severe
train,2103,125,SA01,SA01:F07_SA01_R02.txt,1,Fall,1,1,1,Severe,0.11869927239387645,0,Normal,1,Severe
train,2104,126,SA01,SA01:F07_SA01_R02.txt,1,Fall,1,1,1,Severe,0.11251366353776948,0,Normal,1,Severe
train,2105,127,SA01,SA01:F07_SA01_R02.txt,1,Fall,0,0,0,Mild,0.1114630532111841,0,Normal,0,Mild
train,2118,128,SA01,SA01:F07_SA01_R03.txt,1,Fall,0,0,0,Mild,0.08692986000880903,0,Normal,0,Mild
train,2119,129,SA01,SA01:F07_SA01_R03.txt,1,Fall,0,0,0,Mild,0.0967895729303313,0,Normal,0,Mild
train,2120,130,SA01,SA01:F07_SA01_R03.txt,1,Fall,0,0,0,Mild,0.09115012993768001,0,Normal,0,Mild
train,2121,131,SA01,SA01:F07_SA01_R03.txt,1,Fall,0,0,0,Mild,0.07427448702034373,0,Normal,0,Mild
train,2131,132,SA01,SA01:F07_SA01_R04.txt,1,Fall,0,0,0,Mild,0.07815753122567537,0,Normal,0,Mild
train,2132,133,SA01,SA01:F07_SA01_R04.txt,1,Fall,1,1,1,Severe,0.10407257329920006,0,Normal,1,Severe
train,2133,134,SA01,SA01:F07_SA01_R04.txt,1,Fall,1,1,1,Severe,0.1115858003880168,0,Normal,1,Severe
train,2134,135,SA01,SA01:F07_SA01_R04.txt,1,Fall,1,1,1,Severe,0.11205317868904391,0,Normal,1,Severe
train,2145,136,SA01,SA01:F07_SA01_R05.txt,1,Fall,1,1,1,Severe,0.06283786287672127,0,Normal,1,Severe
train,2146,137,SA01,SA01:F07_SA01_R05.txt,1,Fall,1,1,1,Severe,0.07941947436253394,0,Normal,1,Severe
train,2147,138,SA01,SA01:F07_SA01_R05.txt,1,Fall,1,1,1,Severe,0.07584358620708676,0,Normal,1,Severe
train,2148,139,SA01,SA01:F07_SA01_R05.txt,1,Fall,1,1,1,Severe,0.05220611203140685,0,Normal,1,Severe
train,2157,140,SA01,SA01:F08_SA01_R01.txt,1,Fall,1,1,1,Severe,0.12280797962361151,0,Normal,1,Severe
train,2158,141,SA01,SA01:F08_SA01_R01.txt,1,Fall,1,1,1,Severe,0.1256470822802434,0,Normal,1,Severe
train,2159,142,SA01,SA01:F08_SA01_R01.txt,1,Fall,1,1,1,Severe,0.11648562650715422,0,Normal,1,Severe
train,2160,143,SA01,SA01:F08_SA01_R01.txt,1,Fall,1,1,1,Severe,0.09482398881810528,0,Normal,1,Severe
train,2172,144,SA01,SA01:F08_SA01_R02.txt,1,Fall,1,1,1,Severe,0.11742958010446414,0,Normal,1,Severe
train,2173,145,SA01,SA01:F08_SA01_R02.txt,1,Fall,1,1,1,Severe,0.12157330806080197,0,Normal,1,Severe
train,2174,146,SA01,SA01:F08_SA01_R02.txt,1,Fall,1,1,1,Severe,0.10892072346976739,0,Normal,1,Severe
train,2175,147,SA01,SA01:F08_SA01_R02.txt,1,Fall,1,1,1,Severe,0.08885674341013405,0,Normal,1,Severe
train,2189,148,SA01,SA01:F08_SA01_R03.txt,1,Fall,1,1,1,Severe,0.12977061523107236,0,Normal,1,Severe
train,2190,149,SA01,SA01:F08_SA01_R03.txt,1,Fall,1,1,1,Severe,0.12764799900658003,0,Normal,1,Severe
train,2191,150,SA01,SA01:F08_SA01_R03.txt,1,Fall,1,1,1,Severe,0.11936352818823937,0,Normal,1,Severe
train,2192,151,SA01,SA01:F08_SA01_R03.txt,1,Fall,1,1,1,Severe,0.05151017588094059,0,Normal,1,Severe
train,2204,152,SA01,SA01:F08_SA01_R04.txt,1,Fall,1,1,1,Severe,0.11323409740958323,0,Normal,1,Severe
train,2205,153,SA01,SA01:F08_SA01_R04.txt,1,Fall,1,1,1,Severe,0.11219013230378932,0,Normal,1,Severe
train,2206,154,SA01,SA01:F08_SA01_R04.txt,1,Fall,1,1,1,Severe,0.11293799400381876,0,Normal,1,Severe
train,2207,155,SA01,SA01:F08_SA01_R04.txt,1,Fall,1,1,1,Severe,0.09580998315242117,0,Normal,1,Severe
train,2220,156,SA01,SA01:F08_SA01_R05.txt,1,Fall,1,1,1,Severe,0.11524329638958325,0,Normal,1,Severe
train,2221,157,SA01,SA01:F08_SA01_R05.txt,1,Fall,1,1,1,Severe,0.11255233568510475,0,Normal,1,Severe
train,2222,158,SA01,SA01:F08_SA01_R05.txt,1,Fall,1,1,1,Severe,0.09869074303275455,0,Normal,1,Severe
train,2223,159,SA01,SA01:F08_SA01_R05.txt,1,Fall,1,1,1,Severe,0.0309431521364969,0,Normal,1,Severe
train,2232,160,SA01,SA01:F09_SA01_R01.txt,1,Fall,1,1,1,Severe,0.10481249624394628,0,Normal,1,Severe
train,2233,161,SA01,SA01:F09_SA01_R01.txt,1,Fall,1,1,1,Severe,0.12102659924623882,0,Normal,1,Severe
train,2234,162,SA01,SA01:F09_SA01_R01.txt,1,Fall,1,1,1,Severe,0.10928589382563747,0,Normal,1,Severe
train,2235,163,SA01,SA01:F09_SA01_R01.txt,1,Fall,1,1,1,Severe,0.09489597105765363,0,Normal,1,Severe
train,2251,164,SA01,SA01:F09_SA01_R02.txt,1,Fall,1,1,1,Severe,0.11652871100814338,0,Normal,1,Severe
train,2252,165,SA01,SA01:F09_SA01_R02.txt,1,Fall,1,1,1,Severe,0.11375692898065437,0,Normal,1,Severe
train,2253,166,SA01,SA01:F09_SA01_R02.txt,1,Fall,1,1,1,Severe,0.09324147536411381,0,Normal,1,Severe
train,2254,167,SA01,SA01:F09_SA01_R02.txt,1,Fall,1,1,1,Severe,0.06151192720066134,0,Normal,1,Severe
train,2264,168,SA01,SA01:F09_SA01_R03.txt,1,Fall,1,1,1,Severe,0.10844004717111727,0,Normal,1,Severe
train,2265,169,SA01,SA01:F09_SA01_R03.txt,1,Fall,1,1,1,Severe,0.11310758167990026,0,Normal,1,Severe
train,2266,170,SA01,SA01:F09_SA01_R03.txt,1,Fall,1,1,1,Severe,0.08882056838440855,0,Normal,1,Severe
train,2267,171,SA01,SA01:F09_SA01_R03.txt,1,Fall,1,1,1,Severe,0.07318122008601619,0,Normal,1,Severe
train,2282,172,SA01,SA01:F09_SA01_R04.txt,1,Fall,1,1,1,Severe,0.11487834365968702,0,Normal,1,Severe
train,2283,173,SA01,SA01:F09_SA01_R04.txt,1,Fall,1,1,1,Severe,0.11308746653144625,0,Normal,1,Severe
train,2284,174,SA01,SA01:F09_SA01_R04.txt,1,Fall,1,1,1,Severe,0.10120068710058028,0,Normal,1,Severe
train,2285,175,SA01,SA01:F09_SA01_R04.txt,1,Fall,1,1,1,Severe,0.09056500763356651,0,Normal,1,Severe
train,2294,176,SA01,SA01:F09_SA01_R05.txt,1,Fall,0,0,0,Mild,0.07352668837710785,0,Normal,0,Mild
train,2295,177,SA01,SA01:F09_SA01_R05.txt,1,Fall,1,1,1,Severe,0.12922501558704463,0,Normal,1,Severe
train,2296,178,SA01,SA01:F09_SA01_R05.txt,1,Fall,1,1,1,Severe,0.12217496692769725,0,Normal,1,Severe
train,2297,179,SA01,SA01:F09_SA01_R05.txt,1,Fall,1,1,1,Severe,0.10799018295703539,0,Normal,1,Severe
train,2305,180,SA01,SA01:F10_SA01_R01.txt,1,Fall,1,1,1,Severe,0.11674813016058505,0,Normal,1,Severe
train,2306,181,SA01,SA01:F10_SA01_R01.txt,1,Fall,1,1,1,Severe,0.11491875239502819,0,Normal,1,Severe
train,2307,182,SA01,SA01:F10_SA01_R01.txt,1,Fall,1,1,1,Severe,0.11617209828213759,0,Normal,1,Severe
train,2308,183,SA01,SA01:F10_SA01_R01.txt,1,Fall,1,1,1,Severe,0.10736974191777854,0,Normal,1,Severe
train,2325,184,SA01,SA01:F10_SA01_R02.txt,1,Fall,1,1,1,Severe,0.08279669451208804,0,Normal,1,Severe
train,2326,185,SA01,SA01:F10_SA01_R02.txt,1,Fall,1,1,1,Severe,0.08960342620102718,0,Normal,1,Severe
train,2327,186,SA01,SA01:F10_SA01_R02.txt,1,Fall,1,1,1,Severe,0.09488053712858735,0,Normal,1,Severe
train,2328,187,SA01,SA01:F10_SA01_R02.txt,1,Fall,1,1,1,Severe,0.0947565721265563,0,Normal,1,Severe
train,2340,188,SA01,SA01:F10_SA01_R03.txt,1,Fall,1,1,1,Severe,0.10959744320598663,0,Normal,1,Severe
train,2341,189,SA01,SA01:F10_SA01_R03.txt,1,Fall,1,1,1,Severe,0.10620072737483566,0,Normal,1,Severe
train,2342,190,SA01,SA01:F10_SA01_R03.txt,1,Fall,1,1,1,Severe,0.09375126229352393,0,Normal,1,Severe
train,2343,191,SA01,SA01:F10_SA01_R03.txt,1,Fall,1,1,1,Severe,0.02433056325343952,0,Normal,1,Severe
train,2354,192,SA01,SA01:F10_SA01_R04.txt,1,Fall,1,1,1,Severe,0.06913111820874307,0,Normal,1,Severe
train,2355,193,SA01,SA01:F10_SA01_R04.txt,1,Fall,1,1,1,Severe,0.09189637896367886,0,Normal,1,Severe
train,2356,194,SA01,SA01:F10_SA01_R04.txt,1,Fall,1,1,1,Severe,0.09401848455809714,0,Normal,1,Severe
train,2357,195,SA01,SA01:F10_SA01_R04.txt,1,Fall,1,1,1,Severe,0.09347582923604958,0,Normal,1,Severe
train,2369,196,SA01,SA01:F10_SA01_R05.txt,1,Fall,1,1,1,Severe,0.11254776288078205,0,Normal,1,Severe
train,2370,197,SA01,SA01:F10_SA01_R05.txt,1,Fall,1,1,1,Severe,0.10789953942391878,0,Normal,1,Severe
train,2371,198,SA01,SA01:F10_SA01_R05.txt,1,Fall,1,1,1,Severe,0.08752085339763288,0,Normal,1,Severe
train,2372,199,SA01,SA01:F10_SA01_R05.txt,1,Fall,1,1,1,Severe,0.014201844549154297,0,Normal,1,Severe
train,2384,200,SA01,SA01:F11_SA01_R01.txt,1,Fall,0,0,0,Mild,0.04642253932269236,0,Normal,0,Mild
train,2385,201,SA01,SA01:F11_SA01_R01.txt,1,Fall,0,0,0,Mild,0.0590941512904849,0,Normal,0,Mild
train,2386,202,SA01,SA01:F11_SA01_R01.txt,1,Fall,0,0,0,Mild,0.05973593349170636,0,Normal,0,Mild
train,2387,203,SA01,SA01:F11_SA01_R01.txt,1,Fall,0,0,0,Mild,0.042822062665711425,0,Normal,0,Mild
train,2397,204,SA01,SA01:F11_SA01_R02.txt,1,Fall,0,0,0,Mild,0.046843675856164224,0,Normal,0,Mild
train,2398,205,SA01,SA01:F11_SA01_R02.txt,1,Fall,0,0,0,Mild,0.05352802155950953,0,Normal,0,Mild
train,2399,206,SA01,SA01:F11_SA01_R02.txt,1,Fall,0,0,0,Mild,0.04879420500273185,0,Normal,0,Mild
train,2400,207,SA01,SA01:F11_SA01_R02.txt,1,Fall,0,0,0,Mild,0.04020973678508155,0,Normal,0,Mild
train,2415,208,SA01,SA01:F11_SA01_R03.txt,1,Fall,0,0,0,Mild,0.017405450733734118,0,Normal,0,Mild
train,2416,209,SA01,SA01:F11_SA01_R03.txt,1,Fall,0,0,0,Mild,0.030456769622388413,0,Normal,0,Mild
train,2417,210,SA01,SA01:F11_SA01_R03.txt,1,Fall,0,0,0,Mild,0.029640508461304282,0,Normal,0,Mild
train,2418,211,SA01,SA01:F11_SA01_R03.txt,1,Fall,0,0,0,Mild,0.029462092573293353,0,Normal,0,Mild
train,2427,212,SA01,SA01:F11_SA01_R04.txt,1,Fall,0,0,0,Mild,0.025321743935838525,0,Normal,0,Mild
train,2428,213,SA01,SA01:F11_SA01_R04.txt,1,Fall,0,0,0,Mild,0.06507920228053643,0,Normal,0,Mild
train,2429,214,SA01,SA01:F11_SA01_R04.txt,1,Fall,0,0,0,Mild,0.0650771605571358,0,Normal,0,Mild
train,2430,215,SA01,SA01:F11_SA01_R04.txt,1,Fall,0,0,0,Mild,0.05558601543046754,0,Normal,0,Mild
train,2443,216,SA01,SA01:F11_SA01_R05.txt,1,Fall,0,0,0,Mild,0.0254224765915938,0,Normal,0,Mild
train,2444,217,SA01,SA01:F11_SA01_R05.txt,1,Fall,0,0,0,Mild,0.0634783033437562,0,Normal,0,Mild
train,2445,218,SA01,SA01:F11_SA01_R05.txt,1,Fall,0,0,0,Mild,0.07594479161427126,0,Normal,0,Mild
train,2446,219,SA01,SA01:F11_SA01_R05.txt,1,Fall,0,0,0,Mild,0.0664459712992162,0,Normal,0,Mild
train,2457,220,SA01,SA01:F12_SA01_R01.txt,1,Fall,1,1,1,Severe,0.1127636369248004,0,Normal,1,Severe
train,2458,221,SA01,SA01:F12_SA01_R01.txt,1,Fall,1,1,1,Severe,0.1234387800910759,0,Normal,1,Severe
train,2459,222,SA01,SA01:F12_SA01_R01.txt,1,Fall,1,1,1,Severe,0.12894614215221006,0,Normal,1,Severe
train,2460,223,SA01,SA01:F12_SA01_R01.txt,1,Fall,0,0,0,Mild,0.08226388851577043,0,Normal,0,Mild
train,2474,224,SA01,SA01:F12_SA01_R02.txt,1,Fall,0,0,0,Mild,0.10788597685698609,0,Normal,0,Mild
train,2475,225,SA01,SA01:F12_SA01_R02.txt,1,Fall,0,0,0,Mild,0.11482614128939661,0,Normal,0,Mild
train,2476,226,SA01,SA01:F12_SA01_R02.txt,1,Fall,0,0,0,Mild,0.11615122172246783,0,Normal,0,Mild
train,2477,227,SA01,SA01:F12_SA01_R02.txt,1,Fall,0,0,0,Mild,0.07025408412796602,0,Normal,0,Mild
train,2487,228,SA01,SA01:F12_SA01_R03.txt,1,Fall,1,1,1,Severe,0.11069033458111988,0,Normal,1,Severe
train,2488,229,SA01,SA01:F12_SA01_R03.txt,1,Fall,1,1,1,Severe,0.1189889970646465,0,Normal,1,Severe
train,2489,230,SA01,SA01:F12_SA01_R03.txt,1,Fall,1,1,1,Severe,0.12236908187305695,0,Normal,1,Severe
train,2490,231,SA01,SA01:F12_SA01_R03.txt,1,Fall,1,1,1,Severe,0.08370721166462819,0,Normal,1,Severe
train,2502,232,SA01,SA01:F12_SA01_R04.txt,1,Fall,0,0,0,Mild,0.08505677286449553,0,Normal,0,Mild
train,2503,233,SA01,SA01:F12_SA01_R04.txt,1,Fall,1,1,1,Severe,0.11321340509489847,0,Normal,1,Severe
train,2504,234,SA01,SA01:F12_SA01_R04.txt,1,Fall,1,1,1,Severe,0.12131606604250345,0,Normal,1,Severe
train,2505,235,SA01,SA01:F12_SA01_R04.txt,1,Fall,1,1,1,Severe,0.11474899848069076,0,Normal,1,Severe
train,2518,236,SA01,SA01:F12_SA01_R05.txt,1,Fall,0,0,0,Mild,0.1035433390769126,0,Normal,0,Mild
train,2519,237,SA01,SA01:F12_SA01_R05.txt,1,Fall,0,0,0,Mild,0.10487331564054353,0,Normal,0,Mild
train,2520,238,SA01,SA01:F12_SA01_R05.txt,1,Fall,0,0,0,Mild,0.10505750129938957,0,Normal,0,Mild
train,2521,239,SA01,SA01:F12_SA01_R05.txt,1,Fall,0,0,0,Mild,0.08594960331148649,0,Normal,0,Mild
train,2531,240,SA01,SA01:F13_SA01_R01.txt,1,Fall,1,1,1,Severe,0.11243624585552076,0,Normal,1,Severe
train,2532,241,SA01,SA01:F13_SA01_R01.txt,1,Fall,1,1,1,Severe,0.12589366331824958,0,Normal,1,Severe
train,2533,242,SA01,SA01:F13_SA01_R01.txt,1,Fall,1,1,1,Severe,0.13239895606329466,0,Normal,1,Severe
train,2534,243,SA01,SA01:F13_SA01_R01.txt,1,Fall,1,1,1,Severe,0.1121168741541762,0,Normal,1,Severe
train,2548,244,SA01,SA01:F13_SA01_R02.txt,1,Fall,1,1,1,Severe,0.10938388988687203,0,Normal,1,Severe
train,2549,245,SA01,SA01:F13_SA01_R02.txt,1,Fall,1,1,1,Severe,0.10613628328107172,0,Normal,1,Severe
train,2550,246,SA01,SA01:F13_SA01_R02.txt,1,Fall,1,1,1,Severe,0.0928876452352182,0,Normal,1,Severe
train,2551,247,SA01,SA01:F13_SA01_R02.txt,1,Fall,1,1,1,Severe,0.023591698774931058,0,Normal,1,Severe
train,2563,248,SA01,SA01:F13_SA01_R03.txt,1,Fall,0,0,0,Mild,0.1112816113504278,0,Normal,0,Mild
train,2564,249,SA01,SA01:F13_SA01_R03.txt,1,Fall,1,1,1,Severe,0.11645493573466131,0,Normal,1,Severe
train,2565,250,SA01,SA01:F13_SA01_R03.txt,1,Fall,1,1,1,Severe,0.11199161660051904,0,Normal,1,Severe
train,2566,251,SA01,SA01:F13_SA01_R03.txt,1,Fall,1,1,1,Severe,0.0807343290561946,0,Normal,1,Severe
train,2578,252,SA01,SA01:F13_SA01_R04.txt,1,Fall,0,0,0,Mild,0.05913819670088333,0,Normal,0,Mild
train,2579,253,SA01,SA01:F13_SA01_R04.txt,1,Fall,0,0,0,Mild,0.0998107198502845,0,Normal,0,Mild
train,2580,254,SA01,SA01:F13_SA01_R04.txt,1,Fall,1,1,1,Severe,0.10232067076937867,0,Normal,1,Severe
train,2581,255,SA01,SA01:F13_SA01_R04.txt,1,Fall,1,1,1,Severe,0.08508756794963929,0,Normal,1,Severe
train,2594,256,SA01,SA01:F13_SA01_R05.txt,1,Fall,0,0,0,Mild,0.07936663489172802,0,Normal,0,Mild
train,2595,257,SA01,SA01:F13_SA01_R05.txt,1,Fall,0,0,0,Mild,0.11243357794545655,0,Normal,0,Mild
train,2596,258,SA01,SA01:F13_SA01_R05.txt,1,Fall,0,0,0,Mild,0.1062681324051537,0,Normal,0,Mild
train,2597,259,SA01,SA01:F13_SA01_R05.txt,1,Fall,0,0,0,Mild,0.07025379347179139,0,Normal,0,Mild
train,2608,260,SA01,SA01:F14_SA01_R01.txt,1,Fall,1,1,1,Severe,0.07825230920840998,0,Normal,1,Severe
train,2609,261,SA01,SA01:F14_SA01_R01.txt,1,Fall,1,1,1,Severe,0.10343113341538734,0,Normal,1,Severe
train,2610,262,SA01,SA01:F14_SA01_R01.txt,1,Fall,1,1,1,Severe,0.10873627999901131,0,Normal,1,Severe
train,2611,263,SA01,SA01:F14_SA01_R01.txt,1,Fall,1,1,1,Severe,0.0992941094168227,0,Normal,1,Severe
train,2622,264,SA01,SA01:F14_SA01_R02.txt,1,Fall,0,0,0,Mild,0.038401473631525684,0,Normal,0,Mild
train,2623,265,SA01,SA01:F14_SA01_R02.txt,1,Fall,0,0,0,Mild,0.06048222456386382,0,Normal,0,Mild
train,2624,266,SA01,SA01:F14_SA01_R02.txt,1,Fall,0,0,0,Mild,0.05901191234699277,0,Normal,0,Mild
train,2625,267,SA01,SA01:F14_SA01_R02.txt,1,Fall,0,0,0,Mild,0.04644485187111436,0,Normal,0,Mild
train,2640,268,SA01,SA01:F14_SA01_R03.txt,1,Fall,0,0,0,Mild,0.060586616305805585,0,Normal,0,Mild
train,2641,269,SA01,SA01:F14_SA01_R03.txt,1,Fall,0,0,0,Mild,0.065900821063962,0,Normal,0,Mild
train,2642,270,SA01,SA01:F14_SA01_R03.txt,1,Fall,0,0,0,Mild,0.0666012747447921,0,Normal,0,Mild
train,2643,271,SA01,SA01:F14_SA01_R03.txt,1,Fall,0,0,0,Mild,0.04983252540264982,0,Normal,0,Mild
train,2656,272,SA01,SA01:F14_SA01_R04.txt,1,Fall,0,0,0,Mild,0.057241122286280643,0,Normal,0,Mild
train,2657,273,SA01,SA01:F14_SA01_R04.txt,1,Fall,0,0,0,Mild,0.0640331237659218,0,Normal,0,Mild
train,2658,274,SA01,SA01:F14_SA01_R04.txt,1,Fall,0,0,0,Mild,0.06418913050335917,0,Normal,0,Mild
train,2659,275,SA01,SA01:F14_SA01_R04.txt,1,Fall,0,0,0,Mild,0.04484901834907368,0,Normal,0,Mild
train,2670,276,SA01,SA01:F14_SA01_R05.txt,1,Fall,0,0,0,Mild,0.058898212392958726,0,Normal,0,Mild
train,2671,277,SA01,SA01:F14_SA01_R05.txt,1,Fall,0,0,0,Mild,0.06252187545235738,0,Normal,0,Mild
train,2672,278,SA01,SA01:F14_SA01_R05.txt,1,Fall,0,0,0,Mild,0.05627724132525774,0,Normal,0,Mild
train,2673,279,SA01,SA01:F14_SA01_R05.txt,1,Fall,0,0,0,Mild,0.04158413878997003,0,Normal,0,Mild
train,2683,280,SA01,SA01:F15_SA01_R01.txt,1,Fall,1,1,1,Severe,0.10569497157545032,0,Normal,1,Severe
train,2684,281,SA01,SA01:F15_SA01_R01.txt,1,Fall,1,1,1,Severe,0.10892636095771185,0,Normal,1,Severe
train,2685,282,SA01,SA01:F15_SA01_R01.txt,1,Fall,1,1,1,Severe,0.09482199764288107,0,Normal,1,Severe
train,2686,283,SA01,SA01:F15_SA01_R01.txt,1,Fall,1,1,1,Severe,0.058022943397023796,0,Normal,1,Severe
train,2699,284,SA01,SA01:F15_SA01_R02.txt,1,Fall,1,1,1,Severe,0.09329054586499852,0,Normal,1,Severe
train,2700,285,SA01,SA01:F15_SA01_R02.txt,1,Fall,1,1,1,Severe,0.09984072382701031,0,Normal,1,Severe
train,2701,286,SA01,SA01:F15_SA01_R02.txt,1,Fall,1,1,1,Severe,0.091995645984978,0,Normal,1,Severe
train,2702,287,SA01,SA01:F15_SA01_R02.txt,1,Fall,1,1,1,Severe,0.054423156729751065,0,Normal,1,Severe
train,2714,288,SA01,SA01:F15_SA01_R03.txt,1,Fall,1,1,1,Severe,0.10398878046600857,0,Normal,1,Severe
train,2715,289,SA01,SA01:F15_SA01_R03.txt,1,Fall,1,1,1,Severe,0.10585886081441748,0,Normal,1,Severe
train,2716,290,SA01,SA01:F15_SA01_R03.txt,1,Fall,1,1,1,Severe,0.09853499995554404,0,Normal,1,Severe
train,2717,291,SA01,SA01:F15_SA01_R03.txt,1,Fall,1,1,1,Severe,0.04545336254733212,0,Normal,1,Severe
train,2729,292,SA01,SA01:F15_SA01_R04.txt,1,Fall,1,1,1,Severe,0.09816268777668113,0,Normal,1,Severe
train,2730,293,SA01,SA01:F15_SA01_R04.txt,1,Fall,1,1,1,Severe,0.11203152478745487,0,Normal,1,Severe
train,2731,294,SA01,SA01:F15_SA01_R04.txt,1,Fall,1,1,1,Severe,0.11058000920377065,0,Normal,1,Severe
train,2732,295,SA01,SA01:F15_SA01_R04.txt,1,Fall,1,1,1,Severe,0.0940133506913054,0,Normal,1,Severe
train,2741,296,SA01,SA01:F15_SA01_R05.txt,1,Fall,1,1,1,Severe,0.11084390511912456,0,Normal,1,Severe
train,2742,297,SA01,SA01:F15_SA01_R05.txt,1,Fall,1,1,1,Severe,0.12055928663191717,0,Normal,1,Severe
train,2743,298,SA01,SA01:F15_SA01_R05.txt,1,Fall,1,1,1,Severe,0.12035595273511834,0,Normal,1,Severe
train,2744,299,SA01,SA01:F15_SA01_R05.txt,1,Fall,1,1,1,Severe,0.09851352625851378,0,Normal,1,Severe
train,4391,300,SA04,SA04:F01_SA04_R01.txt,1,Fall,1,1,1,Severe,0.07814353350602865,0,Normal,1,Severe
train,4392,301,SA04,SA04:F01_SA04_R01.txt,1,Fall,1,1,1,Severe,0.08259271092301118,0,Normal,1,Severe
train,4393,302,SA04,SA04:F01_SA04_R01.txt,1,Fall,1,1,1,Severe,0.08161612567787285,0,Normal,1,Severe
train,4394,303,SA04,SA04:F01_SA04_R01.txt,1,Fall,1,1,1,Severe,0.07346158890678978,0,Normal,1,Severe
train,4405,304,SA04,SA04:F01_SA04_R02.txt,1,Fall,1,1,1,Severe,0.04322238189586902,0,Normal,1,Severe
train,4406,305,SA04,SA04:F01_SA04_R02.txt,1,Fall,1,1,1,Severe,0.033794155504169865,0,Normal,1,Severe
train,4407,306,SA04,SA04:F01_SA04_R02.txt,1,Fall,1,1,1,Severe,0.041040494919272474,0,Normal,1,Severe
train,4408,307,SA04,SA04:F01_SA04_R02.txt,1,Fall,1,1,1,Severe,0.03819841946860436,0,Normal,1,Severe
train,4420,308,SA04,SA04:F01_SA04_R03.txt,1,Fall,1,1,1,Severe,0.11802076033958031,0,Normal,1,Severe
train,4421,309,SA04,SA04:F01_SA04_R03.txt,1,Fall,1,1,1,Severe,0.12326609319567239,0,Normal,1,Severe
train,4422,310,SA04,SA04:F01_SA04_R03.txt,1,Fall,1,1,1,Severe,0.11345609373606269,0,Normal,1,Severe
train,4423,311,SA04,SA04:F01_SA04_R03.txt,1,Fall,0,0,0,Mild,0.06664503301351354,0,Normal,0,Mild
train,4435,312,SA04,SA04:F01_SA04_R04.txt,1,Fall,1,1,1,Severe,-0.0033628911894851843,1,Anomalous,-1,Non-applicable
train,4436,313,SA04,SA04:F01_SA04_R04.txt,1,Fall,1,1,1,Severe,-0.001574489211619512,1,Anomalous,-1,Non-applicable
train,4437,314,SA04,SA04:F01_SA04_R04.txt,1,Fall,1,1,1,Severe,-0.002605366470505799,1,Anomalous,-1,Non-applicable
train,4438,315,SA04,SA04:F01_SA04_R04.txt,1,Fall,1,1,1,Severe,0.06230634078771663,0,Normal,1,Severe
train,4450,316,SA04,SA04:F01_SA04_R05.txt,1,Fall,1,1,1,Severe,0.08650096699420584,0,Normal,1,Severe
train,4451,317,SA04,SA04:F01_SA04_R05.txt,1,Fall,1,1,1,Severe,0.0965685997809852,0,Normal,1,Severe
train,4452,318,SA04,SA04:F01_SA04_R05.txt,1,Fall,1,1,1,Severe,0.09511581928171775,0,Normal,1,Severe
train,4453,319,SA04,SA04:F01_SA04_R05.txt,1,Fall,1,1,1,Severe,0.07451513770335111,0,Normal,1,Severe
train,4461,320,SA04,SA04:F02_SA04_R01.txt,1,Fall,1,1,1,Severe,0.08641288907705419,0,Normal,1,Severe
train,4462,321,SA04,SA04:F02_SA04_R01.txt,1,Fall,1,1,1,Severe,0.1062373058182502,0,Normal,1,Severe
train,4463,322,SA04,SA04:F02_SA04_R01.txt,1,Fall,1,1,1,Severe,0.11397068294648682,0,Normal,1,Severe
train,4464,323,SA04,SA04:F02_SA04_R01.txt,1,Fall,1,1,1,Severe,0.10448588866595981,0,Normal,1,Severe
train,4478,324,SA04,SA04:F02_SA04_R02.txt,1,Fall,1,1,1,Severe,0.09211954545007722,0,Normal,1,Severe
train,4479,325,SA04,SA04:F02_SA04_R02.txt,1,Fall,1,1,1,Severe,0.09035929259815162,0,Normal,1,Severe
train,4480,326,SA04,SA04:F02_SA04_R02.txt,1,Fall,1,1,1,Severe,0.0870942206120861,0,Normal,1,Severe
train,4481,327,SA04,SA04:F02_SA04_R02.txt,1,Fall,1,1,1,Severe,0.09103998216781717,0,Normal,1,Severe
train,4492,328,SA04,SA04:F02_SA04_R03.txt,1,Fall,0,0,0,Mild,0.08563408923002092,0,Normal,0,Mild
train,4493,329,SA04,SA04:F02_SA04_R03.txt,1,Fall,0,0,0,Mild,0.08911897288577447,0,Normal,0,Mild
train,4494,330,SA04,SA04:F02_SA04_R03.txt,1,Fall,0,0,0,Mild,0.09116586055078463,0,Normal,0,Mild
train,4495,331,SA04,SA04:F02_SA04_R03.txt,1,Fall,0,0,0,Mild,0.08630398366130237,0,Normal,0,Mild
train,4505,332,SA04,SA04:F02_SA04_R04.txt,1,Fall,0,0,0,Mild,0.08378666955041952,0,Normal,0,Mild
train,4506,333,SA04,SA04:F02_SA04_R04.txt,1,Fall,0,0,0,Mild,0.0861202793531235,0,Normal,0,Mild
train,4507,334,SA04,SA04:F02_SA04_R04.txt,1,Fall,0,0,0,Mild,0.08371168432385906,0,Normal,0,Mild
train,4508,335,SA04,SA04:F02_SA04_R04.txt,1,Fall,0,0,0,Mild,0.0760658820693253,0,Normal,0,Mild
train,4522,336,SA04,SA04:F02_SA04_R05.txt,1,Fall,0,0,0,Mild,0.066906606745537,0,Normal,0,Mild
train,4523,337,SA04,SA04:F02_SA04_R05.txt,1,Fall,0,0,0,Mild,0.06905970648783388,0,Normal,0,Mild
train,4524,338,SA04,SA04:F02_SA04_R05.txt,1,Fall,0,0,0,Mild,0.07017526086437148,0,Normal,0,Mild
train,4525,339,SA04,SA04:F02_SA04_R05.txt,1,Fall,0,0,0,Mild,0.07138517493060909,0,Normal,0,Mild
train,4536,340,SA04,SA04:F03_SA04_R01.txt,1,Fall,1,1,1,Severe,0.04103881907638013,0,Normal,1,Severe
train,4537,341,SA04,SA04:F03_SA04_R01.txt,1,Fall,1,1,1,Severe,0.029262882340931773,0,Normal,1,Severe
train,4538,342,SA04,SA04:F03_SA04_R01.txt,1,Fall,1,1,1,Severe,0.03565690733465665,0,Normal,1,Severe
train,4539,343,SA04,SA04:F03_SA04_R01.txt,1,Fall,1,1,1,Severe,0.028072992724201162,0,Normal,1,Severe
train,4550,344,SA04,SA04:F03_SA04_R02.txt,1,Fall,1,1,1,Severe,0.0402163986679272,0,Normal,1,Severe
train,4551,345,SA04,SA04:F03_SA04_R02.txt,1,Fall,1,1,1,Severe,0.043239850745346364,0,Normal,1,Severe
train,4552,346,SA04,SA04:F03_SA04_R02.txt,1,Fall,1,1,1,Severe,0.0441767197619492,0,Normal,1,Severe
train,4553,347,SA04,SA04:F03_SA04_R02.txt,1,Fall,1,1,1,Severe,0.03655327402766412,0,Normal,1,Severe
train,4566,348,SA04,SA04:F03_SA04_R03.txt,1,Fall,1,1,1,Severe,0.04072375222017788,0,Normal,1,Severe
train,4567,349,SA04,SA04:F03_SA04_R03.txt,1,Fall,1,1,1,Severe,0.06419281385998055,0,Normal,1,Severe
train,4568,350,SA04,SA04:F03_SA04_R03.txt,1,Fall,1,1,1,Severe,0.07139294325700068,0,Normal,1,Severe
train,4569,351,SA04,SA04:F03_SA04_R03.txt,1,Fall,1,1,1,Severe,0.06619523814905459,0,Normal,1,Severe
train,4582,352,SA04,SA04:F03_SA04_R04.txt,1,Fall,1,1,1,Severe,0.041751237074792724,0,Normal,1,Severe
train,4583,353,SA04,SA04:F03_SA04_R04.txt,1,Fall,1,1,1,Severe,0.018787865349469746,0,Normal,1,Severe
train,4584,354,SA04,SA04:F03_SA04_R04.txt,1,Fall,1,1,1,Severe,0.024171938176021257,0,Normal,1,Severe
train,4585,355,SA04,SA04:F03_SA04_R04.txt,1,Fall,1,1,1,Severe,0.023807325427871118,0,Normal,1,Severe
train,4597,356,SA04,SA04:F03_SA04_R05.txt,1,Fall,1,1,1,Severe,0.0690774556701198,0,Normal,1,Severe
train,4598,357,SA04,SA04:F03_SA04_R05.txt,1,Fall,1,1,1,Severe,0.06908327926646862,0,Normal,1,Severe
train,4599,358,SA04,SA04:F03_SA04_R05.txt,1,Fall,1,1,1,Severe,0.06636910460106454,0,Normal,1,Severe
train,4600,359,SA04,SA04:F03_SA04_R05.txt,1,Fall,1,1,1,Severe,0.05968058049009167,0,Normal,1,Severe
train,4614,360,SA04,SA04:F04_SA04_R01.txt,1,Fall,0,0,0,Mild,0.09076771919807908,0,Normal,0,Mild
train,4615,361,SA04,SA04:F04_SA04_R01.txt,1,Fall,0,0,0,Mild,0.10339661009134021,0,Normal,0,Mild
train,4616,362,SA04,SA04:F04_SA04_R01.txt,1,Fall,0,0,0,Mild,0.1040585387503889,0,Normal,0,Mild
train,4617,363,SA04,SA04:F04_SA04_R01.txt,1,Fall,0,0,0,Mild,0.0961502177533311,0,Normal,0,Mild
train,4629,364,SA04,SA04:F04_SA04_R02.txt,1,Fall,1,1,1,Severe,0.042539294523347204,0,Normal,1,Severe
train,4630,365,SA04,SA04:F04_SA04_R02.txt,1,Fall,1,1,1,Severe,0.04700328245410146,0,Normal,1,Severe
train,4631,366,SA04,SA04:F04_SA04_R02.txt,1,Fall,1,1,1,Severe,0.040880007048447076,0,Normal,1,Severe
train,4632,367,SA04,SA04:F04_SA04_R02.txt,1,Fall,1,1,1,Severe,0.026104665014664907,0,Normal,1,Severe
train,4645,368,SA04,SA04:F04_SA04_R03.txt,1,Fall,1,1,1,Severe,0.055828996324301716,0,Normal,1,Severe
train,4646,369,SA04,SA04:F04_SA04_R03.txt,1,Fall,1,1,1,Severe,0.063341272372964,0,Normal,1,Severe
train,4647,370,SA04,SA04:F04_SA04_R03.txt,1,Fall,1,1,1,Severe,0.05950758978042464,0,Normal,1,Severe
train,4648,371,SA04,SA04:F04_SA04_R03.txt,1,Fall,1,1,1,Severe,0.0516249901101945,0,Normal,1,Severe
train,4659,372,SA04,SA04:F04_SA04_R04.txt,1,Fall,0,0,0,Mild,0.0810466810180352,0,Normal,0,Mild
train,4660,373,SA04,SA04:F04_SA04_R04.txt,1,Fall,0,0,0,Mild,0.08659762863381382,0,Normal,0,Mild
train,4661,374,SA04,SA04:F04_SA04_R04.txt,1,Fall,0,0,0,Mild,0.08808881467138618,0,Normal,0,Mild
train,4662,375,SA04,SA04:F04_SA04_R04.txt,1,Fall,0,0,0,Mild,0.08554493143575431,0,Normal,0,Mild
train,4674,376,SA04,SA04:F04_SA04_R05.txt,1,Fall,0,0,0,Mild,0.06584704338023051,0,Normal,0,Mild
train,4675,377,SA04,SA04:F04_SA04_R05.txt,1,Fall,0,0,0,Mild,0.07722745295321021,0,Normal,0,Mild
train,4676,378,SA04,SA04:F04_SA04_R05.txt,1,Fall,0,0,0,Mild,0.07814334885777074,0,Normal,0,Mild
train,4677,379,SA04,SA04:F04_SA04_R05.txt,1,Fall,0,0,0,Mild,0.06242924073417633,0,Normal,0,Mild
train,4685,380,SA04,SA04:F05_SA04_R01.txt,1,Fall,0,0,0,Mild,0.06184235172513286,0,Normal,0,Mild
train,4686,381,SA04,SA04:F05_SA04_R01.txt,1,Fall,0,0,0,Mild,0.07980153485932778,0,Normal,0,Mild
train,4687,382,SA04,SA04:F05_SA04_R01.txt,1,Fall,0,0,0,Mild,0.08501045413616987,0,Normal,0,Mild
train,4688,383,SA04,SA04:F05_SA04_R01.txt,1,Fall,0,0,0,Mild,0.07559436126542252,0,Normal,0,Mild
train,4700,384,SA04,SA04:F05_SA04_R02.txt,1,Fall,0,0,0,Mild,0.07542039384213906,0,Normal,0,Mild
train,4701,385,SA04,SA04:F05_SA04_R02.txt,1,Fall,0,0,0,Mild,0.08250489903194524,0,Normal,0,Mild
train,4702,386,SA04,SA04:F05_SA04_R02.txt,1,Fall,0,0,0,Mild,0.0866752455636629,0,Normal,0,Mild
train,4703,387,SA04,SA04:F05_SA04_R02.txt,1,Fall,0,0,0,Mild,0.05257168202321516,0,Normal,0,Mild
train,4715,388,SA04,SA04:F05_SA04_R03.txt,1,Fall,1,1,1,Severe,0.09206234781592709,0,Normal,1,Severe
train,4716,389,SA04,SA04:F05_SA04_R03.txt,1,Fall,1,1,1,Severe,0.10121613960632114,0,Normal,1,Severe
train,4717,390,SA04,SA04:F05_SA04_R03.txt,1,Fall,1,1,1,Severe,0.1075638699779693,0,Normal,1,Severe
train,4718,391,SA04,SA04:F05_SA04_R03.txt,1,Fall,1,1,1,Severe,0.0870854386272597,0,Normal,1,Severe
train,4729,392,SA04,SA04:F05_SA04_R04.txt,1,Fall,0,0,0,Mild,0.06836586298629382,0,Normal,0,Mild
train,4730,393,SA04,SA04:F05_SA04_R04.txt,1,Fall,0,0,0,Mild,0.07934259088836654,0,Normal,0,Mild
train,4731,394,SA04,SA04:F05_SA04_R04.txt,1,Fall,0,0,0,Mild,0.07569544345602058,0,Normal,0,Mild
train,4732,395,SA04,SA04:F05_SA04_R04.txt,1,Fall,0,0,0,Mild,0.03933665227129779,0,Normal,0,Mild
train,4744,396,SA04,SA04:F05_SA04_R05.txt,1,Fall,1,1,1,Severe,0.07836691032380239,0,Normal,1,Severe
train,4745,397,SA04,SA04:F05_SA04_R05.txt,1,Fall,0,0,0,Mild,0.06029305810916308,0,Normal,0,Mild
train,4746,398,SA04,SA04:F05_SA04_R05.txt,1,Fall,0,0,0,Mild,0.06960484484552576,0,Normal,0,Mild
train,4747,399,SA04,SA04:F05_SA04_R05.txt,1,Fall,0,0,0,Mild,0.062100686748053247,0,Normal,0,Mild
train,4763,400,SA04,SA04:F06_SA04_R01.txt,1,Fall,1,1,1,Severe,0.06386111448733045,0,Normal,1,Severe
train,4764,401,SA04,SA04:F06_SA04_R01.txt,1,Fall,1,1,1,Severe,0.06715258962595788,0,Normal,1,Severe
train,4765,402,SA04,SA04:F06_SA04_R01.txt,1,Fall,1,1,1,Severe,0.06632975377633249,0,Normal,1,Severe
train,4766,403,SA04,SA04:F06_SA04_R01.txt,1,Fall,1,1,1,Severe,0.07370274404255428,0,Normal,1,Severe
train,4779,404,SA04,SA04:F06_SA04_R02.txt,1,Fall,1,1,1,Severe,0.07129167153229182,0,Normal,1,Severe
train,4780,405,SA04,SA04:F06_SA04_R02.txt,1,Fall,1,1,1,Severe,0.06676985775337185,0,Normal,1,Severe
train,4781,406,SA04,SA04:F06_SA04_R02.txt,1,Fall,1,1,1,Severe,0.07241286157887705,0,Normal,1,Severe
train,4782,407,SA04,SA04:F06_SA04_R02.txt,1,Fall,1,1,1,Severe,0.07308051573584962,0,Normal,1,Severe
train,4795,408,SA04,SA04:F06_SA04_R03.txt,1,Fall,1,1,1,Severe,0.042226589284175664,0,Normal,1,Severe
train,4796,409,SA04,SA04:F06_SA04_R03.txt,1,Fall,1,1,1,Severe,0.02083000420285086,0,Normal,1,Severe
train,4797,410,SA04,SA04:F06_SA04_R03.txt,1,Fall,1,1,1,Severe,0.025581645639938366,0,Normal,1,Severe
train,4798,411,SA04,SA04:F06_SA04_R03.txt,1,Fall,1,1,1,Severe,0.06606459247066354,0,Normal,1,Severe
train,4809,412,SA04,SA04:F06_SA04_R04.txt,1,Fall,1,1,1,Severe,0.04923840585745615,0,Normal,1,Severe
train,4810,413,SA04,SA04:F06_SA04_R04.txt,1,Fall,1,1,1,Severe,0.03143678285449236,0,Normal,1,Severe
train,4811,414,SA04,SA04:F06_SA04_R04.txt,1,Fall,1,1,1,Severe,0.04071841522143399,0,Normal,1,Severe
train,4812,415,SA04,SA04:F06_SA04_R04.txt,1,Fall,1,1,1,Severe,0.045644062363271454,0,Normal,1,Severe
train,4825,416,SA04,SA04:F06_SA04_R05.txt,1,Fall,1,1,1,Severe,0.04922150210642773,0,Normal,1,Severe
train,4826,417,SA04,SA04:F06_SA04_R05.txt,1,Fall,1,1,1,Severe,0.039435175845762116,0,Normal,1,Severe
train,4827,418,SA04,SA04:F06_SA04_R05.txt,1,Fall,1,1,1,Severe,0.04889496734443938,0,Normal,1,Severe
train,4828,419,SA04,SA04:F06_SA04_R05.txt,1,Fall,1,1,1,Severe,0.07581969602707894,0,Normal,1,Severe
train,4837,420,SA04,SA04:F07_SA04_R01.txt,1,Fall,1,1,1,Severe,0.0010012924937168322,0,Normal,1,Severe
train,4838,421,SA04,SA04:F07_SA04_R01.txt,1,Fall,1,1,1,Severe,9.352366565251735e-05,0,Normal,1,Severe
train,4839,422,SA04,SA04:F07_SA04_R01.txt,1,Fall,1,1,1,Severe,-0.0003484249655626437,1,Anomalous,-1,Non-applicable
train,4840,423,SA04,SA04:F07_SA04_R01.txt,1,Fall,1,1,1,Severe,0.007608511070479329,0,Normal,1,Severe
train,4851,424,SA04,SA04:F07_SA04_R02.txt,1,Fall,1,1,1,Severe,0.025967843969855964,0,Normal,1,Severe
train,4852,425,SA04,SA04:F07_SA04_R02.txt,1,Fall,1,1,1,Severe,0.034572255176916145,0,Normal,1,Severe
train,4853,426,SA04,SA04:F07_SA04_R02.txt,1,Fall,1,1,1,Severe,0.06368997784304148,0,Normal,1,Severe
train,4854,427,SA04,SA04:F07_SA04_R02.txt,1,Fall,1,1,1,Severe,0.06527185707385641,0,Normal,1,Severe
train,4866,428,SA04,SA04:F07_SA04_R03.txt,1,Fall,1,1,1,Severe,0.07881887066174292,0,Normal,1,Severe
train,4867,429,SA04,SA04:F07_SA04_R03.txt,1,Fall,1,1,1,Severe,0.08627645035000758,0,Normal,1,Severe
train,4868,430,SA04,SA04:F07_SA04_R03.txt,1,Fall,1,1,1,Severe,0.0799843719342122,0,Normal,1,Severe
train,4869,431,SA04,SA04:F07_SA04_R03.txt,1,Fall,1,1,1,Severe,0.0743363919129773,0,Normal,1,Severe
train,4880,432,SA04,SA04:F07_SA04_R04.txt,1,Fall,1,1,1,Severe,0.02695800968849904,0,Normal,1,Severe
train,4881,433,SA04,SA04:F07_SA04_R04.txt,1,Fall,1,1,1,Severe,0.013222437104865481,0,Normal,1,Severe
train,4882,434,SA04,SA04:F07_SA04_R04.txt,1,Fall,1,1,1,Severe,0.04064077079999395,0,Normal,1,Severe
train,4883,435,SA04,SA04:F07_SA04_R04.txt,1,Fall,1,1,1,Severe,0.05895400054282868,0,Normal,1,Severe
train,4898,436,SA04,SA04:F07_SA04_R05.txt,1,Fall,1,1,1,Severe,0.004510222719524726,0,Normal,1,Severe
train,4899,437,SA04,SA04:F07_SA04_R05.txt,1,Fall,1,1,1,Severe,0.021643709185058646,0,Normal,1,Severe
train,4900,438,SA04,SA04:F07_SA04_R05.txt,1,Fall,1,1,1,Severe,0.014544906506579136,0,Normal,1,Severe
train,4901,439,SA04,SA04:F07_SA04_R05.txt,1,Fall,1,1,1,Severe,0.023700898131183812,0,Normal,1,Severe
train,4909,440,SA04,SA04:F08_SA04_R01.txt,1,Fall,1,1,1,Severe,0.10799417062388272,0,Normal,1,Severe
train,4910,441,SA04,SA04:F08_SA04_R01.txt,1,Fall,1,1,1,Severe,0.11205268881582453,0,Normal,1,Severe
train,4911,442,SA04,SA04:F08_SA04_R01.txt,1,Fall,1,1,1,Severe,0.10148738238747818,0,Normal,1,Severe
train,4912,443,SA04,SA04:F08_SA04_R01.txt,1,Fall,1,1,1,Severe,0.08156786873002048,0,Normal,1,Severe
train,4923,444,SA04,SA04:F08_SA04_R02.txt,1,Fall,1,1,1,Severe,0.06790865649475791,0,Normal,1,Severe
train,4924,445,SA04,SA04:F08_SA04_R02.txt,1,Fall,1,1,1,Severe,0.08160031659334055,0,Normal,1,Severe
train,4925,446,SA04,SA04:F08_SA04_R02.txt,1,Fall,1,1,1,Severe,0.0799000239412469,0,Normal,1,Severe
train,4926,447,SA04,SA04:F08_SA04_R02.txt,1,Fall,1,1,1,Severe,0.07368846141841007,0,Normal,1,Severe
train,4939,448,SA04,SA04:F08_SA04_R03.txt,1,Fall,1,1,1,Severe,0.09219225308823376,0,Normal,1,Severe
train,4940,449,SA04,SA04:F08_SA04_R03.txt,1,Fall,1,1,1,Severe,0.0995942646227948,0,Normal,1,Severe
train,4941,450,SA04,SA04:F08_SA04_R03.txt,1,Fall,1,1,1,Severe,0.09325751239001195,0,Normal,1,Severe
train,4942,451,SA04,SA04:F08_SA04_R03.txt,1,Fall,1,1,1,Severe,0.07962381320347994,0,Normal,1,Severe
train,4953,452,SA04,SA04:F08_SA04_R04.txt,1,Fall,1,1,1,Severe,0.07566268224260647,0,Normal,1,Severe
train,4954,453,SA04,SA04:F08_SA04_R04.txt,1,Fall,1,1,1,Severe,0.07468772003417462,0,Normal,1,Severe
train,4955,454,SA04,SA04:F08_SA04_R04.txt,1,Fall,1,1,1,Severe,0.06961188696023946,0,Normal,1,Severe
train,4956,455,SA04,SA04:F08_SA04_R04.txt,1,Fall,1,1,1,Severe,0.03702746631954218,0,Normal,1,Severe
train,4967,456,SA04,SA04:F08_SA04_R05.txt,1,Fall,1,1,1,Severe,0.11199956999674449,0,Normal,1,Severe
train,4968,457,SA04,SA04:F08_SA04_R05.txt,1,Fall,1,1,1,Severe,0.1149907709847609,0,Normal,1,Severe
train,4969,458,SA04,SA04:F08_SA04_R05.txt,1,Fall,1,1,1,Severe,0.11642501116206827,0,Normal,1,Severe
train,4970,459,SA04,SA04:F08_SA04_R05.txt,1,Fall,1,1,1,Severe,0.0970961241897631,0,Normal,1,Severe
train,4983,460,SA04,SA04:F09_SA04_R01.txt,1,Fall,1,1,1,Severe,0.05967541054135278,0,Normal,1,Severe
train,4984,461,SA04,SA04:F09_SA04_R01.txt,1,Fall,1,1,1,Severe,0.07561023574917564,0,Normal,1,Severe
train,4985,462,SA04,SA04:F09_SA04_R01.txt,1,Fall,1,1,1,Severe,0.0754517284070686,0,Normal,1,Severe
train,4986,463,SA04,SA04:F09_SA04_R01.txt,1,Fall,1,1,1,Severe,0.05611975130889607,0,Normal,1,Severe
train,5003,464,SA04,SA04:F09_SA04_R02.txt,1,Fall,1,1,1,Severe,0.08348029799274209,0,Normal,1,Severe
train,5004,465,SA04,SA04:F09_SA04_R02.txt,1,Fall,1,1,1,Severe,0.08440070958661022,0,Normal,1,Severe
train,5005,466,SA04,SA04:F09_SA04_R02.txt,1,Fall,1,1,1,Severe,0.09367325746467348,0,Normal,1,Severe
train,5006,467,SA04,SA04:F09_SA04_R02.txt,1,Fall,1,1,1,Severe,0.09549969645172668,0,Normal,1,Severe
train,5016,468,SA04,SA04:F09_SA04_R03.txt,1,Fall,1,1,1,Severe,0.04520208142068244,0,Normal,1,Severe
train,5017,469,SA04,SA04:F09_SA04_R03.txt,1,Fall,1,1,1,Severe,0.052883717855343626,0,Normal,1,Severe
train,5018,470,SA04,SA04:F09_SA04_R03.txt,1,Fall,1,1,1,Severe,0.049727113294537995,0,Normal,1,Severe
train,5019,471,SA04,SA04:F09_SA04_R03.txt,1,Fall,1,1,1,Severe,0.03719490781280127,0,Normal,1,Severe
train,5032,472,SA04,SA04:F09_SA04_R04.txt,1,Fall,1,1,1,Severe,0.06538376116079198,0,Normal,1,Severe
train,5033,473,SA04,SA04:F09_SA04_R04.txt,1,Fall,1,1,1,Severe,0.05440047085393024,0,Normal,1,Severe
train,5034,474,SA04,SA04:F09_SA04_R04.txt,1,Fall,1,1,1,Severe,0.05530205375554731,0,Normal,1,Severe
train,5035,475,SA04,SA04:F09_SA04_R04.txt,1,Fall,1,1,1,Severe,0.04182796273283146,0,Normal,1,Severe
train,5047,476,SA04,SA04:F09_SA04_R05.txt,1,Fall,1,1,1,Severe,0.08247217805361795,0,Normal,1,Severe
train,5048,477,SA04,SA04:F09_SA04_R05.txt,1,Fall,1,1,1,Severe,0.07918526112650343,0,Normal,1,Severe
train,5049,478,SA04,SA04:F09_SA04_R05.txt,1,Fall,1,1,1,Severe,0.07905042011277646,0,Normal,1,Severe
train,5050,479,SA04,SA04:F09_SA04_R05.txt,1,Fall,1,1,1,Severe,0.058619027928761946,0,Normal,1,Severe
train,5060,480,SA04,SA04:F10_SA04_R01.txt,1,Fall,0,0,0,Mild,0.0968509649174919,0,Normal,0,Mild
train,5061,481,SA04,SA04:F10_SA04_R01.txt,1,Fall,0,0,0,Mild,0.10470606954900524,0,Normal,0,Mild
train,5062,482,SA04,SA04:F10_SA04_R01.txt,1,Fall,0,0,0,Mild,0.10158164043128093,0,Normal,0,Mild
train,5063,483,SA04,SA04:F10_SA04_R01.txt,1,Fall,0,0,0,Mild,0.06369341463308015,0,Normal,0,Mild
train,5077,484,SA04,SA04:F10_SA04_R02.txt,1,Fall,0,0,0,Mild,0.0916258487783369,0,Normal,0,Mild
train,5078,485,SA04,SA04:F10_SA04_R02.txt,1,Fall,0,0,0,Mild,0.10494921627121251,0,Normal,0,Mild
train,5079,486,SA04,SA04:F10_SA04_R02.txt,1,Fall,0,0,0,Mild,0.10222912547051477,0,Normal,0,Mild
train,5080,487,SA04,SA04:F10_SA04_R02.txt,1,Fall,0,0,0,Mild,0.09326233464249517,0,Normal,0,Mild
train,5093,488,SA04,SA04:F10_SA04_R03.txt,1,Fall,0,0,0,Mild,0.09225389186953892,0,Normal,0,Mild
train,5094,489,SA04,SA04:F10_SA04_R03.txt,1,Fall,0,0,0,Mild,0.10403746136139236,0,Normal,0,Mild
train,5095,490,SA04,SA04:F10_SA04_R03.txt,1,Fall,0,0,0,Mild,0.10617577951361845,0,Normal,0,Mild
train,5096,491,SA04,SA04:F10_SA04_R03.txt,1,Fall,0,0,0,Mild,0.09228416694708008,0,Normal,0,Mild
train,5110,492,SA04,SA04:F10_SA04_R04.txt,1,Fall,0,0,0,Mild,0.10201855923515779,0,Normal,0,Mild
train,5111,493,SA04,SA04:F10_SA04_R04.txt,1,Fall,0,0,0,Mild,0.10932339094589444,0,Normal,0,Mild
train,5112,494,SA04,SA04:F10_SA04_R04.txt,1,Fall,0,0,0,Mild,0.11040626408244958,0,Normal,0,Mild
train,5113,495,SA04,SA04:F10_SA04_R04.txt,1,Fall,0,0,0,Mild,0.08255115294290682,0,Normal,0,Mild
train,5124,496,SA04,SA04:F10_SA04_R05.txt,1,Fall,0,0,0,Mild,0.09614537854804417,0,Normal,0,Mild
train,5125,497,SA04,SA04:F10_SA04_R05.txt,1,Fall,0,0,0,Mild,0.11992445761202186,0,Normal,0,Mild
train,5126,498,SA04,SA04:F10_SA04_R05.txt,1,Fall,0,0,0,Mild,0.11947833773148914,0,Normal,0,Mild
train,5127,499,SA04,SA04:F10_SA04_R05.txt,1,Fall,0,0,0,Mild,0.10937312887943734,0,Normal,0,Mild
train,5135,500,SA04,SA04:F11_SA04_R01.txt,1,Fall,0,0,0,Mild,0.0733924367102784,0,Normal,0,Mild
train,5136,501,SA04,SA04:F11_SA04_R01.txt,1,Fall,0,0,0,Mild,0.08165625757436146,0,Normal,0,Mild
train,5137,502,SA04,SA04:F11_SA04_R01.txt,1,Fall,0,0,0,Mild,0.08026063340409767,0,Normal,0,Mild
train,5138,503,SA04,SA04:F11_SA04_R01.txt,1,Fall,0,0,0,Mild,0.07324283628714079,0,Normal,0,Mild
train,5149,504,SA04,SA04:F11_SA04_R02.txt,1,Fall,0,0,0,Mild,0.06780486227516314,0,Normal,0,Mild
train,5150,505,SA04,SA04:F11_SA04_R02.txt,1,Fall,0,0,0,Mild,0.09010769802468588,0,Normal,0,Mild
train,5151,506,SA04,SA04:F11_SA04_R02.txt,1,Fall,0,0,0,Mild,0.08714298709323715,0,Normal,0,Mild
train,5152,507,SA04,SA04:F11_SA04_R02.txt,1,Fall,0,0,0,Mild,0.06984843074260139,0,Normal,0,Mild
train,5165,508,SA04,SA04:F11_SA04_R03.txt,1,Fall,0,0,0,Mild,0.07423399965072675,0,Normal,0,Mild
train,5166,509,SA04,SA04:F11_SA04_R03.txt,1,Fall,0,0,0,Mild,0.08920002314860043,0,Normal,0,Mild
train,5167,510,SA04,SA04:F11_SA04_R03.txt,1,Fall,0,0,0,Mild,0.09150818453989634,0,Normal,0,Mild
train,5168,511,SA04,SA04:F11_SA04_R03.txt,1,Fall,0,0,0,Mild,0.06007951196839423,0,Normal,0,Mild
train,5179,512,SA04,SA04:F11_SA04_R04.txt,1,Fall,0,0,0,Mild,0.08402544001154844,0,Normal,0,Mild
train,5180,513,SA04,SA04:F11_SA04_R04.txt,1,Fall,0,0,0,Mild,0.09360088916283776,0,Normal,0,Mild
train,5181,514,SA04,SA04:F11_SA04_R04.txt,1,Fall,0,0,0,Mild,0.08741095088244821,0,Normal,0,Mild
train,5182,515,SA04,SA04:F11_SA04_R04.txt,1,Fall,0,0,0,Mild,0.05514277405580115,0,Normal,0,Mild
train,5193,516,SA04,SA04:F11_SA04_R05.txt,1,Fall,0,0,0,Mild,0.06424044349134916,0,Normal,0,Mild
train,5194,517,SA04,SA04:F11_SA04_R05.txt,1,Fall,0,0,0,Mild,0.09221520244085607,0,Normal,0,Mild
train,5195,518,SA04,SA04:F11_SA04_R05.txt,1,Fall,0,0,0,Mild,0.09431993382658832,0,Normal,0,Mild
train,5196,519,SA04,SA04:F11_SA04_R05.txt,1,Fall,0,0,0,Mild,0.08847936631920256,0,Normal,0,Mild
train,5208,520,SA04,SA04:F12_SA04_R01.txt,1,Fall,1,1,1,Severe,0.03177273607273784,0,Normal,1,Severe
train,5209,521,SA04,SA04:F12_SA04_R01.txt,1,Fall,1,1,1,Severe,0.07341618867572808,0,Normal,1,Severe
train,5210,522,SA04,SA04:F12_SA04_R01.txt,1,Fall,1,1,1,Severe,0.07514152603445484,0,Normal,1,Severe
train,5211,523,SA04,SA04:F12_SA04_R01.txt,1,Fall,1,1,1,Severe,0.06776776255920941,0,Normal,1,Severe
train,5223,524,SA04,SA04:F12_SA04_R02.txt,1,Fall,1,1,1,Severe,0.06168426080293954,0,Normal,1,Severe
train,5224,525,SA04,SA04:F12_SA04_R02.txt,1,Fall,1,1,1,Severe,0.0860641535269201,0,Normal,1,Severe
train,5225,526,SA04,SA04:F12_SA04_R02.txt,1,Fall,1,1,1,Severe,0.08806449676991474,0,Normal,1,Severe
train,5226,527,SA04,SA04:F12_SA04_R02.txt,1,Fall,1,1,1,Severe,0.07073766806670767,0,Normal,1,Severe
train,5238,528,SA04,SA04:F12_SA04_R03.txt,1,Fall,1,1,1,Severe,0.014468106690852633,0,Normal,1,Severe
train,5239,529,SA04,SA04:F12_SA04_R03.txt,1,Fall,1,1,1,Severe,0.05166765894121317,0,Normal,1,Severe
train,5240,530,SA04,SA04:F12_SA04_R03.txt,1,Fall,1,1,1,Severe,0.048917074576452835,0,Normal,1,Severe
train,5241,531,SA04,SA04:F12_SA04_R03.txt,1,Fall,1,1,1,Severe,0.04061912580028426,0,Normal,1,Severe
train,5254,532,SA04,SA04:F12_SA04_R04.txt,1,Fall,1,1,1,Severe,0.10901634588306391,0,Normal,1,Severe
train,5255,533,SA04,SA04:F12_SA04_R04.txt,1,Fall,1,1,1,Severe,0.10403363631919399,0,Normal,1,Severe
train,5256,534,SA04,SA04:F12_SA04_R04.txt,1,Fall,1,1,1,Severe,0.10581476685781727,0,Normal,1,Severe
train,5257,535,SA04,SA04:F12_SA04_R04.txt,1,Fall,1,1,1,Severe,0.044902857909698835,0,Normal,1,Severe
train,5268,536,SA04,SA04:F12_SA04_R05.txt,1,Fall,1,1,1,Severe,0.018180421345184605,0,Normal,1,Severe
train,5269,537,SA04,SA04:F12_SA04_R05.txt,1,Fall,1,1,1,Severe,0.07900147231263138,0,Normal,1,Severe
train,5270,538,SA04,SA04:F12_SA04_R05.txt,1,Fall,1,1,1,Severe,0.0830375835862911,0,Normal,1,Severe
train,5271,539,SA04,SA04:F12_SA04_R05.txt,1,Fall,1,1,1,Severe,0.08788847154036206,0,Normal,1,Severe
train,5285,540,SA04,SA04:F13_SA04_R01.txt,1,Fall,1,1,1,Severe,0.0683173633756865,0,Normal,1,Severe
train,5286,541,SA04,SA04:F13_SA04_R01.txt,1,Fall,1,1,1,Severe,0.069149131241597,0,Normal,1,Severe
train,5287,542,SA04,SA04:F13_SA04_R01.txt,1,Fall,1,1,1,Severe,0.06603116109094409,0,Normal,1,Severe
train,5288,543,SA04,SA04:F13_SA04_R01.txt,1,Fall,1,1,1,Severe,0.058862527971888734,0,Normal,1,Severe
train,5299,544,SA04,SA04:F13_SA04_R02.txt,1,Fall,1,1,1,Severe,0.07492238985896094,0,Normal,1,Severe
train,5300,545,SA04,SA04:F13_SA04_R02.txt,1,Fall,1,1,1,Severe,0.07704410826573121,0,Normal,1,Severe
train,5301,546,SA04,SA04:F13_SA04_R02.txt,1,Fall,1,1,1,Severe,0.07930572750821419,0,Normal,1,Severe
train,5302,547,SA04,SA04:F13_SA04_R02.txt,1,Fall,1,1,1,Severe,0.05439550327571979,0,Normal,1,Severe
train,5314,548,SA04,SA04:F13_SA04_R03.txt,1,Fall,1,1,1,Severe,0.11779506452312516,0,Normal,1,Severe
train,5315,549,SA04,SA04:F13_SA04_R03.txt,1,Fall,1,1,1,Severe,0.12707858219502188,0,Normal,1,Severe
train,5316,550,SA04,SA04:F13_SA04_R03.txt,1,Fall,1,1,1,Severe,0.12880046256515737,0,Normal,1,Severe
train,5317,551,SA04,SA04:F13_SA04_R03.txt,1,Fall,1,1,1,Severe,0.11046918569795028,0,Normal,1,Severe
train,5328,552,SA04,SA04:F13_SA04_R04.txt,1,Fall,0,0,0,Mild,-0.003174945291457454,1,Anomalous,-1,Non-applicable
train,5329,553,SA04,SA04:F13_SA04_R04.txt,1,Fall,0,0,0,Mild,-0.007772764822757461,1,Anomalous,-1,Non-applicable
train,5330,554,SA04,SA04:F13_SA04_R04.txt,1,Fall,0,0,0,Mild,-0.007546044557274367,1,Anomalous,-1,Non-applicable
train,5331,555,SA04,SA04:F13_SA04_R04.txt,1,Fall,0,0,0,Mild,-0.006155927600931532,1,Anomalous,-1,Non-applicable
train,5343,556,SA04,SA04:F13_SA04_R05.txt,1,Fall,0,0,0,Mild,0.10199797473789601,0,Normal,0,Mild
train,5344,557,SA04,SA04:F13_SA04_R05.txt,1,Fall,0,0,0,Mild,0.1145587525023466,0,Normal,0,Mild
train,5345,558,SA04,SA04:F13_SA04_R05.txt,1,Fall,0,0,0,Mild,0.11795520707952944,0,Normal,0,Mild
train,5346,559,SA04,SA04:F13_SA04_R05.txt,1,Fall,0,0,0,Mild,0.0942200625969199,0,Normal,0,Mild
train,5357,560,SA04,SA04:F14_SA04_R01.txt,1,Fall,0,0,0,Mild,0.10618734093579285,0,Normal,0,Mild
train,5358,561,SA04,SA04:F14_SA04_R01.txt,1,Fall,0,0,0,Mild,0.10595291852688293,0,Normal,0,Mild
train,5359,562,SA04,SA04:F14_SA04_R01.txt,1,Fall,0,0,0,Mild,0.10288746233617568,0,Normal,0,Mild
train,5360,563,SA04,SA04:F14_SA04_R01.txt,1,Fall,0,0,0,Mild,0.04420639035944257,0,Normal,0,Mild
train,5373,564,SA04,SA04:F14_SA04_R02.txt,1,Fall,0,0,0,Mild,0.10211604222834497,0,Normal,0,Mild
train,5374,565,SA04,SA04:F14_SA04_R02.txt,1,Fall,0,0,0,Mild,0.10560240310541025,0,Normal,0,Mild
train,5375,566,SA04,SA04:F14_SA04_R02.txt,1,Fall,0,0,0,Mild,0.10252099505350082,0,Normal,0,Mild
train,5376,567,SA04,SA04:F14_SA04_R02.txt,1,Fall,0,0,0,Mild,0.08068502589774096,0,Normal,0,Mild
train,5386,568,SA04,SA04:F14_SA04_R03.txt,1,Fall,0,0,0,Mild,0.057790697227444066,0,Normal,0,Mild
train,5387,569,SA04,SA04:F14_SA04_R03.txt,1,Fall,0,0,0,Mild,0.06813328996536844,0,Normal,0,Mild
train,5388,570,SA04,SA04:F14_SA04_R03.txt,1,Fall,0,0,0,Mild,0.06930634701632343,0,Normal,0,Mild
train,5389,571,SA04,SA04:F14_SA04_R03.txt,1,Fall,0,0,0,Mild,0.05802496224989839,0,Normal,0,Mild
train,5402,572,SA04,SA04:F14_SA04_R04.txt,1,Fall,0,0,0,Mild,0.1044311445115278,0,Normal,0,Mild
train,5403,573,SA04,SA04:F14_SA04_R04.txt,1,Fall,0,0,0,Mild,0.10455750300390115,0,Normal,0,Mild
train,5404,574,SA04,SA04:F14_SA04_R04.txt,1,Fall,0,0,0,Mild,0.10331227625657452,0,Normal,0,Mild
train,5405,575,SA04,SA04:F14_SA04_R04.txt,1,Fall,0,0,0,Mild,0.08647220850508663,0,Normal,0,Mild
train,5419,576,SA04,SA04:F14_SA04_R05.txt,1,Fall,0,0,0,Mild,0.11328016334129054,0,Normal,0,Mild
train,5420,577,SA04,SA04:F14_SA04_R05.txt,1,Fall,0,0,0,Mild,0.11737612515276713,0,Normal,0,Mild
train,5421,578,SA04,SA04:F14_SA04_R05.txt,1,Fall,0,0,0,Mild,0.11356980421926233,0,Normal,0,Mild
train,5422,579,SA04,SA04:F14_SA04_R05.txt,1,Fall,0,0,0,Mild,0.09065803138080797,0,Normal,0,Mild
train,5432,580,SA04,SA04:F15_SA04_R01.txt,1,Fall,1,1,1,Severe,0.11386901816469186,0,Normal,1,Severe
train,5433,581,SA04,SA04:F15_SA04_R01.txt,1,Fall,1,1,1,Severe,0.11464066613343143,0,Normal,1,Severe
train,5434,582,SA04,SA04:F15_SA04_R01.txt,1,Fall,1,1,1,Severe,0.10292488906094599,0,Normal,1,Severe
train,5435,583,SA04,SA04:F15_SA04_R01.txt,1,Fall,1,1,1,Severe,0.04529107254099002,0,Normal,1,Severe
train,5450,584,SA04,SA04:F15_SA04_R02.txt,1,Fall,1,1,1,Severe,0.1006425034294044,0,Normal,1,Severe
train,5451,585,SA04,SA04:F15_SA04_R02.txt,1,Fall,1,1,1,Severe,0.10448543818916989,0,Normal,1,Severe
train,5452,586,SA04,SA04:F15_SA04_R02.txt,1,Fall,1,1,1,Severe,0.10082223833048343,0,Normal,1,Severe
train,5453,587,SA04,SA04:F15_SA04_R02.txt,1,Fall,1,1,1,Severe,0.07783203989498566,0,Normal,1,Severe
train,5464,588,SA04,SA04:F15_SA04_R03.txt,1,Fall,1,1,1,Severe,0.10808635601098693,0,Normal,1,Severe
train,5465,589,SA04,SA04:F15_SA04_R03.txt,1,Fall,1,1,1,Severe,0.12365047999226525,0,Normal,1,Severe
train,5466,590,SA04,SA04:F15_SA04_R03.txt,1,Fall,1,1,1,Severe,0.12692990478476834,0,Normal,1,Severe
train,5467,591,SA04,SA04:F15_SA04_R03.txt,1,Fall,1,1,1,Severe,0.11337088577201454,0,Normal,1,Severe
train,5480,592,SA04,SA04:F15_SA04_R04.txt,1,Fall,1,1,1,Severe,0.11116508514964107,0,Normal,1,Severe
train,5481,593,SA04,SA04:F15_SA04_R04.txt,1,Fall,1,1,1,Severe,0.12273195401621972,0,Normal,1,Severe
train,5482,594,SA04,SA04:F15_SA04_R04.txt,1,Fall,1,1,1,Severe,0.12443318424054145,0,Normal,1,Severe
train,5483,595,SA04,SA04:F15_SA04_R04.txt,1,Fall,1,1,1,Severe,0.09829062435761315,0,Normal,1,Severe
train,5493,596,SA04,SA04:F15_SA04_R05.txt,1,Fall,1,1,1,Severe,0.11013621633538717,0,Normal,1,Severe
train,5494,597,SA04,SA04:F15_SA04_R05.txt,1,Fall,1,1,1,Severe,0.12420926098277313,0,Normal,1,Severe
train,5495,598,SA04,SA04:F15_SA04_R05.txt,1,Fall,1,1,1,Severe,0.12499863049044979,0,Normal,1,Severe
train,5496,599,SA04,SA04:F15_SA04_R05.txt,1,Fall,1,1,1,Severe,0.11193614411409808,0,Normal,1,Severe
train,7142,600,SA05,SA05:F01_SA05_R01.txt,1,Fall,0,0,0,Mild,0.08975143012557496,0,Normal,0,Mild
train,7143,601,SA05,SA05:F01_SA05_R01.txt,1,Fall,0,0,0,Mild,0.09806058350335961,0,Normal,0,Mild
train,7144,602,SA05,SA05:F01_SA05_R01.txt,1,Fall,0,0,0,Mild,0.09832056196698996,0,Normal,0,Mild
train,7145,603,SA05,SA05:F01_SA05_R01.txt,1,Fall,0,0,0,Mild,0.08825908843569935,0,Normal,0,Mild
train,7157,604,SA05,SA05:F01_SA05_R02.txt,1,Fall,0,0,0,Mild,0.08761481497098911,0,Normal,0,Mild
train,7158,605,SA05,SA05:F01_SA05_R02.txt,1,Fall,0,0,0,Mild,0.10382347372268635,0,Normal,0,Mild
train,7159,606,SA05,SA05:F01_SA05_R02.txt,1,Fall,0,0,0,Mild,0.10612470606908553,0,Normal,0,Mild
train,7160,607,SA05,SA05:F01_SA05_R02.txt,1,Fall,0,0,0,Mild,0.0991005159128972,0,Normal,0,Mild
train,7172,608,SA05,SA05:F01_SA05_R03.txt,1,Fall,0,0,0,Mild,0.09058403670495496,0,Normal,0,Mild
train,7173,609,SA05,SA05:F01_SA05_R03.txt,1,Fall,0,0,0,Mild,0.08988713264733789,0,Normal,0,Mild
train,7174,610,SA05,SA05:F01_SA05_R03.txt,1,Fall,0,0,0,Mild,0.07520910442874085,0,Normal,0,Mild
train,7175,611,SA05,SA05:F01_SA05_R03.txt,1,Fall,0,0,0,Mild,0.03063536124721289,0,Normal,0,Mild
train,7186,612,SA05,SA05:F01_SA05_R04.txt,1,Fall,0,0,0,Mild,0.05794010669114957,0,Normal,0,Mild
train,7187,613,SA05,SA05:F01_SA05_R04.txt,1,Fall,0,0,0,Mild,0.07048768116224019,0,Normal,0,Mild
train,7188,614,SA05,SA05:F01_SA05_R04.txt,1,Fall,0,0,0,Mild,0.06723485535056284,0,Normal,0,Mild
train,7189,615,SA05,SA05:F01_SA05_R04.txt,1,Fall,0,0,0,Mild,0.05761893074337182,0,Normal,0,Mild
train,7203,616,SA05,SA05:F01_SA05_R05.txt,1,Fall,0,0,0,Mild,0.10849679995641504,0,Normal,0,Mild
train,7204,617,SA05,SA05:F01_SA05_R05.txt,1,Fall,0,0,0,Mild,0.11233627166841842,0,Normal,0,Mild
train,7205,618,SA05,SA05:F01_SA05_R05.txt,1,Fall,0,0,0,Mild,0.11065852331363402,0,Normal,0,Mild
train,7206,619,SA05,SA05:F01_SA05_R05.txt,1,Fall,0,0,0,Mild,0.08257054910652406,0,Normal,0,Mild
train,7214,620,SA05,SA05:F02_SA05_R01.txt,1,Fall,1,1,1,Severe,0.08946906138142718,0,Normal,1,Severe
train,7215,621,SA05,SA05:F02_SA05_R01.txt,1,Fall,1,1,1,Severe,0.08734396006535106,0,Normal,1,Severe
train,7216,622,SA05,SA05:F02_SA05_R01.txt,1,Fall,1,1,1,Severe,0.07770869445906736,0,Normal,1,Severe
train,7217,623,SA05,SA05:F02_SA05_R01.txt,1,Fall,1,1,1,Severe,0.039166446986765635,0,Normal,1,Severe
train,7229,624,SA05,SA05:F02_SA05_R02.txt,1,Fall,1,1,1,Severe,0.05167204077216303,0,Normal,1,Severe
train,7230,625,SA05,SA05:F02_SA05_R02.txt,1,Fall,1,1,1,Severe,0.06014696917786927,0,Normal,1,Severe
train,7231,626,SA05,SA05:F02_SA05_R02.txt,1,Fall,1,1,1,Severe,0.07375618539060397,0,Normal,1,Severe
train,7232,627,SA05,SA05:F02_SA05_R02.txt,1,Fall,1,1,1,Severe,0.06905153682179604,0,Normal,1,Severe
train,7244,628,SA05,SA05:F02_SA05_R03.txt,1,Fall,1,1,1,Severe,0.08811436966501046,0,Normal,1,Severe
train,7245,629,SA05,SA05:F02_SA05_R03.txt,1,Fall,1,1,1,Severe,0.09528521272753782,0,Normal,1,Severe
train,7246,630,SA05,SA05:F02_SA05_R03.txt,1,Fall,1,1,1,Severe,0.09169501347854081,0,Normal,1,Severe
train,7247,631,SA05,SA05:F02_SA05_R03.txt,1,Fall,1,1,1,Severe,0.08802890422656934,0,Normal,1,Severe
train,7261,632,SA05,SA05:F02_SA05_R04.txt,1,Fall,0,0,0,Mild,0.09362624822496796,0,Normal,0,Mild
train,7262,633,SA05,SA05:F02_SA05_R04.txt,1,Fall,0,0,0,Mild,0.10838090237032783,0,Normal,0,Mild
train,7263,634,SA05,SA05:F02_SA05_R04.txt,1,Fall,0,0,0,Mild,0.10638138677697734,0,Normal,0,Mild
train,7264,635,SA05,SA05:F02_SA05_R04.txt,1,Fall,0,0,0,Mild,0.09873406175908994,0,Normal,0,Mild
train,7274,636,SA05,SA05:F02_SA05_R05.txt,1,Fall,0,0,0,Mild,0.10918331662154623,0,Normal,0,Mild
train,7275,637,SA05,SA05:F02_SA05_R05.txt,1,Fall,0,0,0,Mild,0.1253438105384364,0,Normal,0,Mild
train,7276,638,SA05,SA05:F02_SA05_R05.txt,1,Fall,0,0,0,Mild,0.11850580057439436,0,Normal,0,Mild
train,7277,639,SA05,SA05:F02_SA05_R05.txt,1,Fall,0,0,0,Mild,0.11208428557939765,0,Normal,0,Mild
train,7290,640,SA05,SA05:F03_SA05_R01.txt,1,Fall,1,1,1,Severe,0.0783005003126544,0,Normal,1,Severe
train,7291,641,SA05,SA05:F03_SA05_R01.txt,1,Fall,1,1,1,Severe,0.08483016527596399,0,Normal,1,Severe
train,7292,642,SA05,SA05:F03_SA05_R01.txt,1,Fall,1,1,1,Severe,0.08173218087153372,0,Normal,1,Severe
train,7293,643,SA05,SA05:F03_SA05_R01.txt,1,Fall,1,1,1,Severe,0.055637284767993345,0,Normal,1,Severe
train,7304,644,SA05,SA05:F03_SA05_R02.txt,1,Fall,1,1,1,Severe,0.11481736627838207,0,Normal,1,Severe
train,7305,645,SA05,SA05:F03_SA05_R02.txt,1,Fall,1,1,1,Severe,0.11887857032608484,0,Normal,1,Severe
train,7306,646,SA05,SA05:F03_SA05_R02.txt,1,Fall,1,1,1,Severe,0.11638284063155407,0,Normal,1,Severe
train,7307,647,SA05,SA05:F03_SA05_R02.txt,1,Fall,1,1,1,Severe,0.06470158968385648,0,Normal,1,Severe
train,7321,648,SA05,SA05:F03_SA05_R03.txt,1,Fall,1,1,1,Severe,0.09751212743966725,0,Normal,1,Severe
train,7322,649,SA05,SA05:F03_SA05_R03.txt,1,Fall,1,1,1,Severe,0.1033890277071064,0,Normal,1,Severe
train,7323,650,SA05,SA05:F03_SA05_R03.txt,1,Fall,1,1,1,Severe,0.09871959358260907,0,Normal,1,Severe
train,7324,651,SA05,SA05:F03_SA05_R03.txt,1,Fall,1,1,1,Severe,0.08585936560748825,0,Normal,1,Severe
train,7335,652,SA05,SA05:F03_SA05_R04.txt,1,Fall,1,1,1,Severe,0.11361029100027714,0,Normal,1,Severe
train,7336,653,SA05,SA05:F03_SA05_R04.txt,1,Fall,1,1,1,Severe,0.1188731123568425,0,Normal,1,Severe
train,7337,654,SA05,SA05:F03_SA05_R04.txt,1,Fall,1,1,1,Severe,0.11035514231903587,0,Normal,1,Severe
train,7338,655,SA05,SA05:F03_SA05_R04.txt,1,Fall,1,1,1,Severe,0.06987013061244729,0,Normal,1,Severe
train,7349,656,SA05,SA05:F03_SA05_R05.txt,1,Fall,1,1,1,Severe,0.06068461206372655,0,Normal,1,Severe
train,7350,657,SA05,SA05:F03_SA05_R05.txt,1,Fall,1,1,1,Severe,0.10250674530413306,0,Normal,1,Severe
train,7351,658,SA05,SA05:F03_SA05_R05.txt,1,Fall,1,1,1,Severe,0.10044980813720567,0,Normal,1,Severe
train,7352,659,SA05,SA05:F03_SA05_R05.txt,1,Fall,1,1,1,Severe,0.09094617687782064,0,Normal,1,Severe
train,7368,660,SA05,SA05:F04_SA05_R01.txt,1,Fall,0,0,0,Mild,0.11157919250730802,0,Normal,0,Mild
train,7369,661,SA05,SA05:F04_SA05_R01.txt,1,Fall,0,0,0,Mild,0.11641436708940145,0,Normal,0,Mild
train,7370,662,SA05,SA05:F04_SA05_R01.txt,1,Fall,0,0,0,Mild,0.12045432653516752,0,Normal,0,Mild
train,7371,663,SA05,SA05:F04_SA05_R01.txt,1,Fall,0,0,0,Mild,0.04015157541093939,0,Normal,0,Mild
train,7381,664,SA05,SA05:F04_SA05_R02.txt,1,Fall,0,0,0,Mild,0.10961325457721288,0,Normal,0,Mild
train,7382,665,SA05,SA05:F04_SA05_R02.txt,1,Fall,0,0,0,Mild,0.11068735838859661,0,Normal,0,Mild
train,7383,666,SA05,SA05:F04_SA05_R02.txt,1,Fall,0,0,0,Mild,0.10810945495244584,0,Normal,0,Mild
train,7384,667,SA05,SA05:F04_SA05_R02.txt,1,Fall,0,0,0,Mild,0.03215098268529226,0,Normal,0,Mild
train,7395,668,SA05,SA05:F04_SA05_R03.txt,1,Fall,0,0,0,Mild,0.0906842363262258,0,Normal,0,Mild
train,7396,669,SA05,SA05:F04_SA05_R03.txt,1,Fall,0,0,0,Mild,0.10862830108010779,0,Normal,0,Mild
train,7397,670,SA05,SA05:F04_SA05_R03.txt,1,Fall,0,0,0,Mild,0.10966360380634427,0,Normal,0,Mild
train,7398,671,SA05,SA05:F04_SA05_R03.txt,1,Fall,0,0,0,Mild,0.10718816742346005,0,Normal,0,Mild
train,7411,672,SA05,SA05:F04_SA05_R04.txt,1,Fall,0,0,0,Mild,0.08238962596011584,0,Normal,0,Mild
train,7412,673,SA05,SA05:F04_SA05_R04.txt,1,Fall,0,0,0,Mild,0.09347788490412179,0,Normal,0,Mild
train,7413,674,SA05,SA05:F04_SA05_R04.txt,1,Fall,0,0,0,Mild,0.0834387657571144,0,Normal,0,Mild
train,7414,675,SA05,SA05:F04_SA05_R04.txt,1,Fall,0,0,0,Mild,0.07338682379785982,0,Normal,0,Mild
train,7427,676,SA05,SA05:F04_SA05_R05.txt,1,Fall,0,0,0,Mild,0.09328718458699903,0,Normal,0,Mild
train,7428,677,SA05,SA05:F04_SA05_R05.txt,1,Fall,0,0,0,Mild,0.09292127701265396,0,Normal,0,Mild
train,7429,678,SA05,SA05:F04_SA05_R05.txt,1,Fall,0,0,0,Mild,0.094745148285031,0,Normal,0,Mild
train,7430,679,SA05,SA05:F04_SA05_R05.txt,1,Fall,0,0,0,Mild,0.06733859887880161,0,Normal,0,Mild
train,7437,680,SA05,SA05:F05_SA05_R01.txt,1,Fall,0,0,0,Mild,0.07360436733960929,0,Normal,0,Mild
train,7438,681,SA05,SA05:F05_SA05_R01.txt,1,Fall,0,0,0,Mild,0.08552599399815641,0,Normal,0,Mild
train,7439,682,SA05,SA05:F05_SA05_R01.txt,1,Fall,0,0,0,Mild,0.09061431763691435,0,Normal,0,Mild
train,7440,683,SA05,SA05:F05_SA05_R01.txt,1,Fall,0,0,0,Mild,0.07209051433391422,0,Normal,0,Mild
train,7452,684,SA05,SA05:F05_SA05_R02.txt,1,Fall,1,1,1,Severe,0.03517127532461284,0,Normal,1,Severe
train,7453,685,SA05,SA05:F05_SA05_R02.txt,1,Fall,1,1,1,Severe,0.04038080660611448,0,Normal,1,Severe
train,7454,686,SA05,SA05:F05_SA05_R02.txt,1,Fall,1,1,1,Severe,0.04663753885268074,0,Normal,1,Severe
train,7455,687,SA05,SA05:F05_SA05_R02.txt,1,Fall,1,1,1,Severe,0.014552165185841681,0,Normal,1,Severe
train,7467,688,SA05,SA05:F05_SA05_R03.txt,1,Fall,0,0,0,Mild,0.09488532082329976,0,Normal,0,Mild
train,7468,689,SA05,SA05:F05_SA05_R03.txt,1,Fall,0,0,0,Mild,0.10454885660330526,0,Normal,0,Mild
train,7469,690,SA05,SA05:F05_SA05_R03.txt,1,Fall,0,0,0,Mild,0.10478775238678245,0,Normal,0,Mild
train,7470,691,SA05,SA05:F05_SA05_R03.txt,1,Fall,0,0,0,Mild,0.05140439170679273,0,Normal,0,Mild
train,7483,692,SA05,SA05:F05_SA05_R04.txt,1,Fall,0,0,0,Mild,0.07945007737008014,0,Normal,0,Mild
train,7484,693,SA05,SA05:F05_SA05_R04.txt,1,Fall,0,0,0,Mild,0.08604123245022127,0,Normal,0,Mild
train,7485,694,SA05,SA05:F05_SA05_R04.txt,1,Fall,0,0,0,Mild,0.08684375019264107,0,Normal,0,Mild
train,7486,695,SA05,SA05:F05_SA05_R04.txt,1,Fall,0,0,0,Mild,0.038460403976011026,0,Normal,0,Mild
train,7498,696,SA05,SA05:F05_SA05_R05.txt,1,Fall,0,0,0,Mild,0.07686069967679088,0,Normal,0,Mild
train,7499,697,SA05,SA05:F05_SA05_R05.txt,1,Fall,0,0,0,Mild,0.10183170222753851,0,Normal,0,Mild
train,7500,698,SA05,SA05:F05_SA05_R05.txt,1,Fall,0,0,0,Mild,0.10077585748090606,0,Normal,0,Mild
train,7501,699,SA05,SA05:F05_SA05_R05.txt,1,Fall,0,0,0,Mild,0.07571951386591674,0,Normal,0,Mild
train,7516,700,SA05,SA05:F06_SA05_R01.txt,1,Fall,0,0,0,Mild,0.10188847541690987,0,Normal,0,Mild
train,7517,701,SA05,SA05:F06_SA05_R01.txt,1,Fall,0,0,0,Mild,0.1108182540598997,0,Normal,0,Mild
train,7518,702,SA05,SA05:F06_SA05_R01.txt,1,Fall,0,0,0,Mild,0.11209363808315903,0,Normal,0,Mild
train,7519,703,SA05,SA05:F06_SA05_R01.txt,1,Fall,0,0,0,Mild,0.09241118306441909,0,Normal,0,Mild
train,7531,704,SA05,SA05:F06_SA05_R02.txt,1,Fall,1,1,1,Severe,0.09402774476918119,0,Normal,1,Severe
train,7532,705,SA05,SA05:F06_SA05_R02.txt,1,Fall,1,1,1,Severe,0.1142862388908486,0,Normal,1,Severe
train,7533,706,SA05,SA05:F06_SA05_R02.txt,1,Fall,1,1,1,Severe,0.11850547253261812,0,Normal,1,Severe
train,7534,707,SA05,SA05:F06_SA05_R02.txt,1,Fall,1,1,1,Severe,0.1196199427039672,0,Normal,1,Severe
train,7547,708,SA05,SA05:F06_SA05_R03.txt,1,Fall,0,0,0,Mild,0.10113225510009444,0,Normal,0,Mild
train,7548,709,SA05,SA05:F06_SA05_R03.txt,1,Fall,0,0,0,Mild,0.11627461817785756,0,Normal,0,Mild
train,7549,710,SA05,SA05:F06_SA05_R03.txt,1,Fall,0,0,0,Mild,0.11682514756351198,0,Normal,0,Mild
train,7550,711,SA05,SA05:F06_SA05_R03.txt,1,Fall,0,0,0,Mild,0.10480358669445683,0,Normal,0,Mild
train,7561,712,SA05,SA05:F06_SA05_R04.txt,1,Fall,1,1,1,Severe,0.08506187759725986,0,Normal,1,Severe
train,7562,713,SA05,SA05:F06_SA05_R04.txt,1,Fall,1,1,1,Severe,0.09931727551828368,0,Normal,1,Severe
train,7563,714,SA05,SA05:F06_SA05_R04.txt,1,Fall,1,1,1,Severe,0.10054035603208267,0,Normal,1,Severe
train,7564,715,SA05,SA05:F06_SA05_R04.txt,1,Fall,1,1,1,Severe,0.09122496785038486,0,Normal,1,Severe
train,7576,716,SA05,SA05:F06_SA05_R05.txt,1,Fall,0,0,0,Mild,0.10909324567324352,0,Normal,0,Mild
train,7577,717,SA05,SA05:F06_SA05_R05.txt,1,Fall,0,0,0,Mild,0.12213906360769072,0,Normal,0,Mild
train,7578,718,SA05,SA05:F06_SA05_R05.txt,1,Fall,0,0,0,Mild,0.12058409536994297,0,Normal,0,Mild
train,7579,719,SA05,SA05:F06_SA05_R05.txt,1,Fall,0,0,0,Mild,0.08991361405789433,0,Normal,0,Mild
train,7589,720,SA05,SA05:F07_SA05_R01.txt,1,Fall,1,1,1,Severe,0.06767122659200236,0,Normal,1,Severe
train,7590,721,SA05,SA05:F07_SA05_R01.txt,1,Fall,1,1,1,Severe,0.06858716176712953,0,Normal,1,Severe
train,7591,722,SA05,SA05:F07_SA05_R01.txt,1,Fall,1,1,1,Severe,0.07020946273639889,0,Normal,1,Severe
train,7592,723,SA05,SA05:F07_SA05_R01.txt,1,Fall,1,1,1,Severe,0.06412175771930806,0,Normal,1,Severe
train,7605,724,SA05,SA05:F07_SA05_R02.txt,1,Fall,1,1,1,Severe,0.07964301716894012,0,Normal,1,Severe
train,7606,725,SA05,SA05:F07_SA05_R02.txt,1,Fall,0,0,0,Mild,0.09229575602566475,0,Normal,0,Mild
train,7607,726,SA05,SA05:F07_SA05_R02.txt,1,Fall,0,0,0,Mild,0.09839728421595811,0,Normal,0,Mild
train,7608,727,SA05,SA05:F07_SA05_R02.txt,1,Fall,0,0,0,Mild,0.08925100945463038,0,Normal,0,Mild
train,7620,728,SA05,SA05:F07_SA05_R03.txt,1,Fall,1,1,1,Severe,0.07236195639435461,0,Normal,1,Severe
train,7621,729,SA05,SA05:F07_SA05_R03.txt,1,Fall,1,1,1,Severe,0.07831069999576257,0,Normal,1,Severe
train,7622,730,SA05,SA05:F07_SA05_R03.txt,1,Fall,1,1,1,Severe,0.0839169318559142,0,Normal,1,Severe
train,7623,731,SA05,SA05:F07_SA05_R03.txt,1,Fall,1,1,1,Severe,0.07066372880826771,0,Normal,1,Severe
train,7635,732,SA05,SA05:F07_SA05_R04.txt,1,Fall,1,1,1,Severe,0.07508963329293566,0,Normal,1,Severe
train,7636,733,SA05,SA05:F07_SA05_R04.txt,1,Fall,1,1,1,Severe,0.0812999894777785,0,Normal,1,Severe
train,7637,734,SA05,SA05:F07_SA05_R04.txt,1,Fall,1,1,1,Severe,0.08196463338005289,0,Normal,1,Severe
train,7638,735,SA05,SA05:F07_SA05_R04.txt,1,Fall,1,1,1,Severe,0.07723781057643375,0,Normal,1,Severe
train,7651,736,SA05,SA05:F07_SA05_R05.txt,1,Fall,0,0,0,Mild,0.08175663837109887,0,Normal,0,Mild
train,7652,737,SA05,SA05:F07_SA05_R05.txt,1,Fall,0,0,0,Mild,0.09240114162361718,0,Normal,0,Mild
train,7653,738,SA05,SA05:F07_SA05_R05.txt,1,Fall,0,0,0,Mild,0.08459095749553303,0,Normal,0,Mild
train,7654,739,SA05,SA05:F07_SA05_R05.txt,1,Fall,0,0,0,Mild,0.07798035063117931,0,Normal,0,Mild
train,7662,740,SA05,SA05:F08_SA05_R01.txt,1,Fall,1,1,1,Severe,0.12351596614682242,0,Normal,1,Severe
train,7663,741,SA05,SA05:F08_SA05_R01.txt,1,Fall,1,1,1,Severe,0.13432009031093262,0,Normal,1,Severe
train,7664,742,SA05,SA05:F08_SA05_R01.txt,1,Fall,1,1,1,Severe,0.13301575966840556,0,Normal,1,Severe
train,7665,743,SA05,SA05:F08_SA05_R01.txt,1,Fall,1,1,1,Severe,0.11802176818620191,0,Normal,1,Severe
train,7679,744,SA05,SA05:F08_SA05_R02.txt,1,Fall,0,0,0,Mild,0.11255922736758023,0,Normal,0,Mild
train,7680,745,SA05,SA05:F08_SA05_R02.txt,1,Fall,0,0,0,Mild,0.1316016495764466,0,Normal,0,Mild
train,7681,746,SA05,SA05:F08_SA05_R02.txt,1,Fall,0,0,0,Mild,0.13466184304038503,0,Normal,0,Mild
train,7682,747,SA05,SA05:F08_SA05_R02.txt,1,Fall,0,0,0,Mild,0.12327011255126924,0,Normal,0,Mild
train,7695,748,SA05,SA05:F08_SA05_R03.txt,1,Fall,1,1,1,Severe,0.11336194385378812,0,Normal,1,Severe
train,7696,749,SA05,SA05:F08_SA05_R03.txt,1,Fall,1,1,1,Severe,0.12484528934299866,0,Normal,1,Severe
train,7697,750,SA05,SA05:F08_SA05_R03.txt,1,Fall,1,1,1,Severe,0.1233974607658298,0,Normal,1,Severe
train,7698,751,SA05,SA05:F08_SA05_R03.txt,1,Fall,0,0,0,Mild,0.11321615850571681,0,Normal,0,Mild
train,7708,752,SA05,SA05:F08_SA05_R04.txt,1,Fall,0,0,0,Mild,0.12304489440239885,0,Normal,0,Mild
train,7709,753,SA05,SA05:F08_SA05_R04.txt,1,Fall,0,0,0,Mild,0.12858092695507028,0,Normal,0,Mild
train,7710,754,SA05,SA05:F08_SA05_R04.txt,1,Fall,0,0,0,Mild,0.12186091586210446,0,Normal,0,Mild
train,7711,755,SA05,SA05:F08_SA05_R04.txt,1,Fall,0,0,0,Mild,0.09169338203093508,0,Normal,0,Mild
train,7723,756,SA05,SA05:F08_SA05_R05.txt,1,Fall,0,0,0,Mild,0.097472842944139,0,Normal,0,Mild
train,7724,757,SA05,SA05:F08_SA05_R05.txt,1,Fall,0,0,0,Mild,0.11883773624852478,0,Normal,0,Mild
train,7725,758,SA05,SA05:F08_SA05_R05.txt,1,Fall,0,0,0,Mild,0.12500111688581655,0,Normal,0,Mild
train,7726,759,SA05,SA05:F08_SA05_R05.txt,1,Fall,0,0,0,Mild,0.11841905460088636,0,Normal,0,Mild
train,7741,760,SA05,SA05:F09_SA05_R01.txt,1,Fall,1,1,1,Severe,0.09362801222686568,0,Normal,1,Severe
train,7742,761,SA05,SA05:F09_SA05_R01.txt,1,Fall,1,1,1,Severe,0.11298530124643846,0,Normal,1,Severe
train,7743,762,SA05,SA05:F09_SA05_R01.txt,1,Fall,1,1,1,Severe,0.11226921541586893,0,Normal,1,Severe
train,7744,763,SA05,SA05:F09_SA05_R01.txt,1,Fall,1,1,1,Severe,0.08228795369984743,0,Normal,1,Severe
train,7755,764,SA05,SA05:F09_SA05_R02.txt,1,Fall,1,1,1,Severe,0.095983471193339,0,Normal,1,Severe
train,7756,765,SA05,SA05:F09_SA05_R02.txt,1,Fall,1,1,1,Severe,0.09288713786792996,0,Normal,1,Severe
train,7757,766,SA05,SA05:F09_SA05_R02.txt,1,Fall,1,1,1,Severe,0.09158498790462932,0,Normal,1,Severe
train,7758,767,SA05,SA05:F09_SA05_R02.txt,1,Fall,1,1,1,Severe,0.06596845295326376,0,Normal,1,Severe
train,7771,768,SA05,SA05:F09_SA05_R03.txt,1,Fall,1,1,1,Severe,0.1122593687827586,0,Normal,1,Severe
train,7772,769,SA05,SA05:F09_SA05_R03.txt,1,Fall,1,1,1,Severe,0.11085086126362015,0,Normal,1,Severe
train,7773,770,SA05,SA05:F09_SA05_R03.txt,1,Fall,1,1,1,Severe,0.10394088004850216,0,Normal,1,Severe
train,7774,771,SA05,SA05:F09_SA05_R03.txt,1,Fall,1,1,1,Severe,0.027941756818830044,0,Normal,1,Severe
train,7786,772,SA05,SA05:F09_SA05_R04.txt,1,Fall,1,1,1,Severe,0.10299942176051446,0,Normal,1,Severe
train,7787,773,SA05,SA05:F09_SA05_R04.txt,1,Fall,1,1,1,Severe,0.09650541557238729,0,Normal,1,Severe
train,7788,774,SA05,SA05:F09_SA05_R04.txt,1,Fall,1,1,1,Severe,0.09458585851457108,0,Normal,1,Severe
train,7789,775,SA05,SA05:F09_SA05_R04.txt,1,Fall,1,1,1,Severe,0.07105471514009182,0,Normal,1,Severe
train,7801,776,SA05,SA05:F09_SA05_R05.txt,1,Fall,1,1,1,Severe,0.07745827302804426,0,Normal,1,Severe
train,7802,777,SA05,SA05:F09_SA05_R05.txt,1,Fall,1,1,1,Severe,0.08479014201095747,0,Normal,1,Severe
train,7803,778,SA05,SA05:F09_SA05_R05.txt,1,Fall,1,1,1,Severe,0.08696775418952796,0,Normal,1,Severe
train,7804,779,SA05,SA05:F09_SA05_R05.txt,1,Fall,1,1,1,Severe,0.0762070681034634,0,Normal,1,Severe
train,7815,780,SA05,SA05:F10_SA05_R01.txt,1,Fall,1,1,1,Severe,0.1197964114532864,0,Normal,1,Severe
train,7816,781,SA05,SA05:F10_SA05_R01.txt,1,Fall,1,1,1,Severe,0.12560847114618312,0,Normal,1,Severe
train,7817,782,SA05,SA05:F10_SA05_R01.txt,1,Fall,1,1,1,Severe,0.12495023851547488,0,Normal,1,Severe
train,7818,783,SA05,SA05:F10_SA05_R01.txt,1,Fall,1,1,1,Severe,0.08458258113095157,0,Normal,1,Severe
train,7829,784,SA05,SA05:F10_SA05_R02.txt,1,Fall,0,0,0,Mild,0.09246004670671265,0,Normal,0,Mild
train,7830,785,SA05,SA05:F10_SA05_R02.txt,1,Fall,0,0,0,Mild,0.11134375836103655,0,Normal,0,Mild
train,7831,786,SA05,SA05:F10_SA05_R02.txt,1,Fall,0,0,0,Mild,0.11768484470998292,0,Normal,0,Mild
train,7832,787,SA05,SA05:F10_SA05_R02.txt,1,Fall,0,0,0,Mild,0.12269170200483709,0,Normal,0,Mild
train,7845,788,SA05,SA05:F10_SA05_R03.txt,1,Fall,1,1,1,Severe,0.10320247485239842,0,Normal,1,Severe
train,7846,789,SA05,SA05:F10_SA05_R03.txt,1,Fall,1,1,1,Severe,0.10898168507460954,0,Normal,1,Severe
train,7847,790,SA05,SA05:F10_SA05_R03.txt,1,Fall,1,1,1,Severe,0.100061508046771,0,Normal,1,Severe
train,7848,791,SA05,SA05:F10_SA05_R03.txt,1,Fall,1,1,1,Severe,0.07245780277951841,0,Normal,1,Severe
train,7860,792,SA05,SA05:F10_SA05_R04.txt,1,Fall,0,0,0,Mild,0.08695106784802564,0,Normal,0,Mild
train,7861,793,SA05,SA05:F10_SA05_R04.txt,1,Fall,0,0,0,Mild,0.09936866426422775,0,Normal,0,Mild
train,7862,794,SA05,SA05:F10_SA05_R04.txt,1,Fall,0,0,0,Mild,0.09358237130212127,0,Normal,0,Mild
train,7863,795,SA05,SA05:F10_SA05_R04.txt,1,Fall,0,0,0,Mild,0.06641074628698967,0,Normal,0,Mild
train,7874,796,SA05,SA05:F10_SA05_R05.txt,1,Fall,0,0,0,Mild,0.09037219433762056,0,Normal,0,Mild
train,7875,797,SA05,SA05:F10_SA05_R05.txt,1,Fall,0,0,0,Mild,0.0934216576736141,0,Normal,0,Mild
train,7876,798,SA05,SA05:F10_SA05_R05.txt,1,Fall,0,0,0,Mild,0.08792890856389418,0,Normal,0,Mild
train,7877,799,SA05,SA05:F10_SA05_R05.txt,1,Fall,0,0,0,Mild,0.07634186242496643,0,Normal,0,Mild
train,7889,800,SA05,SA05:F11_SA05_R01.txt,1,Fall,0,0,0,Mild,0.0644771577326117,0,Normal,0,Mild
train,7890,801,SA05,SA05:F11_SA05_R01.txt,1,Fall,0,0,0,Mild,0.07609538225021972,0,Normal,0,Mild
train,7891,802,SA05,SA05:F11_SA05_R01.txt,1,Fall,0,0,0,Mild,0.06667883818369591,0,Normal,0,Mild
train,7892,803,SA05,SA05:F11_SA05_R01.txt,1,Fall,0,0,0,Mild,0.06588726501934822,0,Normal,0,Mild
train,7905,804,SA05,SA05:F11_SA05_R02.txt,1,Fall,0,0,0,Mild,0.06615665722728115,0,Normal,0,Mild
train,7906,805,SA05,SA05:F11_SA05_R02.txt,1,Fall,0,0,0,Mild,0.06137430242177805,0,Normal,0,Mild
train,7907,806,SA05,SA05:F11_SA05_R02.txt,1,Fall,0,0,0,Mild,0.05917058464849695,0,Normal,0,Mild
train,7908,807,SA05,SA05:F11_SA05_R02.txt,1,Fall,0,0,0,Mild,0.01704861398341828,0,Normal,0,Mild
train,7920,808,SA05,SA05:F11_SA05_R03.txt,1,Fall,0,0,0,Mild,0.06726273441154329,0,Normal,0,Mild
train,7921,809,SA05,SA05:F11_SA05_R03.txt,1,Fall,0,0,0,Mild,0.06268700656130155,0,Normal,0,Mild
train,7922,810,SA05,SA05:F11_SA05_R03.txt,1,Fall,0,0,0,Mild,0.05584032008100298,0,Normal,0,Mild
train,7923,811,SA05,SA05:F11_SA05_R03.txt,1,Fall,0,0,0,Mild,0.034740135464638555,0,Normal,0,Mild
train,7934,812,SA05,SA05:F11_SA05_R04.txt,1,Fall,0,0,0,Mild,-0.004300247282421066,1,Anomalous,-1,Non-applicable
train,7935,813,SA05,SA05:F11_SA05_R04.txt,1,Fall,0,0,0,Mild,0.01560103988882744,0,Normal,0,Mild
train,7936,814,SA05,SA05:F11_SA05_R04.txt,1,Fall,0,0,0,Mild,-0.001114041689213252,1,Anomalous,-1,Non-applicable
train,7937,815,SA05,SA05:F11_SA05_R04.txt,1,Fall,0,0,0,Mild,-0.00831217025786457,1,Anomalous,-1,Non-applicable
train,7950,816,SA05,SA05:F11_SA05_R05.txt,1,Fall,0,0,0,Mild,0.06309780482123895,0,Normal,0,Mild
train,7951,817,SA05,SA05:F11_SA05_R05.txt,1,Fall,0,0,0,Mild,0.06223787234406458,0,Normal,0,Mild
train,7952,818,SA05,SA05:F11_SA05_R05.txt,1,Fall,0,0,0,Mild,0.05521584345406644,0,Normal,0,Mild
train,7953,819,SA05,SA05:F11_SA05_R05.txt,1,Fall,0,0,0,Mild,0.018468867826061275,0,Normal,0,Mild
train,7963,820,SA05,SA05:F12_SA05_R01.txt,1,Fall,1,1,1,Severe,0.10606570206558436,0,Normal,1,Severe
train,7964,821,SA05,SA05:F12_SA05_R01.txt,1,Fall,1,1,1,Severe,0.11906180660172444,0,Normal,1,Severe
train,7965,822,SA05,SA05:F12_SA05_R01.txt,1,Fall,1,1,1,Severe,0.11236910833897795,0,Normal,1,Severe
train,7966,823,SA05,SA05:F12_SA05_R01.txt,1,Fall,1,1,1,Severe,0.1064640630698524,0,Normal,1,Severe
train,7980,824,SA05,SA05:F12_SA05_R02.txt,1,Fall,1,1,1,Severe,0.054562686282375816,0,Normal,1,Severe
train,7981,825,SA05,SA05:F12_SA05_R02.txt,1,Fall,1,1,1,Severe,0.121356843699583,0,Normal,1,Severe
train,7982,826,SA05,SA05:F12_SA05_R02.txt,1,Fall,1,1,1,Severe,0.1227678587110258,0,Normal,1,Severe
train,7983,827,SA05,SA05:F12_SA05_R02.txt,1,Fall,1,1,1,Severe,0.1144374469165535,0,Normal,1,Severe
train,7992,828,SA05,SA05:F12_SA05_R03.txt,1,Fall,1,1,1,Severe,0.11095397287912828,0,Normal,1,Severe
train,7993,829,SA05,SA05:F12_SA05_R03.txt,1,Fall,1,1,1,Severe,0.132890139726912,0,Normal,1,Severe
train,7994,830,SA05,SA05:F12_SA05_R03.txt,1,Fall,1,1,1,Severe,0.12551213834887237,0,Normal,1,Severe
train,7995,831,SA05,SA05:F12_SA05_R03.txt,1,Fall,1,1,1,Severe,0.11475234546265856,0,Normal,1,Severe
train,8008,832,SA05,SA05:F12_SA05_R04.txt,1,Fall,1,1,1,Severe,0.09938658583404109,0,Normal,1,Severe
train,8009,833,SA05,SA05:F12_SA05_R04.txt,1,Fall,1,1,1,Severe,0.11282612145359389,0,Normal,1,Severe
train,8010,834,SA05,SA05:F12_SA05_R04.txt,1,Fall,1,1,1,Severe,0.10959563623503293,0,Normal,1,Severe
train,8011,835,SA05,SA05:F12_SA05_R04.txt,1,Fall,1,1,1,Severe,0.09226718659020994,0,Normal,1,Severe
train,8025,836,SA05,SA05:F12_SA05_R05.txt,1,Fall,1,1,1,Severe,0.08733918546538738,0,Normal,1,Severe
train,8026,837,SA05,SA05:F12_SA05_R05.txt,1,Fall,1,1,1,Severe,0.08046551170910121,0,Normal,1,Severe
train,8027,838,SA05,SA05:F12_SA05_R05.txt,1,Fall,1,1,1,Severe,0.06137513831769764,0,Normal,1,Severe
train,8028,839,SA05,SA05:F12_SA05_R05.txt,1,Fall,1,1,1,Severe,0.028125224812167837,0,Normal,1,Severe
train,8037,840,SA05,SA05:F13_SA05_R01.txt,1,Fall,0,0,0,Mild,0.08225828707306393,0,Normal,0,Mild
train,8038,841,SA05,SA05:F13_SA05_R01.txt,1,Fall,0,0,0,Mild,0.08142867782229979,0,Normal,0,Mild
train,8039,842,SA05,SA05:F13_SA05_R01.txt,1,Fall,0,0,0,Mild,0.0720271934641506,0,Normal,0,Mild
train,8040,843,SA05,SA05:F13_SA05_R01.txt,1,Fall,1,1,1,Severe,0.049701628038441525,0,Normal,1,Severe
train,8054,844,SA05,SA05:F13_SA05_R02.txt,1,Fall,0,0,0,Mild,0.10194820345879912,0,Normal,0,Mild
train,8055,845,SA05,SA05:F13_SA05_R02.txt,1,Fall,1,1,1,Severe,0.06658020619576221,0,Normal,1,Severe
train,8056,846,SA05,SA05:F13_SA05_R02.txt,1,Fall,1,1,1,Severe,0.0615040457928176,0,Normal,1,Severe
train,8057,847,SA05,SA05:F13_SA05_R02.txt,1,Fall,1,1,1,Severe,0.052399445896094465,0,Normal,1,Severe
train,8069,848,SA05,SA05:F13_SA05_R03.txt,1,Fall,1,1,1,Severe,0.08706082389896286,0,Normal,1,Severe
train,8070,849,SA05,SA05:F13_SA05_R03.txt,1,Fall,1,1,1,Severe,0.07194572078843581,0,Normal,1,Severe
train,8071,850,SA05,SA05:F13_SA05_R03.txt,1,Fall,1,1,1,Severe,0.05307751305829689,0,Normal,1,Severe
train,8072,851,SA05,SA05:F13_SA05_R03.txt,1,Fall,1,1,1,Severe,0.05432270593279398,0,Normal,1,Severe
train,8083,852,SA05,SA05:F13_SA05_R04.txt,1,Fall,0,0,0,Mild,0.08157147078397414,0,Normal,0,Mild
train,8084,853,SA05,SA05:F13_SA05_R04.txt,1,Fall,0,0,0,Mild,0.07121962667896553,0,Normal,0,Mild
train,8085,854,SA05,SA05:F13_SA05_R04.txt,1,Fall,0,0,0,Mild,0.06900840891876342,0,Normal,0,Mild
train,8086,855,SA05,SA05:F13_SA05_R04.txt,1,Fall,0,0,0,Mild,0.044561132686752825,0,Normal,0,Mild
train,8099,856,SA05,SA05:F13_SA05_R05.txt,1,Fall,0,0,0,Mild,0.0808527936662734,0,Normal,0,Mild
train,8100,857,SA05,SA05:F13_SA05_R05.txt,1,Fall,1,1,1,Severe,0.09507114091441077,0,Normal,1,Severe
train,8101,858,SA05,SA05:F13_SA05_R05.txt,1,Fall,1,1,1,Severe,0.08093973304138435,0,Normal,1,Severe
train,8102,859,SA05,SA05:F13_SA05_R05.txt,1,Fall,1,1,1,Severe,0.06724807735808297,0,Normal,1,Severe
train,8112,860,SA05,SA05:F14_SA05_R01.txt,1,Fall,0,0,0,Mild,0.09498876609341617,0,Normal,0,Mild
train,8113,861,SA05,SA05:F14_SA05_R01.txt,1,Fall,0,0,0,Mild,0.10209375567981838,0,Normal,0,Mild
train,8114,862,SA05,SA05:F14_SA05_R01.txt,1,Fall,0,0,0,Mild,0.09921078534220257,0,Normal,0,Mild
train,8115,863,SA05,SA05:F14_SA05_R01.txt,1,Fall,0,0,0,Mild,0.02794330049345528,0,Normal,0,Mild
train,8127,864,SA05,SA05:F14_SA05_R02.txt,1,Fall,1,1,1,Severe,0.07953514897957153,0,Normal,1,Severe
train,8128,865,SA05,SA05:F14_SA05_R02.txt,1,Fall,1,1,1,Severe,0.090191721465127,0,Normal,1,Severe
train,8129,866,SA05,SA05:F14_SA05_R02.txt,1,Fall,1,1,1,Severe,0.08933535410599963,0,Normal,1,Severe
train,8130,867,SA05,SA05:F14_SA05_R02.txt,1,Fall,1,1,1,Severe,0.06663435682274155,0,Normal,1,Severe
train,8142,868,SA05,SA05:F14_SA05_R03.txt,1,Fall,1,1,1,Severe,0.0914194974607565,0,Normal,1,Severe
train,8143,869,SA05,SA05:F14_SA05_R03.txt,1,Fall,1,1,1,Severe,0.09487674193695794,0,Normal,1,Severe
train,8144,870,SA05,SA05:F14_SA05_R03.txt,1,Fall,1,1,1,Severe,0.08878023759889425,0,Normal,1,Severe
train,8145,871,SA05,SA05:F14_SA05_R03.txt,1,Fall,1,1,1,Severe,0.04029442195438204,0,Normal,1,Severe
train,8157,872,SA05,SA05:F14_SA05_R04.txt,1,Fall,1,1,1,Severe,0.10096663883337931,0,Normal,1,Severe
train,8158,873,SA05,SA05:F14_SA05_R04.txt,1,Fall,1,1,1,Severe,0.09969212452025789,0,Normal,1,Severe
train,8159,874,SA05,SA05:F14_SA05_R04.txt,1,Fall,1,1,1,Severe,0.09055747583685436,0,Normal,1,Severe
train,8160,875,SA05,SA05:F14_SA05_R04.txt,1,Fall,1,1,1,Severe,0.051335443996018415,0,Normal,1,Severe
train,8173,876,SA05,SA05:F14_SA05_R05.txt,1,Fall,1,1,1,Severe,0.10687510703503111,0,Normal,1,Severe
train,8174,877,SA05,SA05:F14_SA05_R05.txt,1,Fall,1,1,1,Severe,0.10597203546711104,0,Normal,1,Severe
train,8175,878,SA05,SA05:F14_SA05_R05.txt,1,Fall,1,1,1,Severe,0.09841626861315583,0,Normal,1,Severe
train,8176,879,SA05,SA05:F14_SA05_R05.txt,1,Fall,1,1,1,Severe,0.03777667396851886,0,Normal,1,Severe
train,8187,880,SA05,SA05:F15_SA05_R01.txt,1,Fall,1,1,1,Severe,0.09600774510359422,0,Normal,1,Severe
train,8188,881,SA05,SA05:F15_SA05_R01.txt,1,Fall,1,1,1,Severe,0.10371317332343499,0,Normal,1,Severe
train,8189,882,SA05,SA05:F15_SA05_R01.txt,1,Fall,1,1,1,Severe,0.10090036346424369,0,Normal,1,Severe
train,8190,883,SA05,SA05:F15_SA05_R01.txt,1,Fall,1,1,1,Severe,0.05153779092568439,0,Normal,1,Severe
train,8203,884,SA05,SA05:F15_SA05_R02.txt,1,Fall,1,1,1,Severe,0.10287510671081329,0,Normal,1,Severe
train,8204,885,SA05,SA05:F15_SA05_R02.txt,1,Fall,1,1,1,Severe,0.10934079012484132,0,Normal,1,Severe
train,8205,886,SA05,SA05:F15_SA05_R02.txt,1,Fall,1,1,1,Severe,0.10452442287471653,0,Normal,1,Severe
train,8206,887,SA05,SA05:F15_SA05_R02.txt,1,Fall,1,1,1,Severe,0.036772291356517495,0,Normal,1,Severe
train,8217,888,SA05,SA05:F15_SA05_R03.txt,1,Fall,1,1,1,Severe,0.09240598077388457,0,Normal,1,Severe
train,8218,889,SA05,SA05:F15_SA05_R03.txt,1,Fall,1,1,1,Severe,0.10614651467112735,0,Normal,1,Severe
train,8219,890,SA05,SA05:F15_SA05_R03.txt,1,Fall,1,1,1,Severe,0.10443263948329884,0,Normal,1,Severe
train,8220,891,SA05,SA05:F15_SA05_R03.txt,1,Fall,1,1,1,Severe,0.0763471490266866,0,Normal,1,Severe
train,8234,892,SA05,SA05:F15_SA05_R04.txt,1,Fall,1,1,1,Severe,0.0962424195491669,0,Normal,1,Severe
train,8235,893,SA05,SA05:F15_SA05_R04.txt,1,Fall,1,1,1,Severe,0.09907950266482168,0,Normal,1,Severe
train,8236,894,SA05,SA05:F15_SA05_R04.txt,1,Fall,1,1,1,Severe,0.09578988879507361,0,Normal,1,Severe
train,8237,895,SA05,SA05:F15_SA05_R04.txt,1,Fall,1,1,1,Severe,0.05788578152375512,0,Normal,1,Severe
train,8248,896,SA05,SA05:F15_SA05_R05.txt,1,Fall,1,1,1,Severe,0.05382004033265564,0,Normal,1,Severe
train,8249,897,SA05,SA05:F15_SA05_R05.txt,1,Fall,1,1,1,Severe,0.06266565086553327,0,Normal,1,Severe
train,8250,898,SA05,SA05:F15_SA05_R05.txt,1,Fall,1,1,1,Severe,0.06087482157969071,0,Normal,1,Severe
train,8251,899,SA05,SA05:F15_SA05_R05.txt,1,Fall,1,1,1,Severe,0.01942030521416671,0,Normal,1,Severe
train,9896,900,SA06,SA06:F01_SA06_R01.txt,1,Fall,0,0,0,Mild,0.07215488422483618,0,Normal,0,Mild
train,9897,901,SA06,SA06:F01_SA06_R01.txt,1,Fall,0,0,0,Mild,0.07153593813966352,0,Normal,0,Mild
train,9898,902,SA06,SA06:F01_SA06_R01.txt,1,Fall,0,0,0,Mild,0.05940306797029765,0,Normal,0,Mild
train,9899,903,SA06,SA06:F01_SA06_R01.txt,1,Fall,0,0,0,Mild,0.04691278184128844,0,Normal,0,Mild
train,9910,904,SA06,SA06:F01_SA06_R02.txt,1,Fall,0,0,0,Mild,0.0864915304288007,0,Normal,0,Mild
train,9911,905,SA06,SA06:F01_SA06_R02.txt,1,Fall,0,0,0,Mild,0.09117514567979956,0,Normal,0,Mild
train,9912,906,SA06,SA06:F01_SA06_R02.txt,1,Fall,0,0,0,Mild,0.09559982477490042,0,Normal,0,Mild
train,9913,907,SA06,SA06:F01_SA06_R02.txt,1,Fall,0,0,0,Mild,0.07583795907082053,0,Normal,0,Mild
train,9924,908,SA06,SA06:F01_SA06_R03.txt,1,Fall,0,0,0,Mild,0.0979492274118075,0,Normal,0,Mild
train,9925,909,SA06,SA06:F01_SA06_R03.txt,1,Fall,0,0,0,Mild,0.10716724602400801,0,Normal,0,Mild
train,9926,910,SA06,SA06:F01_SA06_R03.txt,1,Fall,0,0,0,Mild,0.1071014213804114,0,Normal,0,Mild
train,9927,911,SA06,SA06:F01_SA06_R03.txt,1,Fall,0,0,0,Mild,0.09873154418140823,0,Normal,0,Mild
train,9939,912,SA06,SA06:F01_SA06_R04.txt,1,Fall,0,0,0,Mild,0.10497223383865772,0,Normal,0,Mild
train,9940,913,SA06,SA06:F01_SA06_R04.txt,1,Fall,0,0,0,Mild,0.1046183677866564,0,Normal,0,Mild
train,9941,914,SA06,SA06:F01_SA06_R04.txt,1,Fall,0,0,0,Mild,0.10881519812638829,0,Normal,0,Mild
train,9942,915,SA06,SA06:F01_SA06_R04.txt,1,Fall,0,0,0,Mild,0.07382648399136843,0,Normal,0,Mild
train,9955,916,SA06,SA06:F01_SA06_R05.txt,1,Fall,1,1,1,Severe,0.04471471545175093,0,Normal,1,Severe
train,9956,917,SA06,SA06:F01_SA06_R05.txt,1,Fall,1,1,1,Severe,0.06032563724609391,0,Normal,1,Severe
train,9957,918,SA06,SA06:F01_SA06_R05.txt,1,Fall,1,1,1,Severe,0.059495012995484486,0,Normal,1,Severe
train,9958,919,SA06,SA06:F01_SA06_R05.txt,1,Fall,1,1,1,Severe,0.042432383441464216,0,Normal,1,Severe
train,9969,920,SA06,SA06:F02_SA06_R01.txt,1,Fall,0,0,0,Mild,0.10077352976072568,0,Normal,0,Mild
train,9970,921,SA06,SA06:F02_SA06_R01.txt,1,Fall,0,0,0,Mild,0.11008413783426485,0,Normal,0,Mild
train,9971,922,SA06,SA06:F02_SA06_R01.txt,1,Fall,0,0,0,Mild,0.10564168184912015,0,Normal,0,Mild
train,9972,923,SA06,SA06:F02_SA06_R01.txt,1,Fall,0,0,0,Mild,0.07000652634563453,0,Normal,0,Mild
train,9983,924,SA06,SA06:F02_SA06_R02.txt,1,Fall,0,0,0,Mild,0.09616313652982489,0,Normal,0,Mild
train,9984,925,SA06,SA06:F02_SA06_R02.txt,1,Fall,0,0,0,Mild,0.10187678698199892,0,Normal,0,Mild
train,9985,926,SA06,SA06:F02_SA06_R02.txt,1,Fall,0,0,0,Mild,0.09632132408057581,0,Normal,0,Mild
train,9986,927,SA06,SA06:F02_SA06_R02.txt,1,Fall,0,0,0,Mild,0.04027599816362437,0,Normal,0,Mild
train,9999,928,SA06,SA06:F02_SA06_R03.txt,1,Fall,0,0,0,Mild,0.06401769924940937,0,Normal,0,Mild
train,10000,929,SA06,SA06:F02_SA06_R03.txt,1,Fall,0,0,0,Mild,0.08924855580452962,0,Normal,0,Mild
train,10001,930,SA06,SA06:F02_SA06_R03.txt,1,Fall,0,0,0,Mild,0.08732585921857633,0,Normal,0,Mild
train,10002,931,SA06,SA06:F02_SA06_R03.txt,1,Fall,0,0,0,Mild,0.07887802628610863,0,Normal,0,Mild
train,10014,932,SA06,SA06:F02_SA06_R04.txt,1,Fall,0,0,0,Mild,0.08975882745331726,0,Normal,0,Mild
train,10015,933,SA06,SA06:F02_SA06_R04.txt,1,Fall,0,0,0,Mild,0.09582902145974875,0,Normal,0,Mild
train,10016,934,SA06,SA06:F02_SA06_R04.txt,1,Fall,0,0,0,Mild,0.08720450180836226,0,Normal,0,Mild
train,10017,935,SA06,SA06:F02_SA06_R04.txt,1,Fall,0,0,0,Mild,0.055552006337342974,0,Normal,0,Mild
train,10029,936,SA06,SA06:F02_SA06_R05.txt,1,Fall,0,0,0,Mild,0.052031174864994034,0,Normal,0,Mild
train,10030,937,SA06,SA06:F02_SA06_R05.txt,1,Fall,0,0,0,Mild,0.06308333657824805,0,Normal,0,Mild
train,10031,938,SA06,SA06:F02_SA06_R05.txt,1,Fall,0,0,0,Mild,0.05846451899788446,0,Normal,0,Mild
train,10032,939,SA06,SA06:F02_SA06_R05.txt,1,Fall,0,0,0,Mild,0.050943197550667285,0,Normal,0,Mild
train,10041,940,SA06,SA06:F03_SA06_R01.txt,1,Fall,0,0,0,Mild,0.06010401468434812,0,Normal,0,Mild
train,10042,941,SA06,SA06:F03_SA06_R01.txt,1,Fall,1,1,1,Severe,0.07955744188255032,0,Normal,1,Severe
train,10043,942,SA06,SA06:F03_SA06_R01.txt,1,Fall,1,1,1,Severe,0.0691254665234528,0,Normal,1,Severe
train,10044,943,SA06,SA06:F03_SA06_R01.txt,1,Fall,1,1,1,Severe,0.07385669631858871,0,Normal,1,Severe
train,10057,944,SA06,SA06:F03_SA06_R02.txt,1,Fall,1,1,1,Severe,0.09400284892350619,0,Normal,1,Severe
train,10058,945,SA06,SA06:F03_SA06_R02.txt,1,Fall,1,1,1,Severe,0.10168955376273636,0,Normal,1,Severe
train,10059,946,SA06,SA06:F03_SA06_R02.txt,1,Fall,1,1,1,Severe,0.09832143112808711,0,Normal,1,Severe
train,10060,947,SA06,SA06:F03_SA06_R02.txt,1,Fall,1,1,1,Severe,0.0812313249401449,0,Normal,1,Severe
train,10072,948,SA06,SA06:F03_SA06_R03.txt,1,Fall,1,1,1,Severe,0.059447057009948956,0,Normal,1,Severe
train,10073,949,SA06,SA06:F03_SA06_R03.txt,1,Fall,1,1,1,Severe,0.0820516190201595,0,Normal,1,Severe
train,10074,950,SA06,SA06:F03_SA06_R03.txt,1,Fall,1,1,1,Severe,0.08504916732860379,0,Normal,1,Severe
train,10075,951,SA06,SA06:F03_SA06_R03.txt,1,Fall,1,1,1,Severe,0.08068168200751119,0,Normal,1,Severe
train,10087,952,SA06,SA06:F03_SA06_R04.txt,1,Fall,1,1,1,Severe,0.08378808227077256,0,Normal,1,Severe
train,10088,953,SA06,SA06:F03_SA06_R04.txt,1,Fall,1,1,1,Severe,0.09186445896201084,0,Normal,1,Severe
train,10089,954,SA06,SA06:F03_SA06_R04.txt,1,Fall,1,1,1,Severe,0.08204306089870234,0,Normal,1,Severe
train,10090,955,SA06,SA06:F03_SA06_R04.txt,1,Fall,1,1,1,Severe,0.08633097062013512,0,Normal,1,Severe
train,10102,956,SA06,SA06:F03_SA06_R05.txt,1,Fall,1,1,1,Severe,0.07878516427826965,0,Normal,1,Severe
train,10103,957,SA06,SA06:F03_SA06_R05.txt,1,Fall,1,1,1,Severe,0.09010113168889639,0,Normal,1,Severe
train,10104,958,SA06,SA06:F03_SA06_R05.txt,1,Fall,1,1,1,Severe,0.08247375229776671,0,Normal,1,Severe
train,10105,959,SA06,SA06:F03_SA06_R05.txt,1,Fall,1,1,1,Severe,0.06232279892356396,0,Normal,1,Severe
train,10119,960,SA06,SA06:F04_SA06_R01.txt,1,Fall,0,0,0,Mild,0.08243080611102416,0,Normal,0,Mild
train,10120,961,SA06,SA06:F04_SA06_R01.txt,1,Fall,0,0,0,Mild,0.09273216390987005,0,Normal,0,Mild
train,10121,962,SA06,SA06:F04_SA06_R01.txt,1,Fall,0,0,0,Mild,0.09263471496486719,0,Normal,0,Mild
train,10122,963,SA06,SA06:F04_SA06_R01.txt,1,Fall,0,0,0,Mild,0.08803274132477451,0,Normal,0,Mild
train,10134,964,SA06,SA06:F04_SA06_R02.txt,1,Fall,0,0,0,Mild,0.07115399857180027,0,Normal,0,Mild
train,10135,965,SA06,SA06:F04_SA06_R02.txt,1,Fall,0,0,0,Mild,0.08532057363391887,0,Normal,0,Mild
train,10136,966,SA06,SA06:F04_SA06_R02.txt,1,Fall,0,0,0,Mild,0.08550592053289119,0,Normal,0,Mild
train,10137,967,SA06,SA06:F04_SA06_R02.txt,1,Fall,0,0,0,Mild,0.0661229438285797,0,Normal,0,Mild
train,10149,968,SA06,SA06:F04_SA06_R03.txt,1,Fall,0,0,0,Mild,0.05521651604593686,0,Normal,0,Mild
train,10150,969,SA06,SA06:F04_SA06_R03.txt,1,Fall,0,0,0,Mild,0.0661755964087628,0,Normal,0,Mild
train,10151,970,SA06,SA06:F04_SA06_R03.txt,1,Fall,0,0,0,Mild,0.06283887715578451,0,Normal,0,Mild
train,10152,971,SA06,SA06:F04_SA06_R03.txt,1,Fall,0,0,0,Mild,0.02489549537033542,0,Normal,0,Mild
train,10163,972,SA06,SA06:F04_SA06_R04.txt,1,Fall,0,0,0,Mild,0.08452458469496421,0,Normal,0,Mild
train,10164,973,SA06,SA06:F04_SA06_R04.txt,1,Fall,0,0,0,Mild,0.09231828126843145,0,Normal,0,Mild
train,10165,974,SA06,SA06:F04_SA06_R04.txt,1,Fall,0,0,0,Mild,0.09237323759612825,0,Normal,0,Mild
train,10166,975,SA06,SA06:F04_SA06_R04.txt,1,Fall,0,0,0,Mild,0.033441896356831924,0,Normal,0,Mild
train,10179,976,SA06,SA06:F04_SA06_R05.txt,1,Fall,1,1,1,Severe,-0.00879487631360587,1,Anomalous,-1,Non-applicable
train,10180,977,SA06,SA06:F04_SA06_R05.txt,1,Fall,1,1,1,Severe,-0.01977726694003723,1,Anomalous,-1,Non-applicable
train,10181,978,SA06,SA06:F04_SA06_R05.txt,1,Fall,1,1,1,Severe,-0.011740219205935598,1,Anomalous,-1,Non-applicable
train,10182,979,SA06,SA06:F04_SA06_R05.txt,1,Fall,1,1,1,Severe,-0.018418808709663725,1,Anomalous,-1,Non-applicable
train,10189,980,SA06,SA06:F05_SA06_R01.txt,1,Fall,1,1,1,Severe,0.05277297665142544,0,Normal,1,Severe
train,10190,981,SA06,SA06:F05_SA06_R01.txt,1,Fall,1,1,1,Severe,0.04824667340165284,0,Normal,1,Severe
train,10191,982,SA06,SA06:F05_SA06_R01.txt,1,Fall,1,1,1,Severe,0.047163156866692646,0,Normal,1,Severe
train,10192,983,SA06,SA06:F05_SA06_R01.txt,1,Fall,1,1,1,Severe,0.04449923429217595,0,Normal,1,Severe
train,10205,984,SA06,SA06:F05_SA06_R02.txt,1,Fall,1,1,1,Severe,0.06662349383410104,0,Normal,1,Severe
train,10206,985,SA06,SA06:F05_SA06_R02.txt,1,Fall,1,1,1,Severe,0.07305782943766248,0,Normal,1,Severe
train,10207,986,SA06,SA06:F05_SA06_R02.txt,1,Fall,1,1,1,Severe,0.08252974493539061,0,Normal,1,Severe
train,10208,987,SA06,SA06:F05_SA06_R02.txt,1,Fall,0,0,0,Mild,-0.002945874936860715,1,Anomalous,-1,Non-applicable
train,10220,988,SA06,SA06:F05_SA06_R03.txt,1,Fall,1,1,1,Severe,0.0014536281539440088,0,Normal,1,Severe
train,10221,989,SA06,SA06:F05_SA06_R03.txt,1,Fall,1,1,1,Severe,-0.004004888329471212,1,Anomalous,-1,Non-applicable
train,10222,990,SA06,SA06:F05_SA06_R03.txt,1,Fall,1,1,1,Severe,-0.005489771003928334,1,Anomalous,-1,Non-applicable
train,10223,991,SA06,SA06:F05_SA06_R03.txt,1,Fall,1,1,1,Severe,-0.03968890863255381,1,Anomalous,-1,Non-applicable
train,10235,992,SA06,SA06:F05_SA06_R04.txt,1,Fall,1,1,1,Severe,-0.02126316732254041,1,Anomalous,-1,Non-applicable
train,10236,993,SA06,SA06:F05_SA06_R04.txt,1,Fall,1,1,1,Severe,-0.01917816778756487,1,Anomalous,-1,Non-applicable
train,10237,994,SA06,SA06:F05_SA06_R04.txt,1,Fall,1,1,1,Severe,-0.021874272113591497,1,Anomalous,-1,Non-applicable
train,10238,995,SA06,SA06:F05_SA06_R04.txt,1,Fall,1,1,1,Severe,-0.027982112978844564,1,Anomalous,-1,Non-applicable
train,10250,996,SA06,SA06:F05_SA06_R05.txt,1,Fall,1,1,1,Severe,0.07735650955706774,0,Normal,1,Severe
train,10251,997,SA06,SA06:F05_SA06_R05.txt,1,Fall,1,1,1,Severe,0.07488367550605107,0,Normal,1,Severe
train,10252,998,SA06,SA06:F05_SA06_R05.txt,1,Fall,1,1,1,Severe,0.08007242333056569,0,Normal,1,Severe
train,10253,999,SA06,SA06:F05_SA06_R05.txt,1,Fall,1,1,1,Severe,0.04674834333803124,0,Normal,1,Severe
train,10269,1000,SA06,SA06:F06_SA06_R01.txt,1,Fall,1,1,1,Severe,0.0401265106926621,0,Normal,1,Severe
train,10270,1001,SA06,SA06:F06_SA06_R01.txt,1,Fall,1,1,1,Severe,0.049802732495763447,0,Normal,1,Severe
train,10271,1002,SA06,SA06:F06_SA06_R01.txt,1,Fall,1,1,1,Severe,0.04937130859840161,0,Normal,1,Severe
train,10272,1003,SA06,SA06:F06_SA06_R01.txt,1,Fall,1,1,1,Severe,0.04092687437289061,0,Normal,1,Severe
train,10286,1004,SA06,SA06:F06_SA06_R02.txt,1,Fall,1,1,1,Severe,0.05794547209581902,0,Normal,1,Severe
train,10287,1005,SA06,SA06:F06_SA06_R02.txt,1,Fall,1,1,1,Severe,0.08000366867252362,0,Normal,1,Severe
train,10288,1006,SA06,SA06:F06_SA06_R02.txt,1,Fall,1,1,1,Severe,0.08451672733104543,0,Normal,1,Severe
train,10289,1007,SA06,SA06:F06_SA06_R02.txt,1,Fall,1,1,1,Severe,0.08068703599355509,0,Normal,1,Severe
train,10302,1008,SA06,SA06:F06_SA06_R03.txt,1,Fall,0,0,0,Mild,0.0744653871569998,0,Normal,0,Mild
train,10303,1009,SA06,SA06:F06_SA06_R03.txt,1,Fall,0,0,0,Mild,0.08094757039283712,0,Normal,0,Mild
train,10304,1010,SA06,SA06:F06_SA06_R03.txt,1,Fall,0,0,0,Mild,0.08460921395394616,0,Normal,0,Mild
train,10305,1011,SA06,SA06:F06_SA06_R03.txt,1,Fall,0,0,0,Mild,0.07309520419498855,0,Normal,0,Mild
train,10317,1012,SA06,SA06:F06_SA06_R04.txt,1,Fall,1,1,1,Severe,0.08119682967572711,0,Normal,1,Severe
train,10318,1013,SA06,SA06:F06_SA06_R04.txt,1,Fall,1,1,1,Severe,0.08450344990108138,0,Normal,1,Severe
train,10319,1014,SA06,SA06:F06_SA06_R04.txt,1,Fall,1,1,1,Severe,0.07803617630754595,0,Normal,1,Severe
train,10320,1015,SA06,SA06:F06_SA06_R04.txt,1,Fall,1,1,1,Severe,0.03346797320155698,0,Normal,1,Severe
train,10330,1016,SA06,SA06:F06_SA06_R05.txt,1,Fall,1,1,1,Severe,0.07311930404632633,0,Normal,1,Severe
train,10331,1017,SA06,SA06:F06_SA06_R05.txt,1,Fall,1,1,1,Severe,0.09241045229667566,0,Normal,1,Severe
train,10332,1018,SA06,SA06:F06_SA06_R05.txt,1,Fall,1,1,1,Severe,0.09081487614235739,0,Normal,1,Severe
train,10333,1019,SA06,SA06:F06_SA06_R05.txt,1,Fall,1,1,1,Severe,0.0803086280214223,0,Normal,1,Severe
train,10343,1020,SA06,SA06:F07_SA06_R01.txt,1,Fall,0,0,0,Mild,0.0692766751000406,0,Normal,0,Mild
train,10344,1021,SA06,SA06:F07_SA06_R01.txt,1,Fall,0,0,0,Mild,0.07265855486968692,0,Normal,0,Mild
train,10345,1022,SA06,SA06:F07_SA06_R01.txt,1,Fall,0,0,0,Mild,0.060860917310323615,0,Normal,0,Mild
train,10346,1023,SA06,SA06:F07_SA06_R01.txt,1,Fall,0,0,0,Mild,0.06011337314963289,0,Normal,0,Mild
train,10359,1024,SA06,SA06:F07_SA06_R02.txt,1,Fall,1,1,1,Severe,0.10393914468520832,0,Normal,1,Severe
train,10360,1025,SA06,SA06:F07_SA06_R02.txt,1,Fall,1,1,1,Severe,0.10791350384010917,0,Normal,1,Severe
train,10361,1026,SA06,SA06:F07_SA06_R02.txt,1,Fall,1,1,1,Severe,0.08397784864974261,0,Normal,1,Severe
train,10362,1027,SA06,SA06:F07_SA06_R02.txt,1,Fall,1,1,1,Severe,0.059122736795079234,0,Normal,1,Severe
train,10373,1028,SA06,SA06:F07_SA06_R03.txt,1,Fall,1,1,1,Severe,0.11242922991393467,0,Normal,1,Severe
train,10374,1029,SA06,SA06:F07_SA06_R03.txt,1,Fall,1,1,1,Severe,0.1173050520541023,0,Normal,1,Severe
train,10375,1030,SA06,SA06:F07_SA06_R03.txt,1,Fall,1,1,1,Severe,0.09653399336857105,0,Normal,1,Severe
train,10376,1031,SA06,SA06:F07_SA06_R03.txt,1,Fall,1,1,1,Severe,0.05368796979375268,0,Normal,1,Severe
train,10388,1032,SA06,SA06:F07_SA06_R04.txt,1,Fall,1,1,1,Severe,0.09982979252455065,0,Normal,1,Severe
train,10389,1033,SA06,SA06:F07_SA06_R04.txt,1,Fall,1,1,1,Severe,0.11439415847830336,0,Normal,1,Severe
train,10390,1034,SA06,SA06:F07_SA06_R04.txt,1,Fall,1,1,1,Severe,0.11670802609768838,0,Normal,1,Severe
train,10391,1035,SA06,SA06:F07_SA06_R04.txt,1,Fall,1,1,1,Severe,0.1071257115452734,0,Normal,1,Severe
train,10404,1036,SA06,SA06:F07_SA06_R05.txt,1,Fall,1,1,1,Severe,0.09942513103809086,0,Normal,1,Severe
train,10405,1037,SA06,SA06:F07_SA06_R05.txt,1,Fall,1,1,1,Severe,0.09685328031399121,0,Normal,1,Severe
train,10406,1038,SA06,SA06:F07_SA06_R05.txt,1,Fall,1,1,1,Severe,0.08257076167045446,0,Normal,1,Severe
train,10407,1039,SA06,SA06:F07_SA06_R05.txt,1,Fall,1,1,1,Severe,0.0734594129859572,0,Normal,1,Severe
train,10416,1040,SA06,SA06:F08_SA06_R01.txt,1,Fall,1,1,1,Severe,0.06316585101881622,0,Normal,1,Severe
train,10417,1041,SA06,SA06:F08_SA06_R01.txt,1,Fall,1,1,1,Severe,0.06897899970900512,0,Normal,1,Severe
train,10418,1042,SA06,SA06:F08_SA06_R01.txt,1,Fall,1,1,1,Severe,0.06407153480063632,0,Normal,1,Severe
train,10419,1043,SA06,SA06:F08_SA06_R01.txt,1,Fall,1,1,1,Severe,0.055629383421239686,0,Normal,1,Severe
train,10431,1044,SA06,SA06:F08_SA06_R02.txt,1,Fall,1,1,1,Severe,0.1014303482292282,0,Normal,1,Severe
train,10432,1045,SA06,SA06:F08_SA06_R02.txt,1,Fall,1,1,1,Severe,0.09535646534529879,0,Normal,1,Severe
train,10433,1046,SA06,SA06:F08_SA06_R02.txt,1,Fall,1,1,1,Severe,0.0897579497211663,0,Normal,1,Severe
train,10434,1047,SA06,SA06:F08_SA06_R02.txt,1,Fall,1,1,1,Severe,0.05690358233690279,0,Normal,1,Severe
train,10446,1048,SA06,SA06:F08_SA06_R03.txt,1,Fall,1,1,1,Severe,0.06615733990434824,0,Normal,1,Severe
train,10447,1049,SA06,SA06:F08_SA06_R03.txt,1,Fall,1,1,1,Severe,0.0802446604379366,0,Normal,1,Severe
train,10448,1050,SA06,SA06:F08_SA06_R03.txt,1,Fall,1,1,1,Severe,0.07262281537835225,0,Normal,1,Severe
train,10449,1051,SA06,SA06:F08_SA06_R03.txt,1,Fall,1,1,1,Severe,0.06491689033128334,0,Normal,1,Severe
train,10462,1052,SA06,SA06:F08_SA06_R04.txt,1,Fall,0,0,0,Mild,0.08757483895948709,0,Normal,0,Mild
train,10463,1053,SA06,SA06:F08_SA06_R04.txt,1,Fall,0,0,0,Mild,0.09843764528096377,0,Normal,0,Mild
train,10464,1054,SA06,SA06:F08_SA06_R04.txt,1,Fall,0,0,0,Mild,0.08497610601393368,0,Normal,0,Mild
train,10465,1055,SA06,SA06:F08_SA06_R04.txt,1,Fall,0,0,0,Mild,0.07899005961035399,0,Normal,0,Mild
train,10477,1056,SA06,SA06:F08_SA06_R05.txt,1,Fall,0,0,0,Mild,0.05726966083954116,0,Normal,0,Mild
train,10478,1057,SA06,SA06:F08_SA06_R05.txt,1,Fall,0,0,0,Mild,0.08169217373926313,0,Normal,0,Mild
train,10479,1058,SA06,SA06:F08_SA06_R05.txt,1,Fall,0,0,0,Mild,0.08333955988797825,0,Normal,0,Mild
train,10480,1059,SA06,SA06:F08_SA06_R05.txt,1,Fall,0,0,0,Mild,0.08451654139654274,0,Normal,0,Mild
train,10487,1060,SA06,SA06:F09_SA06_R01.txt,1,Fall,1,1,1,Severe,0.08364338950562483,0,Normal,1,Severe
train,10488,1061,SA06,SA06:F09_SA06_R01.txt,1,Fall,1,1,1,Severe,0.12368786927559061,0,Normal,1,Severe
train,10489,1062,SA06,SA06:F09_SA06_R01.txt,1,Fall,1,1,1,Severe,0.12397022118539403,0,Normal,1,Severe
train,10490,1063,SA06,SA06:F09_SA06_R01.txt,1,Fall,1,1,1,Severe,0.11315220793541286,0,Normal,1,Severe
train,10505,1064,SA06,SA06:F09_SA06_R02.txt,1,Fall,1,1,1,Severe,0.10555092416101158,0,Normal,1,Severe
train,10506,1065,SA06,SA06:F09_SA06_R02.txt,1,Fall,1,1,1,Severe,0.10005950018737314,0,Normal,1,Severe
train,10507,1066,SA06,SA06:F09_SA06_R02.txt,1,Fall,1,1,1,Severe,0.0933034777031248,0,Normal,1,Severe
train,10508,1067,SA06,SA06:F09_SA06_R02.txt,1,Fall,1,1,1,Severe,0.07279156812078652,0,Normal,1,Severe
train,10520,1068,SA06,SA06:F09_SA06_R03.txt,1,Fall,1,1,1,Severe,0.07041907801795255,0,Normal,1,Severe
train,10521,1069,SA06,SA06:F09_SA06_R03.txt,1,Fall,1,1,1,Severe,0.07345284503327909,0,Normal,1,Severe
train,10522,1070,SA06,SA06:F09_SA06_R03.txt,1,Fall,1,1,1,Severe,0.07347067319278994,0,Normal,1,Severe
train,10523,1071,SA06,SA06:F09_SA06_R03.txt,1,Fall,1,1,1,Severe,0.06550208515066891,0,Normal,1,Severe
train,10532,1072,SA06,SA06:F09_SA06_R04.txt,1,Fall,1,1,1,Severe,0.07625046457520457,0,Normal,1,Severe
train,10533,1073,SA06,SA06:F09_SA06_R04.txt,1,Fall,1,1,1,Severe,0.09656099914782929,0,Normal,1,Severe
train,10534,1074,SA06,SA06:F09_SA06_R04.txt,1,Fall,1,1,1,Severe,0.0895149673860463,0,Normal,1,Severe
train,10535,1075,SA06,SA06:F09_SA06_R04.txt,1,Fall,1,1,1,Severe,0.08647274493575352,0,Normal,1,Severe
train,10548,1076,SA06,SA06:F09_SA06_R05.txt,1,Fall,1,1,1,Severe,0.06803726239595914,0,Normal,1,Severe
train,10549,1077,SA06,SA06:F09_SA06_R05.txt,1,Fall,1,1,1,Severe,0.07206386876806758,0,Normal,1,Severe
train,10550,1078,SA06,SA06:F09_SA06_R05.txt,1,Fall,1,1,1,Severe,0.06593778356229746,0,Normal,1,Severe
train,10551,1079,SA06,SA06:F09_SA06_R05.txt,1,Fall,1,1,1,Severe,0.05009935287835671,0,Normal,1,Severe
train,10564,1080,SA06,SA06:F10_SA06_R01.txt,1,Fall,1,1,1,Severe,0.03236337777491083,0,Normal,1,Severe
train,10565,1081,SA06,SA06:F10_SA06_R01.txt,1,Fall,1,1,1,Severe,0.02657073991730663,0,Normal,1,Severe
train,10566,1082,SA06,SA06:F10_SA06_R01.txt,1,Fall,1,1,1,Severe,0.011015037742599931,0,Normal,1,Severe
train,10567,1083,SA06,SA06:F10_SA06_R01.txt,1,Fall,1,1,1,Severe,0.017212307648574066,0,Normal,1,Severe
train,10580,1084,SA06,SA06:F10_SA06_R02.txt,1,Fall,0,0,0,Mild,0.008096471612180411,0,Normal,0,Mild
train,10581,1085,SA06,SA06:F10_SA06_R02.txt,1,Fall,0,0,0,Mild,0.0121258293135601,0,Normal,0,Mild
train,10582,1086,SA06,SA06:F10_SA06_R02.txt,1,Fall,0,0,0,Mild,0.016794156479849054,0,Normal,0,Mild
train,10583,1087,SA06,SA06:F10_SA06_R02.txt,1,Fall,0,0,0,Mild,0.0014998402561474666,0,Normal,0,Mild
train,10598,1088,SA06,SA06:F10_SA06_R03.txt,1,Fall,1,1,1,Severe,0.0526200626105478,0,Normal,1,Severe
train,10599,1089,SA06,SA06:F10_SA06_R03.txt,1,Fall,1,1,1,Severe,0.051045607233748014,0,Normal,1,Severe
train,10600,1090,SA06,SA06:F10_SA06_R03.txt,1,Fall,1,1,1,Severe,0.040468541654295254,0,Normal,1,Severe
train,10601,1091,SA06,SA06:F10_SA06_R03.txt,1,Fall,1,1,1,Severe,0.007586063125376241,0,Normal,1,Severe
train,10608,1092,SA06,SA06:F10_SA06_R04.txt,1,Fall,1,1,1,Severe,0.04626099411954543,0,Normal,1,Severe
train,10609,1093,SA06,SA06:F10_SA06_R04.txt,1,Fall,1,1,1,Severe,0.04650611943662769,0,Normal,1,Severe
train,10610,1094,SA06,SA06:F10_SA06_R04.txt,1,Fall,1,1,1,Severe,0.03544021473974496,0,Normal,1,Severe
train,10611,1095,SA06,SA06:F10_SA06_R04.txt,1,Fall,1,1,1,Severe,0.012248811914284619,0,Normal,1,Severe
train,10625,1096,SA06,SA06:F10_SA06_R05.txt,1,Fall,1,1,1,Severe,0.0820466554950186,0,Normal,1,Severe
train,10626,1097,SA06,SA06:F10_SA06_R05.txt,1,Fall,1,1,1,Severe,0.0831691498208787,0,Normal,1,Severe
train,10627,1098,SA06,SA06:F10_SA06_R05.txt,1,Fall,1,1,1,Severe,0.07110120373977569,0,Normal,1,Severe
train,10628,1099,SA06,SA06:F10_SA06_R05.txt,1,Fall,1,1,1,Severe,0.0591281432630148,0,Normal,1,Severe
train,10640,1100,SA06,SA06:F11_SA06_R01.txt,1,Fall,0,0,0,Mild,0.038928633619447206,0,Normal,0,Mild
train,10641,1101,SA06,SA06:F11_SA06_R01.txt,1,Fall,0,0,0,Mild,0.04346798782650113,0,Normal,0,Mild
train,10642,1102,SA06,SA06:F11_SA06_R01.txt,1,Fall,0,0,0,Mild,0.03777998888657419,0,Normal,0,Mild
train,10643,1103,SA06,SA06:F11_SA06_R01.txt,1,Fall,0,0,0,Mild,0.025455034298975887,0,Normal,0,Mild
train,10654,1104,SA06,SA06:F11_SA06_R02.txt,1,Fall,0,0,0,Mild,0.04389753544415331,0,Normal,0,Mild
train,10655,1105,SA06,SA06:F11_SA06_R02.txt,1,Fall,0,0,0,Mild,0.06247726748017607,0,Normal,0,Mild
train,10656,1106,SA06,SA06:F11_SA06_R02.txt,1,Fall,0,0,0,Mild,0.06695453216614483,0,Normal,0,Mild
train,10657,1107,SA06,SA06:F11_SA06_R02.txt,1,Fall,0,0,0,Mild,0.05880503293950662,0,Normal,0,Mild
train,10668,1108,SA06,SA06:F11_SA06_R03.txt,1,Fall,0,0,0,Mild,0.04781610401947517,0,Normal,0,Mild
train,10669,1109,SA06,SA06:F11_SA06_R03.txt,1,Fall,0,0,0,Mild,0.05004352400405221,0,Normal,0,Mild
train,10670,1110,SA06,SA06:F11_SA06_R03.txt,1,Fall,0,0,0,Mild,0.05078896487936868,0,Normal,0,Mild
train,10671,1111,SA06,SA06:F11_SA06_R03.txt,1,Fall,0,0,0,Mild,0.047470430351458925,0,Normal,0,Mild
train,10683,1112,SA06,SA06:F11_SA06_R04.txt,1,Fall,0,0,0,Mild,0.04944002370344486,0,Normal,0,Mild
train,10684,1113,SA06,SA06:F11_SA06_R04.txt,1,Fall,0,0,0,Mild,0.06646629326876363,0,Normal,0,Mild
train,10685,1114,SA06,SA06:F11_SA06_R04.txt,1,Fall,0,0,0,Mild,0.05860107103813317,0,Normal,0,Mild
train,10686,1115,SA06,SA06:F11_SA06_R04.txt,1,Fall,0,0,0,Mild,0.04222997362871911,0,Normal,0,Mild
train,10699,1116,SA06,SA06:F11_SA06_R05.txt,1,Fall,0,0,0,Mild,0.03184790439566487,0,Normal,0,Mild
train,10700,1117,SA06,SA06:F11_SA06_R05.txt,1,Fall,0,0,0,Mild,0.049665676501795486,0,Normal,0,Mild
train,10701,1118,SA06,SA06:F11_SA06_R05.txt,1,Fall,0,0,0,Mild,0.05100720186481639,0,Normal,0,Mild
train,10702,1119,SA06,SA06:F11_SA06_R05.txt,1,Fall,0,0,0,Mild,0.046384358987676955,0,Normal,0,Mild
train,10715,1120,SA06,SA06:F12_SA06_R01.txt,1,Fall,1,1,1,Severe,0.10911323457335897,0,Normal,1,Severe
train,10716,1121,SA06,SA06:F12_SA06_R01.txt,1,Fall,1,1,1,Severe,0.12035567031582717,0,Normal,1,Severe
train,10717,1122,SA06,SA06:F12_SA06_R01.txt,1,Fall,1,1,1,Severe,0.11954977505387282,0,Normal,1,Severe
train,10718,1123,SA06,SA06:F12_SA06_R01.txt,1,Fall,1,1,1,Severe,0.09024406753028236,0,Normal,1,Severe
train,10727,1124,SA06,SA06:F12_SA06_R02.txt,1,Fall,1,1,1,Severe,0.07384923377090674,0,Normal,1,Severe
train,10728,1125,SA06,SA06:F12_SA06_R02.txt,1,Fall,1,1,1,Severe,0.11902470880897076,0,Normal,1,Severe
train,10729,1126,SA06,SA06:F12_SA06_R02.txt,1,Fall,1,1,1,Severe,0.1227952740383666,0,Normal,1,Severe
train,10730,1127,SA06,SA06:F12_SA06_R02.txt,1,Fall,1,1,1,Severe,0.11530277528884886,0,Normal,1,Severe
train,10746,1128,SA06,SA06:F12_SA06_R03.txt,1,Fall,1,1,1,Severe,0.09655539641909822,0,Normal,1,Severe
train,10747,1129,SA06,SA06:F12_SA06_R03.txt,1,Fall,1,1,1,Severe,0.10142764921453862,0,Normal,1,Severe
train,10748,1130,SA06,SA06:F12_SA06_R03.txt,1,Fall,1,1,1,Severe,0.10335949890947022,0,Normal,1,Severe
train,10749,1131,SA06,SA06:F12_SA06_R03.txt,1,Fall,1,1,1,Severe,0.03935436120447078,0,Normal,1,Severe
train,10758,1132,SA06,SA06:F12_SA06_R04.txt,1,Fall,1,1,1,Severe,0.053608832952245056,0,Normal,1,Severe
train,10759,1133,SA06,SA06:F12_SA06_R04.txt,1,Fall,1,1,1,Severe,0.06736639432512409,0,Normal,1,Severe
train,10760,1134,SA06,SA06:F12_SA06_R04.txt,1,Fall,1,1,1,Severe,0.05876839537001011,0,Normal,1,Severe
train,10761,1135,SA06,SA06:F12_SA06_R04.txt,1,Fall,1,1,1,Severe,0.0416507977997832,0,Normal,1,Severe
train,10772,1136,SA06,SA06:F12_SA06_R05.txt,1,Fall,1,1,1,Severe,0.06093482761366631,0,Normal,1,Severe
train,10773,1137,SA06,SA06:F12_SA06_R05.txt,1,Fall,1,1,1,Severe,0.06634988442016693,0,Normal,1,Severe
train,10774,1138,SA06,SA06:F12_SA06_R05.txt,1,Fall,1,1,1,Severe,0.06616931898172457,0,Normal,1,Severe
train,10775,1139,SA06,SA06:F12_SA06_R05.txt,1,Fall,1,1,1,Severe,0.043177888408332976,0,Normal,1,Severe
train,10791,1140,SA06,SA06:F13_SA06_R01.txt,1,Fall,1,1,1,Severe,0.11216744083943653,0,Normal,1,Severe
train,10792,1141,SA06,SA06:F13_SA06_R01.txt,1,Fall,1,1,1,Severe,0.11096388712211208,0,Normal,1,Severe
train,10793,1142,SA06,SA06:F13_SA06_R01.txt,1,Fall,1,1,1,Severe,0.10755453672010662,0,Normal,1,Severe
train,10794,1143,SA06,SA06:F13_SA06_R01.txt,1,Fall,1,1,1,Severe,0.0243516094598466,0,Normal,1,Severe
train,10808,1144,SA06,SA06:F13_SA06_R02.txt,1,Fall,0,0,0,Mild,0.07092904910849823,0,Normal,0,Mild
train,10809,1145,SA06,SA06:F13_SA06_R02.txt,1,Fall,0,0,0,Mild,0.08972922459413529,0,Normal,0,Mild
train,10810,1146,SA06,SA06:F13_SA06_R02.txt,1,Fall,0,0,0,Mild,0.09485507474813665,0,Normal,0,Mild
train,10811,1147,SA06,SA06:F13_SA06_R02.txt,1,Fall,0,0,0,Mild,0.09446164176716104,0,Normal,0,Mild
train,10818,1148,SA06,SA06:F13_SA06_R03.txt,1,Fall,1,1,1,Severe,0.08598213902025609,0,Normal,1,Severe
train,10819,1149,SA06,SA06:F13_SA06_R03.txt,1,Fall,1,1,1,Severe,0.09202626424907934,0,Normal,1,Severe
train,10820,1150,SA06,SA06:F13_SA06_R03.txt,1,Fall,1,1,1,Severe,0.08942107948725286,0,Normal,1,Severe
train,10821,1151,SA06,SA06:F13_SA06_R03.txt,1,Fall,1,1,1,Severe,0.05527772776593082,0,Normal,1,Severe
train,10837,1152,SA06,SA06:F13_SA06_R04.txt,1,Fall,0,0,0,Mild,0.09775551807321142,0,Normal,0,Mild
train,10838,1153,SA06,SA06:F13_SA06_R04.txt,1,Fall,0,0,0,Mild,0.1132697229338856,0,Normal,0,Mild
train,10839,1154,SA06,SA06:F13_SA06_R04.txt,1,Fall,0,0,0,Mild,0.11533161287422383,0,Normal,0,Mild
train,10840,1155,SA06,SA06:F13_SA06_R04.txt,1,Fall,0,0,0,Mild,0.10621399129918913,0,Normal,0,Mild
train,10854,1156,SA06,SA06:F13_SA06_R05.txt,1,Fall,1,1,1,Severe,0.11555285100386198,0,Normal,1,Severe
train,10855,1157,SA06,SA06:F13_SA06_R05.txt,1,Fall,1,1,1,Severe,0.12056192243999841,0,Normal,1,Severe
train,10856,1158,SA06,SA06:F13_SA06_R05.txt,1,Fall,1,1,1,Severe,0.12026120289131043,0,Normal,1,Severe
train,10857,1159,SA06,SA06:F13_SA06_R05.txt,1,Fall,1,1,1,Severe,0.09653311698900069,0,Normal,1,Severe
train,10867,1160,SA06,SA06:F14_SA06_R01.txt,1,Fall,0,0,0,Mild,0.09144771601093665,0,Normal,0,Mild
train,10868,1161,SA06,SA06:F14_SA06_R01.txt,1,Fall,0,0,0,Mild,0.10004750398757034,0,Normal,0,Mild
train,10869,1162,SA06,SA06:F14_SA06_R01.txt,1,Fall,0,0,0,Mild,0.10230139214793432,0,Normal,0,Mild
train,10870,1163,SA06,SA06:F14_SA06_R01.txt,1,Fall,0,0,0,Mild,0.07695841475459414,0,Normal,0,Mild
train,10879,1164,SA06,SA06:F14_SA06_R02.txt,1,Fall,0,0,0,Mild,0.10693601222003724,0,Normal,0,Mild
train,10880,1165,SA06,SA06:F14_SA06_R02.txt,1,Fall,0,0,0,Mild,0.11206492396464512,0,Normal,0,Mild
train,10881,1166,SA06,SA06:F14_SA06_R02.txt,1,Fall,0,0,0,Mild,0.10133705898367118,0,Normal,0,Mild
train,10882,1167,SA06,SA06:F14_SA06_R02.txt,1,Fall,0,0,0,Mild,0.07315729998460846,0,Normal,0,Mild
train,10892,1168,SA06,SA06:F14_SA06_R03.txt,1,Fall,0,0,0,Mild,0.10412106875333804,0,Normal,0,Mild
train,10893,1169,SA06,SA06:F14_SA06_R03.txt,1,Fall,0,0,0,Mild,0.10279921702476763,0,Normal,0,Mild
train,10894,1170,SA06,SA06:F14_SA06_R03.txt,1,Fall,0,0,0,Mild,0.08448463113436144,0,Normal,0,Mild
train,10912,1171,SA06,SA06:F14_SA06_R04.txt,1,Fall,0,0,0,Mild,0.10243081318394398,0,Normal,0,Mild
train,10913,1172,SA06,SA06:F14_SA06_R04.txt,1,Fall,0,0,0,Mild,0.10139768546610584,0,Normal,0,Mild
train,10914,1173,SA06,SA06:F14_SA06_R04.txt,1,Fall,0,0,0,Mild,0.09597150459543019,0,Normal,0,Mild
train,10915,1174,SA06,SA06:F14_SA06_R04.txt,1,Fall,0,0,0,Mild,0.08045402313938887,0,Normal,0,Mild
train,10927,1175,SA06,SA06:F14_SA06_R05.txt,1,Fall,0,0,0,Mild,0.0964568577459391,0,Normal,0,Mild
train,10928,1176,SA06,SA06:F14_SA06_R05.txt,1,Fall,0,0,0,Mild,0.10326874745865261,0,Normal,0,Mild
train,10929,1177,SA06,SA06:F14_SA06_R05.txt,1,Fall,0,0,0,Mild,0.10070489222870488,0,Normal,0,Mild
train,10930,1178,SA06,SA06:F14_SA06_R05.txt,1,Fall,0,0,0,Mild,0.0775807617707372,0,Normal,0,Mild
train,10937,1179,SA06,SA06:F15_SA06_R01.txt,1,Fall,1,1,1,Severe,0.039762357994920006,0,Normal,1,Severe
train,10938,1180,SA06,SA06:F15_SA06_R01.txt,1,Fall,1,1,1,Severe,0.06143129358850663,0,Normal,1,Severe
train,10939,1181,SA06,SA06:F15_SA06_R01.txt,1,Fall,1,1,1,Severe,0.0626303317077721,0,Normal,1,Severe
train,10940,1182,SA06,SA06:F15_SA06_R01.txt,1,Fall,1,1,1,Severe,0.05639264263827681,0,Normal,1,Severe
train,10955,1183,SA06,SA06:F15_SA06_R02.txt,1,Fall,1,1,1,Severe,0.06969421609104576,0,Normal,1,Severe
train,10956,1184,SA06,SA06:F15_SA06_R02.txt,1,Fall,1,1,1,Severe,0.07822176347972837,0,Normal,1,Severe
train,10957,1185,SA06,SA06:F15_SA06_R02.txt,1,Fall,1,1,1,Severe,0.07805843506904692,0,Normal,1,Severe
train,10958,1186,SA06,SA06:F15_SA06_R02.txt,1,Fall,1,1,1,Severe,0.048400567949892226,0,Normal,1,Severe
train,10972,1187,SA06,SA06:F15_SA06_R03.txt,1,Fall,1,1,1,Severe,0.07252603549981529,0,Normal,1,Severe
train,10973,1188,SA06,SA06:F15_SA06_R03.txt,1,Fall,1,1,1,Severe,0.07957837614002217,0,Normal,1,Severe
train,10974,1189,SA06,SA06:F15_SA06_R03.txt,1,Fall,1,1,1,Severe,0.07050933019704886,0,Normal,1,Severe
train,10975,1190,SA06,SA06:F15_SA06_R03.txt,1,Fall,1,1,1,Severe,0.040854827132125404,0,Normal,1,Severe
train,10988,1191,SA06,SA06:F15_SA06_R04.txt,1,Fall,1,1,1,Severe,0.09447578480893448,0,Normal,1,Severe
train,10989,1192,SA06,SA06:F15_SA06_R04.txt,1,Fall,1,1,1,Severe,0.10044251887684819,0,Normal,1,Severe
train,10990,1193,SA06,SA06:F15_SA06_R04.txt,1,Fall,1,1,1,Severe,0.09890039221576857,0,Normal,1,Severe
train,10991,1194,SA06,SA06:F15_SA06_R04.txt,1,Fall,1,1,1,Severe,0.07167222632605097,0,Normal,1,Severe
train,11001,1195,SA06,SA06:F15_SA06_R05.txt,1,Fall,1,1,1,Severe,0.05592768369087858,0,Normal,1,Severe
train,11002,1196,SA06,SA06:F15_SA06_R05.txt,1,Fall,1,1,1,Severe,0.0836587054436902,0,Normal,1,Severe
train,11003,1197,SA06,SA06:F15_SA06_R05.txt,1,Fall,1,1,1,Severe,0.08787037671737902,0,Normal,1,Severe
train,11004,1198,SA06,SA06:F15_SA06_R05.txt,1,Fall,1,1,1,Severe,0.07493008632426107,0,Normal,1,Severe
train,12646,1199,SA07,SA07:F01_SA07_R01.txt,1,Fall,0,0,0,Mild,0.11034523939444613,0,Normal,0,Mild
train,12647,1200,SA07,SA07:F01_SA07_R01.txt,1,Fall,0,0,0,Mild,0.11717822205965966,0,Normal,0,Mild
train,12648,1201,SA07,SA07:F01_SA07_R01.txt,1,Fall,0,0,0,Mild,0.11365809742494248,0,Normal,0,Mild
train,12649,1202,SA07,SA07:F01_SA07_R01.txt,1,Fall,0,0,0,Mild,0.03374292507419713,0,Normal,0,Mild
train,12660,1203,SA07,SA07:F01_SA07_R02.txt,1,Fall,0,0,0,Mild,0.10706100860602102,0,Normal,0,Mild
train,12661,1204,SA07,SA07:F01_SA07_R02.txt,1,Fall,0,0,0,Mild,0.11408861467848735,0,Normal,0,Mild
train,12662,1205,SA07,SA07:F01_SA07_R02.txt,1,Fall,0,0,0,Mild,0.12098642435599655,0,Normal,0,Mild
train,12663,1206,SA07,SA07:F01_SA07_R02.txt,1,Fall,0,0,0,Mild,0.12066209580916865,0,Normal,0,Mild
train,12674,1207,SA07,SA07:F01_SA07_R03.txt,1,Fall,1,1,1,Severe,0.0910804415829029,0,Normal,1,Severe
train,12675,1208,SA07,SA07:F01_SA07_R03.txt,1,Fall,1,1,1,Severe,0.08456377276948035,0,Normal,1,Severe
train,12676,1209,SA07,SA07:F01_SA07_R03.txt,1,Fall,1,1,1,Severe,0.09617027201470213,0,Normal,1,Severe
train,12677,1210,SA07,SA07:F01_SA07_R03.txt,1,Fall,1,1,1,Severe,0.10199691732126626,0,Normal,1,Severe
train,12689,1211,SA07,SA07:F01_SA07_R04.txt,1,Fall,0,0,0,Mild,0.059982451470136255,0,Normal,0,Mild
train,12690,1212,SA07,SA07:F01_SA07_R04.txt,1,Fall,0,0,0,Mild,0.1241359352105389,0,Normal,0,Mild
train,12691,1213,SA07,SA07:F01_SA07_R04.txt,1,Fall,0,0,0,Mild,0.1299292286044489,0,Normal,0,Mild
train,12692,1214,SA07,SA07:F01_SA07_R04.txt,1,Fall,0,0,0,Mild,0.12835658645985765,0,Normal,0,Mild
train,12705,1215,SA07,SA07:F01_SA07_R05.txt,1,Fall,0,0,0,Mild,0.10696787360865395,0,Normal,0,Mild
train,12706,1216,SA07,SA07:F01_SA07_R05.txt,1,Fall,0,0,0,Mild,0.1153671937839858,0,Normal,0,Mild
train,12707,1217,SA07,SA07:F01_SA07_R05.txt,1,Fall,0,0,0,Mild,0.11514285868969343,0,Normal,0,Mild
train,12708,1218,SA07,SA07:F01_SA07_R05.txt,1,Fall,0,0,0,Mild,0.0767708678482682,0,Normal,0,Mild
train,12719,1219,SA07,SA07:F02_SA07_R01.txt,1,Fall,0,0,0,Mild,0.07908764082430225,0,Normal,0,Mild
train,12720,1220,SA07,SA07:F02_SA07_R01.txt,1,Fall,0,0,0,Mild,0.09460912985259173,0,Normal,0,Mild
train,12721,1221,SA07,SA07:F02_SA07_R01.txt,1,Fall,0,0,0,Mild,0.0912289891095861,0,Normal,0,Mild
train,12722,1222,SA07,SA07:F02_SA07_R01.txt,1,Fall,0,0,0,Mild,0.08184752588751654,0,Normal,0,Mild
train,12735,1223,SA07,SA07:F02_SA07_R02.txt,1,Fall,0,0,0,Mild,0.08362649308183928,0,Normal,0,Mild
train,12736,1224,SA07,SA07:F02_SA07_R02.txt,1,Fall,0,0,0,Mild,0.08093703537582825,0,Normal,0,Mild
train,12737,1225,SA07,SA07:F02_SA07_R02.txt,1,Fall,0,0,0,Mild,0.08518922707914306,0,Normal,0,Mild
train,12738,1226,SA07,SA07:F02_SA07_R02.txt,1,Fall,0,0,0,Mild,0.08018510080689417,0,Normal,0,Mild
train,12750,1227,SA07,SA07:F02_SA07_R03.txt,1,Fall,0,0,0,Mild,0.07033134283496356,0,Normal,0,Mild
train,12751,1228,SA07,SA07:F02_SA07_R03.txt,1,Fall,0,0,0,Mild,0.08776228019121757,0,Normal,0,Mild
train,12752,1229,SA07,SA07:F02_SA07_R03.txt,1,Fall,0,0,0,Mild,0.0854772233132669,0,Normal,0,Mild
train,12753,1230,SA07,SA07:F02_SA07_R03.txt,1,Fall,0,0,0,Mild,0.07579201458354018,0,Normal,0,Mild
train,12766,1231,SA07,SA07:F02_SA07_R04.txt,1,Fall,0,0,0,Mild,0.07312532845486291,0,Normal,0,Mild
train,12767,1232,SA07,SA07:F02_SA07_R04.txt,1,Fall,0,0,0,Mild,0.09749811423645721,0,Normal,0,Mild
train,12768,1233,SA07,SA07:F02_SA07_R04.txt,1,Fall,0,0,0,Mild,0.09548354582661933,0,Normal,0,Mild
train,12769,1234,SA07,SA07:F02_SA07_R04.txt,1,Fall,0,0,0,Mild,0.08384192339336088,0,Normal,0,Mild
train,12781,1235,SA07,SA07:F02_SA07_R05.txt,1,Fall,0,0,0,Mild,0.07651711929359473,0,Normal,0,Mild
train,12782,1236,SA07,SA07:F02_SA07_R05.txt,1,Fall,0,0,0,Mild,0.09305817975757336,0,Normal,0,Mild
train,12783,1237,SA07,SA07:F02_SA07_R05.txt,1,Fall,0,0,0,Mild,0.09773015860592255,0,Normal,0,Mild
train,12784,1238,SA07,SA07:F02_SA07_R05.txt,1,Fall,0,0,0,Mild,0.09587648333124621,0,Normal,0,Mild
train,12793,1239,SA07,SA07:F03_SA07_R01.txt,1,Fall,1,1,1,Severe,0.011814970180628714,0,Normal,1,Severe
train,12794,1240,SA07,SA07:F03_SA07_R01.txt,1,Fall,1,1,1,Severe,0.002404683695220733,0,Normal,1,Severe
train,12795,1241,SA07,SA07:F03_SA07_R01.txt,1,Fall,1,1,1,Severe,0.00380495986309215,0,Normal,1,Severe
train,12796,1242,SA07,SA07:F03_SA07_R01.txt,1,Fall,1,1,1,Severe,0.0027050648067918903,0,Normal,1,Severe
train,12810,1243,SA07,SA07:F03_SA07_R02.txt,1,Fall,1,1,1,Severe,0.09644565492415247,0,Normal,1,Severe
train,12811,1244,SA07,SA07:F03_SA07_R02.txt,1,Fall,1,1,1,Severe,0.09812573645646389,0,Normal,1,Severe
train,12812,1245,SA07,SA07:F03_SA07_R02.txt,1,Fall,1,1,1,Severe,0.09524785881454773,0,Normal,1,Severe
train,12813,1246,SA07,SA07:F03_SA07_R02.txt,1,Fall,1,1,1,Severe,0.07928782954348018,0,Normal,1,Severe
train,12824,1247,SA07,SA07:F03_SA07_R03.txt,1,Fall,1,1,1,Severe,0.05289864107534731,0,Normal,1,Severe
train,12825,1248,SA07,SA07:F03_SA07_R03.txt,1,Fall,1,1,1,Severe,0.05881217510381692,0,Normal,1,Severe
train,12826,1249,SA07,SA07:F03_SA07_R03.txt,1,Fall,1,1,1,Severe,0.06025864633310618,0,Normal,1,Severe
train,12827,1250,SA07,SA07:F03_SA07_R03.txt,1,Fall,1,1,1,Severe,0.04483637208233132,0,Normal,1,Severe
train,12841,1251,SA07,SA07:F03_SA07_R04.txt,1,Fall,1,1,1,Severe,0.07380864717498553,0,Normal,1,Severe
train,12842,1252,SA07,SA07:F03_SA07_R04.txt,1,Fall,1,1,1,Severe,0.07347275069994735,0,Normal,1,Severe
train,12843,1253,SA07,SA07:F03_SA07_R04.txt,1,Fall,1,1,1,Severe,0.050212936618214965,0,Normal,1,Severe
train,12844,1254,SA07,SA07:F03_SA07_R04.txt,1,Fall,1,1,1,Severe,0.007631478970998695,0,Normal,1,Severe
train,12854,1255,SA07,SA07:F03_SA07_R05.txt,1,Fall,1,1,1,Severe,0.04869241973519434,0,Normal,1,Severe
train,12855,1256,SA07,SA07:F03_SA07_R05.txt,1,Fall,1,1,1,Severe,0.05231905155140898,0,Normal,1,Severe
train,12856,1257,SA07,SA07:F03_SA07_R05.txt,1,Fall,1,1,1,Severe,0.05069019593761598,0,Normal,1,Severe
train,12857,1258,SA07,SA07:F03_SA07_R05.txt,1,Fall,1,1,1,Severe,0.028372051024943,0,Normal,1,Severe
train,12870,1259,SA07,SA07:F04_SA07_R01.txt,1,Fall,0,0,0,Mild,0.06896892293996065,0,Normal,0,Mild
train,12871,1260,SA07,SA07:F04_SA07_R01.txt,1,Fall,0,0,0,Mild,0.06974559241795597,0,Normal,0,Mild
train,12872,1261,SA07,SA07:F04_SA07_R01.txt,1,Fall,0,0,0,Mild,0.07261619851396939,0,Normal,0,Mild
train,12873,1262,SA07,SA07:F04_SA07_R01.txt,1,Fall,0,0,0,Mild,0.0679292191010547,0,Normal,0,Mild
train,12886,1263,SA07,SA07:F04_SA07_R02.txt,1,Fall,1,1,1,Severe,0.11583380172747476,0,Normal,1,Severe
train,12887,1264,SA07,SA07:F04_SA07_R02.txt,1,Fall,1,1,1,Severe,0.12380733158306184,0,Normal,1,Severe
train,12888,1265,SA07,SA07:F04_SA07_R02.txt,1,Fall,1,1,1,Severe,0.12370590866120657,0,Normal,1,Severe
train,12889,1266,SA07,SA07:F04_SA07_R02.txt,1,Fall,1,1,1,Severe,0.09436256393302916,0,Normal,1,Severe
train,12900,1267,SA07,SA07:F04_SA07_R03.txt,1,Fall,0,0,0,Mild,0.076332164068252,0,Normal,0,Mild
train,12901,1268,SA07,SA07:F04_SA07_R03.txt,1,Fall,0,0,0,Mild,0.08891424915125123,0,Normal,0,Mild
train,12902,1269,SA07,SA07:F04_SA07_R03.txt,1,Fall,0,0,0,Mild,0.08296523183786281,0,Normal,0,Mild
train,12903,1270,SA07,SA07:F04_SA07_R03.txt,1,Fall,0,0,0,Mild,0.06031662536403404,0,Normal,0,Mild
train,12915,1271,SA07,SA07:F04_SA07_R04.txt,1,Fall,0,0,0,Mild,0.03310763470619049,0,Normal,0,Mild
train,12916,1272,SA07,SA07:F04_SA07_R04.txt,1,Fall,0,0,0,Mild,0.047538813027657556,0,Normal,0,Mild
train,12917,1273,SA07,SA07:F04_SA07_R04.txt,1,Fall,0,0,0,Mild,0.030714505357390065,0,Normal,0,Mild
train,12918,1274,SA07,SA07:F04_SA07_R04.txt,1,Fall,0,0,0,Mild,0.004081560150097752,0,Normal,0,Mild
train,12930,1275,SA07,SA07:F04_SA07_R05.txt,1,Fall,0,0,0,Mild,0.09271900667162464,0,Normal,0,Mild
train,12931,1276,SA07,SA07:F04_SA07_R05.txt,1,Fall,0,0,0,Mild,0.10916115040166086,0,Normal,0,Mild
train,12932,1277,SA07,SA07:F04_SA07_R05.txt,1,Fall,0,0,0,Mild,0.11311010986310988,0,Normal,0,Mild
train,12933,1278,SA07,SA07:F04_SA07_R05.txt,1,Fall,0,0,0,Mild,0.0959677793573035,0,Normal,0,Mild
train,12940,1279,SA07,SA07:F05_SA07_R01.txt,1,Fall,0,0,0,Mild,0.03100033594012508,0,Normal,0,Mild
train,12941,1280,SA07,SA07:F05_SA07_R01.txt,1,Fall,0,0,0,Mild,0.03010738847080785,0,Normal,0,Mild
train,12942,1281,SA07,SA07:F05_SA07_R01.txt,1,Fall,0,0,0,Mild,0.07710060839079047,0,Normal,0,Mild
train,12943,1282,SA07,SA07:F05_SA07_R01.txt,1,Fall,0,0,0,Mild,0.09309697166740233,0,Normal,0,Mild
train,12958,1283,SA07,SA07:F05_SA07_R02.txt,1,Fall,0,0,0,Mild,0.0924807461375951,0,Normal,0,Mild
train,12959,1284,SA07,SA07:F05_SA07_R02.txt,1,Fall,0,0,0,Mild,0.10488464297062361,0,Normal,0,Mild
train,12960,1285,SA07,SA07:F05_SA07_R02.txt,1,Fall,0,0,0,Mild,0.1011816716786253,0,Normal,0,Mild
train,12961,1286,SA07,SA07:F05_SA07_R02.txt,1,Fall,0,0,0,Mild,0.06569265079291792,0,Normal,0,Mild
train,12972,1287,SA07,SA07:F05_SA07_R03.txt,1,Fall,0,0,0,Mild,0.06574468850581972,0,Normal,0,Mild
train,12973,1288,SA07,SA07:F05_SA07_R03.txt,1,Fall,0,0,0,Mild,0.07493555676937225,0,Normal,0,Mild
train,12974,1289,SA07,SA07:F05_SA07_R03.txt,1,Fall,0,0,0,Mild,0.07963898743806835,0,Normal,0,Mild
train,12975,1290,SA07,SA07:F05_SA07_R03.txt,1,Fall,0,0,0,Mild,0.07050455935212235,0,Normal,0,Mild
train,12988,1291,SA07,SA07:F05_SA07_R04.txt,1,Fall,0,0,0,Mild,0.07600598932725211,0,Normal,0,Mild
train,12989,1292,SA07,SA07:F05_SA07_R04.txt,1,Fall,0,0,0,Mild,0.07906105540051578,0,Normal,0,Mild
train,12990,1293,SA07,SA07:F05_SA07_R04.txt,1,Fall,0,0,0,Mild,0.08037966648056016,0,Normal,0,Mild
train,12991,1294,SA07,SA07:F05_SA07_R04.txt,1,Fall,0,0,0,Mild,0.022283941411342933,0,Normal,0,Mild
train,13003,1295,SA07,SA07:F05_SA07_R05.txt,1,Fall,0,0,0,Mild,0.06139085521779897,0,Normal,0,Mild
train,13004,1296,SA07,SA07:F05_SA07_R05.txt,1,Fall,0,0,0,Mild,0.07712789298030814,0,Normal,0,Mild
train,13005,1297,SA07,SA07:F05_SA07_R05.txt,1,Fall,0,0,0,Mild,0.07407624652240014,0,Normal,0,Mild
train,13006,1298,SA07,SA07:F05_SA07_R05.txt,1,Fall,0,0,0,Mild,0.06000466220445677,0,Normal,0,Mild
train,13023,1299,SA07,SA07:F06_SA07_R01.txt,1,Fall,1,1,1,Severe,0.028850442726560788,0,Normal,1,Severe
train,13024,1300,SA07,SA07:F06_SA07_R01.txt,1,Fall,1,1,1,Severe,0.03640169556434564,0,Normal,1,Severe
train,13025,1301,SA07,SA07:F06_SA07_R01.txt,1,Fall,1,1,1,Severe,0.052065415506588,0,Normal,1,Severe
train,13026,1302,SA07,SA07:F06_SA07_R01.txt,1,Fall,1,1,1,Severe,0.05517663491204933,0,Normal,1,Severe
train,13039,1303,SA07,SA07:F06_SA07_R02.txt,1,Fall,1,1,1,Severe,0.006322484754524793,0,Normal,1,Severe
train,13040,1304,SA07,SA07:F06_SA07_R02.txt,1,Fall,1,1,1,Severe,0.00976449033080451,0,Normal,1,Severe
train,13041,1305,SA07,SA07:F06_SA07_R02.txt,1,Fall,1,1,1,Severe,0.01643665114891113,0,Normal,1,Severe
train,13042,1306,SA07,SA07:F06_SA07_R02.txt,1,Fall,1,1,1,Severe,0.0175723608938404,0,Normal,1,Severe
train,13052,1307,SA07,SA07:F06_SA07_R03.txt,1,Fall,1,1,1,Severe,0.07074128826457632,0,Normal,1,Severe
train,13053,1308,SA07,SA07:F06_SA07_R03.txt,1,Fall,1,1,1,Severe,0.07594124966865734,0,Normal,1,Severe
train,13054,1309,SA07,SA07:F06_SA07_R03.txt,1,Fall,1,1,1,Severe,0.08080759851089492,0,Normal,1,Severe
train,13055,1310,SA07,SA07:F06_SA07_R03.txt,1,Fall,1,1,1,Severe,0.0642515776736764,0,Normal,1,Severe
train,13068,1311,SA07,SA07:F06_SA07_R04.txt,1,Fall,1,1,1,Severe,0.039946715807979205,0,Normal,1,Severe
train,13069,1312,SA07,SA07:F06_SA07_R04.txt,1,Fall,1,1,1,Severe,0.04483479228007364,0,Normal,1,Severe
train,13070,1313,SA07,SA07:F06_SA07_R04.txt,1,Fall,1,1,1,Severe,0.04070455881761742,0,Normal,1,Severe
train,13071,1314,SA07,SA07:F06_SA07_R04.txt,1,Fall,1,1,1,Severe,0.03646651751497609,0,Normal,1,Severe
train,13084,1315,SA07,SA07:F06_SA07_R05.txt,1,Fall,1,1,1,Severe,0.0635939950166805,0,Normal,1,Severe
train,13085,1316,SA07,SA07:F06_SA07_R05.txt,1,Fall,1,1,1,Severe,0.06649688887284133,0,Normal,1,Severe
train,13086,1317,SA07,SA07:F06_SA07_R05.txt,1,Fall,1,1,1,Severe,0.0799544839322826,0,Normal,1,Severe
train,13087,1318,SA07,SA07:F06_SA07_R05.txt,1,Fall,1,1,1,Severe,0.08041452216521738,0,Normal,1,Severe
train,13098,1319,SA07,SA07:F07_SA07_R01.txt,1,Fall,1,1,1,Severe,0.0997776864608303,0,Normal,1,Severe
train,13099,1320,SA07,SA07:F07_SA07_R01.txt,1,Fall,1,1,1,Severe,0.09633578516388092,0,Normal,1,Severe
train,13100,1321,SA07,SA07:F07_SA07_R01.txt,1,Fall,1,1,1,Severe,0.09276904940270525,0,Normal,1,Severe
train,13101,1322,SA07,SA07:F07_SA07_R01.txt,1,Fall,1,1,1,Severe,0.08738733855970793,0,Normal,1,Severe
train,13112,1323,SA07,SA07:F07_SA07_R02.txt,1,Fall,1,1,1,Severe,0.04029641073037493,0,Normal,1,Severe
train,13113,1324,SA07,SA07:F07_SA07_R02.txt,1,Fall,1,1,1,Severe,0.0469746838631952,0,Normal,1,Severe
train,13114,1325,SA07,SA07:F07_SA07_R02.txt,1,Fall,1,1,1,Severe,0.043742408657722276,0,Normal,1,Severe
train,13115,1326,SA07,SA07:F07_SA07_R02.txt,1,Fall,1,1,1,Severe,0.045820956532348855,0,Normal,1,Severe
train,13128,1327,SA07,SA07:F07_SA07_R03.txt,1,Fall,1,1,1,Severe,0.03775893012123899,0,Normal,1,Severe
train,13129,1328,SA07,SA07:F07_SA07_R03.txt,1,Fall,1,1,1,Severe,0.04926234254339251,0,Normal,1,Severe
train,13130,1329,SA07,SA07:F07_SA07_R03.txt,1,Fall,1,1,1,Severe,0.046502417751657754,0,Normal,1,Severe
train,13131,1330,SA07,SA07:F07_SA07_R03.txt,1,Fall,1,1,1,Severe,0.04092191207557716,0,Normal,1,Severe
train,13141,1331,SA07,SA07:F07_SA07_R04.txt,1,Fall,1,1,1,Severe,0.04917932821879045,0,Normal,1,Severe
train,13142,1332,SA07,SA07:F07_SA07_R04.txt,1,Fall,1,1,1,Severe,0.04463212345009948,0,Normal,1,Severe
train,13143,1333,SA07,SA07:F07_SA07_R04.txt,1,Fall,1,1,1,Severe,0.046784852985667424,0,Normal,1,Severe
train,13144,1334,SA07,SA07:F07_SA07_R04.txt,1,Fall,1,1,1,Severe,0.04282132629450647,0,Normal,1,Severe
train,13158,1335,SA07,SA07:F07_SA07_R05.txt,1,Fall,1,1,1,Severe,0.07187218672381712,0,Normal,1,Severe
train,13159,1336,SA07,SA07:F07_SA07_R05.txt,1,Fall,1,1,1,Severe,0.07515904473381763,0,Normal,1,Severe
train,13160,1337,SA07,SA07:F07_SA07_R05.txt,1,Fall,1,1,1,Severe,0.07531550319465574,0,Normal,1,Severe
train,13161,1338,SA07,SA07:F07_SA07_R05.txt,1,Fall,1,1,1,Severe,0.07471569598773842,0,Normal,1,Severe
train,13166,1339,SA07,SA07:F08_SA07_R01.txt,1,Fall,0,0,0,Mild,0.10449034124480211,0,Normal,0,Mild
train,13167,1340,SA07,SA07:F08_SA07_R01.txt,1,Fall,0,0,0,Mild,0.11018780690060276,0,Normal,0,Mild
train,13168,1341,SA07,SA07:F08_SA07_R01.txt,1,Fall,0,0,0,Mild,0.1051342943963825,0,Normal,0,Mild
train,13169,1342,SA07,SA07:F08_SA07_R01.txt,1,Fall,0,0,0,Mild,0.0886125644917456,0,Normal,0,Mild
train,13182,1343,SA07,SA07:F08_SA07_R02.txt,1,Fall,1,1,1,Severe,0.09477926396282227,0,Normal,1,Severe
train,13183,1344,SA07,SA07:F08_SA07_R02.txt,1,Fall,1,1,1,Severe,0.09162519376084277,0,Normal,1,Severe
train,13184,1345,SA07,SA07:F08_SA07_R02.txt,1,Fall,1,1,1,Severe,0.10031931330896171,0,Normal,1,Severe
train,13185,1346,SA07,SA07:F08_SA07_R02.txt,1,Fall,1,1,1,Severe,0.08696289306168131,0,Normal,1,Severe
train,13200,1347,SA07,SA07:F08_SA07_R03.txt,1,Fall,1,1,1,Severe,0.08751710722805273,0,Normal,1,Severe
train,13201,1348,SA07,SA07:F08_SA07_R03.txt,1,Fall,1,1,1,Severe,0.08464219444197663,0,Normal,1,Severe
train,13202,1349,SA07,SA07:F08_SA07_R03.txt,1,Fall,1,1,1,Severe,0.07595274351699205,0,Normal,1,Severe
train,13203,1350,SA07,SA07:F08_SA07_R03.txt,1,Fall,1,1,1,Severe,0.030202847008734768,0,Normal,1,Severe
train,13213,1351,SA07,SA07:F08_SA07_R04.txt,1,Fall,1,1,1,Severe,0.05156285771246316,0,Normal,1,Severe
train,13214,1352,SA07,SA07:F08_SA07_R04.txt,1,Fall,1,1,1,Severe,0.058180222868629616,0,Normal,1,Severe
train,13215,1353,SA07,SA07:F08_SA07_R04.txt,1,Fall,1,1,1,Severe,0.04683453158112433,0,Normal,1,Severe
train,13216,1354,SA07,SA07:F08_SA07_R04.txt,1,Fall,1,1,1,Severe,0.03012835029925276,0,Normal,1,Severe
train,13229,1355,SA07,SA07:F08_SA07_R05.txt,1,Fall,1,1,1,Severe,0.10850529812144333,0,Normal,1,Severe
train,13230,1356,SA07,SA07:F08_SA07_R05.txt,1,Fall,1,1,1,Severe,0.10459942972262659,0,Normal,1,Severe
train,13231,1357,SA07,SA07:F08_SA07_R05.txt,1,Fall,1,1,1,Severe,0.10321421807258141,0,Normal,1,Severe
train,13232,1358,SA07,SA07:F08_SA07_R05.txt,1,Fall,1,1,1,Severe,0.05114043163464704,0,Normal,1,Severe
train,13244,1359,SA07,SA07:F09_SA07_R01.txt,1,Fall,1,1,1,Severe,0.07515223673614191,0,Normal,1,Severe
train,13245,1360,SA07,SA07:F09_SA07_R01.txt,1,Fall,1,1,1,Severe,0.1086496188167711,0,Normal,1,Severe
train,13246,1361,SA07,SA07:F09_SA07_R01.txt,1,Fall,1,1,1,Severe,0.10824840755713361,0,Normal,1,Severe
train,13247,1362,SA07,SA07:F09_SA07_R01.txt,1,Fall,1,1,1,Severe,0.09900485653024071,0,Normal,1,Severe
train,13259,1363,SA07,SA07:F09_SA07_R02.txt,1,Fall,1,1,1,Severe,0.08503733065616637,0,Normal,1,Severe
train,13260,1364,SA07,SA07:F09_SA07_R02.txt,1,Fall,1,1,1,Severe,0.10623925786767824,0,Normal,1,Severe
train,13261,1365,SA07,SA07:F09_SA07_R02.txt,1,Fall,1,1,1,Severe,0.10006262581674885,0,Normal,1,Severe
train,13262,1366,SA07,SA07:F09_SA07_R02.txt,1,Fall,1,1,1,Severe,0.09452635655670144,0,Normal,1,Severe
train,13276,1367,SA07,SA07:F09_SA07_R03.txt,1,Fall,1,1,1,Severe,0.10099310730780947,0,Normal,1,Severe
train,13277,1368,SA07,SA07:F09_SA07_R03.txt,1,Fall,1,1,1,Severe,0.11143443271783732,0,Normal,1,Severe
train,13278,1369,SA07,SA07:F09_SA07_R03.txt,1,Fall,1,1,1,Severe,0.10382051021001332,0,Normal,1,Severe
train,13279,1370,SA07,SA07:F09_SA07_R03.txt,1,Fall,1,1,1,Severe,0.07906493682781596,0,Normal,1,Severe
train,13291,1371,SA07,SA07:F09_SA07_R04.txt,1,Fall,1,1,1,Severe,0.06508196370303077,0,Normal,1,Severe
train,13292,1372,SA07,SA07:F09_SA07_R04.txt,1,Fall,1,1,1,Severe,0.0650748864052696,0,Normal,1,Severe
train,13293,1373,SA07,SA07:F09_SA07_R04.txt,1,Fall,1,1,1,Severe,0.06418127826202846,0,Normal,1,Severe
train,13294,1374,SA07,SA07:F09_SA07_R04.txt,1,Fall,1,1,1,Severe,0.049056624697386975,0,Normal,1,Severe
train,13305,1375,SA07,SA07:F09_SA07_R05.txt,1,Fall,1,1,1,Severe,0.04389278240546479,0,Normal,1,Severe
train,13306,1376,SA07,SA07:F09_SA07_R05.txt,1,Fall,1,1,1,Severe,0.05166266967235622,0,Normal,1,Severe
train,13307,1377,SA07,SA07:F09_SA07_R05.txt,1,Fall,1,1,1,Severe,0.04983701882265873,0,Normal,1,Severe
train,13308,1378,SA07,SA07:F09_SA07_R05.txt,1,Fall,1,1,1,Severe,0.035414738947244395,0,Normal,1,Severe
train,13317,1379,SA07,SA07:F10_SA07_R01.txt,1,Fall,0,0,0,Mild,0.04782770082575366,0,Normal,0,Mild
train,13318,1380,SA07,SA07:F10_SA07_R01.txt,1,Fall,0,0,0,Mild,0.09706952602660962,0,Normal,0,Mild
train,13319,1381,SA07,SA07:F10_SA07_R01.txt,1,Fall,0,0,0,Mild,0.10576251767288725,0,Normal,0,Mild
train,13320,1382,SA07,SA07:F10_SA07_R01.txt,1,Fall,0,0,0,Mild,0.10844087530602259,0,Normal,0,Mild
train,13333,1383,SA07,SA07:F10_SA07_R02.txt,1,Fall,0,0,0,Mild,0.06189381342008432,0,Normal,0,Mild
train,13334,1384,SA07,SA07:F10_SA07_R02.txt,1,Fall,0,0,0,Mild,0.07043977166843363,0,Normal,0,Mild
train,13335,1385,SA07,SA07:F10_SA07_R02.txt,1,Fall,0,0,0,Mild,0.0709501560355088,0,Normal,0,Mild
train,13336,1386,SA07,SA07:F10_SA07_R02.txt,1,Fall,0,0,0,Mild,0.0680724785778768,0,Normal,0,Mild
train,13349,1387,SA07,SA07:F10_SA07_R03.txt,1,Fall,0,0,0,Mild,0.10804698485917935,0,Normal,0,Mild
train,13350,1388,SA07,SA07:F10_SA07_R03.txt,1,Fall,0,0,0,Mild,0.11856431818698954,0,Normal,0,Mild
train,13351,1389,SA07,SA07:F10_SA07_R03.txt,1,Fall,0,0,0,Mild,0.11790117103303266,0,Normal,0,Mild
train,13352,1390,SA07,SA07:F10_SA07_R03.txt,1,Fall,0,0,0,Mild,0.1021006755330971,0,Normal,0,Mild
train,13364,1391,SA07,SA07:F10_SA07_R04.txt,1,Fall,0,0,0,Mild,0.053408838096029976,0,Normal,0,Mild
train,13365,1392,SA07,SA07:F10_SA07_R04.txt,1,Fall,1,1,1,Severe,0.11662712701437611,0,Normal,1,Severe
train,13366,1393,SA07,SA07:F10_SA07_R04.txt,1,Fall,1,1,1,Severe,0.11362727843416132,0,Normal,1,Severe
train,13367,1394,SA07,SA07:F10_SA07_R04.txt,1,Fall,1,1,1,Severe,0.10956194629264349,0,Normal,1,Severe
train,13380,1395,SA07,SA07:F10_SA07_R05.txt,1,Fall,0,0,0,Mild,0.07590801155276494,0,Normal,0,Mild
train,13381,1396,SA07,SA07:F10_SA07_R05.txt,1,Fall,0,0,0,Mild,0.09610808504909052,0,Normal,0,Mild
train,13382,1397,SA07,SA07:F10_SA07_R05.txt,1,Fall,0,0,0,Mild,0.09680013971623086,0,Normal,0,Mild
train,13383,1398,SA07,SA07:F10_SA07_R05.txt,1,Fall,0,0,0,Mild,0.09250865804867425,0,Normal,0,Mild
train,13390,1399,SA07,SA07:F11_SA07_R01.txt,1,Fall,0,0,0,Mild,-0.0007290593372824006,1,Anomalous,-1,Non-applicable
train,13391,1400,SA07,SA07:F11_SA07_R01.txt,1,Fall,0,0,0,Mild,0.013618749425601484,0,Normal,0,Mild
train,13392,1401,SA07,SA07:F11_SA07_R01.txt,1,Fall,0,0,0,Mild,0.010511164730662603,0,Normal,0,Mild
train,13393,1402,SA07,SA07:F11_SA07_R01.txt,1,Fall,0,0,0,Mild,0.004795377364213316,0,Normal,0,Mild
train,13408,1403,SA07,SA07:F11_SA07_R02.txt,1,Fall,0,0,0,Mild,0.02474513787557675,0,Normal,0,Mild
train,13409,1404,SA07,SA07:F11_SA07_R02.txt,1,Fall,0,0,0,Mild,0.03194468964353414,0,Normal,0,Mild
train,13410,1405,SA07,SA07:F11_SA07_R02.txt,1,Fall,0,0,0,Mild,0.028931638687202055,0,Normal,0,Mild
train,13411,1406,SA07,SA07:F11_SA07_R02.txt,1,Fall,0,0,0,Mild,0.02566700077244022,0,Normal,0,Mild
train,13423,1407,SA07,SA07:F11_SA07_R03.txt,1,Fall,0,0,0,Mild,0.0535264921480717,0,Normal,0,Mild
train,13424,1408,SA07,SA07:F11_SA07_R03.txt,1,Fall,0,0,0,Mild,0.05699796696169113,0,Normal,0,Mild
train,13425,1409,SA07,SA07:F11_SA07_R03.txt,1,Fall,0,0,0,Mild,0.05257104653639694,0,Normal,0,Mild
train,13426,1410,SA07,SA07:F11_SA07_R03.txt,1,Fall,0,0,0,Mild,0.0478329585727178,0,Normal,0,Mild
train,13437,1411,SA07,SA07:F11_SA07_R04.txt,1,Fall,0,0,0,Mild,0.05212847201234305,0,Normal,0,Mild
train,13438,1412,SA07,SA07:F11_SA07_R04.txt,1,Fall,0,0,0,Mild,0.061214545605346005,0,Normal,0,Mild
train,13439,1413,SA07,SA07:F11_SA07_R04.txt,1,Fall,0,0,0,Mild,0.06151611650541794,0,Normal,0,Mild
train,13440,1414,SA07,SA07:F11_SA07_R04.txt,1,Fall,0,0,0,Mild,0.05216474412238725,0,Normal,0,Mild
train,13453,1415,SA07,SA07:F11_SA07_R05.txt,1,Fall,0,0,0,Mild,0.06745578438370303,0,Normal,0,Mild
train,13454,1416,SA07,SA07:F11_SA07_R05.txt,1,Fall,0,0,0,Mild,0.07800704918043011,0,Normal,0,Mild
train,13455,1417,SA07,SA07:F11_SA07_R05.txt,1,Fall,0,0,0,Mild,0.07249929055737403,0,Normal,0,Mild
train,13456,1418,SA07,SA07:F11_SA07_R05.txt,1,Fall,0,0,0,Mild,0.0598397970530643,0,Normal,0,Mild
train,13469,1419,SA07,SA07:F12_SA07_R01.txt,1,Fall,0,0,0,Mild,0.08733757178696477,0,Normal,0,Mild
train,13470,1420,SA07,SA07:F12_SA07_R01.txt,1,Fall,0,0,0,Mild,0.10220495107735028,0,Normal,0,Mild
train,13471,1421,SA07,SA07:F12_SA07_R01.txt,1,Fall,0,0,0,Mild,0.10006751939742436,0,Normal,0,Mild
train,13472,1422,SA07,SA07:F12_SA07_R01.txt,1,Fall,0,0,0,Mild,0.09639140206099217,0,Normal,0,Mild
train,13483,1423,SA07,SA07:F12_SA07_R02.txt,1,Fall,0,0,0,Mild,0.06717562482582162,0,Normal,0,Mild
train,13484,1424,SA07,SA07:F12_SA07_R02.txt,1,Fall,1,1,1,Severe,0.11427512633237458,0,Normal,1,Severe
train,13485,1425,SA07,SA07:F12_SA07_R02.txt,1,Fall,0,0,0,Mild,0.11455182816457682,0,Normal,0,Mild
train,13486,1426,SA07,SA07:F12_SA07_R02.txt,1,Fall,0,0,0,Mild,0.11954712294840053,0,Normal,0,Mild
train,13498,1427,SA07,SA07:F12_SA07_R03.txt,1,Fall,0,0,0,Mild,0.09462783353827975,0,Normal,0,Mild
train,13499,1428,SA07,SA07:F12_SA07_R03.txt,1,Fall,0,0,0,Mild,0.10622284271829413,0,Normal,0,Mild
train,13500,1429,SA07,SA07:F12_SA07_R03.txt,1,Fall,0,0,0,Mild,0.1100083970002842,0,Normal,0,Mild
train,13501,1430,SA07,SA07:F12_SA07_R03.txt,1,Fall,0,0,0,Mild,0.10558537156760717,0,Normal,0,Mild
train,13513,1431,SA07,SA07:F12_SA07_R04.txt,1,Fall,1,1,1,Severe,0.07556539537795887,0,Normal,1,Severe
train,13514,1432,SA07,SA07:F12_SA07_R04.txt,1,Fall,1,1,1,Severe,0.09858067958360128,0,Normal,1,Severe
train,13515,1433,SA07,SA07:F12_SA07_R04.txt,1,Fall,1,1,1,Severe,0.08955876524406914,0,Normal,1,Severe
train,13516,1434,SA07,SA07:F12_SA07_R04.txt,1,Fall,1,1,1,Severe,0.08757596534117418,0,Normal,1,Severe
train,13528,1435,SA07,SA07:F12_SA07_R05.txt,1,Fall,1,1,1,Severe,0.08116956137987918,0,Normal,1,Severe
train,13529,1436,SA07,SA07:F12_SA07_R05.txt,1,Fall,1,1,1,Severe,0.08418797079665741,0,Normal,1,Severe
train,13530,1437,SA07,SA07:F12_SA07_R05.txt,1,Fall,1,1,1,Severe,0.08006499837056291,0,Normal,1,Severe
train,13531,1438,SA07,SA07:F12_SA07_R05.txt,1,Fall,1,1,1,Severe,0.05430704897386396,0,Normal,1,Severe
train,13543,1439,SA07,SA07:F13_SA07_R01.txt,1,Fall,1,1,1,Severe,0.10635272700761322,0,Normal,1,Severe
train,13544,1440,SA07,SA07:F13_SA07_R01.txt,1,Fall,1,1,1,Severe,0.1140454831303247,0,Normal,1,Severe
train,13545,1441,SA07,SA07:F13_SA07_R01.txt,1,Fall,1,1,1,Severe,0.11010200773108114,0,Normal,1,Severe
train,13546,1442,SA07,SA07:F13_SA07_R01.txt,1,Fall,1,1,1,Severe,0.09551220297300816,0,Normal,1,Severe
train,13559,1443,SA07,SA07:F13_SA07_R02.txt,1,Fall,0,0,0,Mild,0.10833859901401982,0,Normal,0,Mild
train,13560,1444,SA07,SA07:F13_SA07_R02.txt,1,Fall,0,0,0,Mild,0.11257917931173006,0,Normal,0,Mild
train,13561,1445,SA07,SA07:F13_SA07_R02.txt,1,Fall,1,1,1,Severe,0.11463905273426156,0,Normal,1,Severe
train,13562,1446,SA07,SA07:F13_SA07_R02.txt,1,Fall,1,1,1,Severe,0.10372503922735671,0,Normal,1,Severe
train,13575,1447,SA07,SA07:F13_SA07_R03.txt,1,Fall,0,0,0,Mild,0.1156384769212766,0,Normal,0,Mild
train,13576,1448,SA07,SA07:F13_SA07_R03.txt,1,Fall,0,0,0,Mild,0.11842651288195044,0,Normal,0,Mild
train,13577,1449,SA07,SA07:F13_SA07_R03.txt,1,Fall,0,0,0,Mild,0.11185828153696925,0,Normal,0,Mild
train,13578,1450,SA07,SA07:F13_SA07_R03.txt,1,Fall,0,0,0,Mild,0.10387618187815184,0,Normal,0,Mild
train,13590,1451,SA07,SA07:F13_SA07_R04.txt,1,Fall,1,1,1,Severe,0.12221012941926707,0,Normal,1,Severe
train,13591,1452,SA07,SA07:F13_SA07_R04.txt,1,Fall,1,1,1,Severe,0.12411030763665631,0,Normal,1,Severe
train,13592,1453,SA07,SA07:F13_SA07_R04.txt,1,Fall,1,1,1,Severe,0.10910751962795406,0,Normal,1,Severe
train,13593,1454,SA07,SA07:F13_SA07_R04.txt,1,Fall,0,0,0,Mild,0.0031284955947027404,0,Normal,0,Mild
train,13604,1455,SA07,SA07:F13_SA07_R05.txt,1,Fall,0,0,0,Mild,0.07397398248359455,0,Normal,0,Mild
train,13605,1456,SA07,SA07:F13_SA07_R05.txt,1,Fall,0,0,0,Mild,0.10857600092802755,0,Normal,0,Mild
train,13606,1457,SA07,SA07:F13_SA07_R05.txt,1,Fall,0,0,0,Mild,0.10579667184511127,0,Normal,0,Mild
train,13607,1458,SA07,SA07:F13_SA07_R05.txt,1,Fall,0,0,0,Mild,0.08800629542871197,0,Normal,0,Mild
train,13616,1459,SA07,SA07:F14_SA07_R01.txt,1,Fall,1,1,1,Severe,0.08911550594282064,0,Normal,1,Severe
train,13617,1460,SA07,SA07:F14_SA07_R01.txt,1,Fall,1,1,1,Severe,0.10292157729969154,0,Normal,1,Severe
train,13618,1461,SA07,SA07:F14_SA07_R01.txt,1,Fall,1,1,1,Severe,0.10650447388285023,0,Normal,1,Severe
train,13619,1462,SA07,SA07:F14_SA07_R01.txt,1,Fall,1,1,1,Severe,0.09457098236976536,0,Normal,1,Severe
train,13632,1463,SA07,SA07:F14_SA07_R02.txt,1,Fall,0,0,0,Mild,0.05256269604738467,0,Normal,0,Mild
train,13633,1464,SA07,SA07:F14_SA07_R02.txt,1,Fall,1,1,1,Severe,0.07988405847650792,0,Normal,1,Severe
train,13634,1465,SA07,SA07:F14_SA07_R02.txt,1,Fall,1,1,1,Severe,0.08944383614941098,0,Normal,1,Severe
train,13635,1466,SA07,SA07:F14_SA07_R02.txt,1,Fall,1,1,1,Severe,0.0779135613789595,0,Normal,1,Severe
train,13648,1467,SA07,SA07:F14_SA07_R03.txt,1,Fall,1,1,1,Severe,0.1010537652167457,0,Normal,1,Severe
train,13649,1468,SA07,SA07:F14_SA07_R03.txt,1,Fall,1,1,1,Severe,0.10546592686232759,0,Normal,1,Severe
train,13650,1469,SA07,SA07:F14_SA07_R03.txt,1,Fall,1,1,1,Severe,0.10067256738870056,0,Normal,1,Severe
train,13651,1470,SA07,SA07:F14_SA07_R03.txt,1,Fall,1,1,1,Severe,0.04041147818231777,0,Normal,1,Severe
train,13662,1471,SA07,SA07:F14_SA07_R04.txt,1,Fall,0,0,0,Mild,0.10411942849559758,0,Normal,0,Mild
train,13663,1472,SA07,SA07:F14_SA07_R04.txt,1,Fall,0,0,0,Mild,0.10541938344781288,0,Normal,0,Mild
train,13664,1473,SA07,SA07:F14_SA07_R04.txt,1,Fall,0,0,0,Mild,0.10265004075134626,0,Normal,0,Mild
train,13665,1474,SA07,SA07:F14_SA07_R04.txt,1,Fall,0,0,0,Mild,0.04586871732790637,0,Normal,0,Mild
train,13677,1475,SA07,SA07:F14_SA07_R05.txt,1,Fall,0,0,0,Mild,0.04681673532501213,0,Normal,0,Mild
train,13678,1476,SA07,SA07:F14_SA07_R05.txt,1,Fall,0,0,0,Mild,0.0788586338693113,0,Normal,0,Mild
train,13679,1477,SA07,SA07:F14_SA07_R05.txt,1,Fall,0,0,0,Mild,0.07887228247668521,0,Normal,0,Mild
train,13680,1478,SA07,SA07:F14_SA07_R05.txt,1,Fall,0,0,0,Mild,0.07400545251983981,0,Normal,0,Mild
train,13702,1479,SA07,SA07:F15_SA07_R01.txt,1,Fall,1,1,1,Severe,0.05846178626904813,0,Normal,1,Severe
train,13703,1480,SA07,SA07:F15_SA07_R01.txt,1,Fall,1,1,1,Severe,0.059112685193449754,0,Normal,1,Severe
train,13704,1481,SA07,SA07:F15_SA07_R01.txt,1,Fall,1,1,1,Severe,0.049243775448968796,0,Normal,1,Severe
train,13709,1482,SA07,SA07:F15_SA07_R02.txt,1,Fall,1,1,1,Severe,0.06674650752300487,0,Normal,1,Severe
train,13710,1483,SA07,SA07:F15_SA07_R02.txt,1,Fall,1,1,1,Severe,0.06651171318027843,0,Normal,1,Severe
train,13711,1484,SA07,SA07:F15_SA07_R02.txt,1,Fall,1,1,1,Severe,0.055608175768585455,0,Normal,1,Severe
train,13712,1485,SA07,SA07:F15_SA07_R02.txt,1,Fall,1,1,1,Severe,0.023835750739569117,0,Normal,1,Severe
train,13725,1486,SA07,SA07:F15_SA07_R03.txt,1,Fall,1,1,1,Severe,0.07661755489202321,0,Normal,1,Severe
train,13726,1487,SA07,SA07:F15_SA07_R03.txt,1,Fall,1,1,1,Severe,0.07491993918957762,0,Normal,1,Severe
train,13727,1488,SA07,SA07:F15_SA07_R03.txt,1,Fall,1,1,1,Severe,0.0629181801202251,0,Normal,1,Severe
train,13728,1489,SA07,SA07:F15_SA07_R03.txt,1,Fall,1,1,1,Severe,-0.008693267522877468,1,Anomalous,-1,Non-applicable
train,13738,1490,SA07,SA07:F15_SA07_R04.txt,1,Fall,1,1,1,Severe,0.09058425997106412,0,Normal,1,Severe
train,13739,1491,SA07,SA07:F15_SA07_R04.txt,1,Fall,1,1,1,Severe,0.09555274856483809,0,Normal,1,Severe
train,13740,1492,SA07,SA07:F15_SA07_R04.txt,1,Fall,1,1,1,Severe,0.08838273793222867,0,Normal,1,Severe
train,13741,1493,SA07,SA07:F15_SA07_R04.txt,1,Fall,1,1,1,Severe,0.031777033511787345,0,Normal,1,Severe
train,13755,1494,SA07,SA07:F15_SA07_R05.txt,1,Fall,1,1,1,Severe,0.11526655410363201,0,Normal,1,Severe
train,13756,1495,SA07,SA07:F15_SA07_R05.txt,1,Fall,1,1,1,Severe,0.1221454598096216,0,Normal,1,Severe
train,13757,1496,SA07,SA07:F15_SA07_R05.txt,1,Fall,1,1,1,Severe,0.11627549383574076,0,Normal,1,Severe
train,13758,1497,SA07,SA07:F15_SA07_R05.txt,1,Fall,1,1,1,Severe,0.030072308293418226,0,Normal,1,Severe
train,15398,1498,SA08,SA08:F01_SA08_R01.txt,1,Fall,1,1,1,Severe,0.029495178217911366,0,Normal,1,Severe
train,15399,1499,SA08,SA08:F01_SA08_R01.txt,1,Fall,1,1,1,Severe,0.031255951972466334,0,Normal,1,Severe
train,15400,1500,SA08,SA08:F01_SA08_R01.txt,1,Fall,1,1,1,Severe,0.034159116833735514,0,Normal,1,Severe
train,15401,1501,SA08,SA08:F01_SA08_R01.txt,1,Fall,1,1,1,Severe,0.015147540028027429,0,Normal,1,Severe
train,15412,1502,SA08,SA08:F01_SA08_R02.txt,1,Fall,1,1,1,Severe,0.015575624556386836,0,Normal,1,Severe
train,15413,1503,SA08,SA08:F01_SA08_R02.txt,1,Fall,1,1,1,Severe,0.0298933887926216,0,Normal,1,Severe
train,15414,1504,SA08,SA08:F01_SA08_R02.txt,1,Fall,1,1,1,Severe,0.03647517504730069,0,Normal,1,Severe
train,15415,1505,SA08,SA08:F01_SA08_R02.txt,1,Fall,1,1,1,Severe,0.011405411456349102,0,Normal,1,Severe
train,15428,1506,SA08,SA08:F01_SA08_R03.txt,1,Fall,1,1,1,Severe,0.10375584601981158,0,Normal,1,Severe
train,15429,1507,SA08,SA08:F01_SA08_R03.txt,1,Fall,1,1,1,Severe,0.10937648184321341,0,Normal,1,Severe
train,15430,1508,SA08,SA08:F01_SA08_R03.txt,1,Fall,1,1,1,Severe,0.10111291549890833,0,Normal,1,Severe
train,15431,1509,SA08,SA08:F01_SA08_R03.txt,1,Fall,1,1,1,Severe,0.06348761938275854,0,Normal,1,Severe
train,15442,1510,SA08,SA08:F01_SA08_R04.txt,1,Fall,1,1,1,Severe,0.06277269460512663,0,Normal,1,Severe
train,15443,1511,SA08,SA08:F01_SA08_R04.txt,1,Fall,1,1,1,Severe,0.06231416899525449,0,Normal,1,Severe
train,15444,1512,SA08,SA08:F01_SA08_R04.txt,1,Fall,1,1,1,Severe,0.05566886275199551,0,Normal,1,Severe
train,15445,1513,SA08,SA08:F01_SA08_R04.txt,1,Fall,1,1,1,Severe,-0.00018154593920771678,1,Anomalous,-1,Non-applicable
train,15459,1514,SA08,SA08:F01_SA08_R05.txt,1,Fall,1,1,1,Severe,0.05125893646639956,0,Normal,1,Severe
train,15460,1515,SA08,SA08:F01_SA08_R05.txt,1,Fall,1,1,1,Severe,0.04876433053713758,0,Normal,1,Severe
train,15461,1516,SA08,SA08:F01_SA08_R05.txt,1,Fall,1,1,1,Severe,0.04125554591926239,0,Normal,1,Severe
train,15462,1517,SA08,SA08:F01_SA08_R05.txt,1,Fall,1,1,1,Severe,0.035880841436031985,0,Normal,1,Severe
train,15472,1518,SA08,SA08:F02_SA08_R01.txt,1,Fall,1,1,1,Severe,0.07685388677604144,0,Normal,1,Severe
train,15473,1519,SA08,SA08:F02_SA08_R01.txt,1,Fall,1,1,1,Severe,0.09000220306228596,0,Normal,1,Severe
train,15474,1520,SA08,SA08:F02_SA08_R01.txt,1,Fall,1,1,1,Severe,0.08708411764173107,0,Normal,1,Severe
train,15475,1521,SA08,SA08:F02_SA08_R01.txt,1,Fall,1,1,1,Severe,0.0698346148897821,0,Normal,1,Severe
train,15488,1522,SA08,SA08:F02_SA08_R02.txt,1,Fall,0,0,0,Mild,0.056247043813241804,0,Normal,0,Mild
train,15489,1523,SA08,SA08:F02_SA08_R02.txt,1,Fall,0,0,0,Mild,0.06189478454593872,0,Normal,0,Mild
train,15490,1524,SA08,SA08:F02_SA08_R02.txt,1,Fall,0,0,0,Mild,0.05630918798196399,0,Normal,0,Mild
train,15491,1525,SA08,SA08:F02_SA08_R02.txt,1,Fall,0,0,0,Mild,0.05097249487339417,0,Normal,0,Mild
train,15501,1526,SA08,SA08:F02_SA08_R03.txt,1,Fall,1,1,1,Severe,0.07386578469844507,0,Normal,1,Severe
train,15502,1527,SA08,SA08:F02_SA08_R03.txt,1,Fall,1,1,1,Severe,0.09408904737636631,0,Normal,1,Severe
train,15503,1528,SA08,SA08:F02_SA08_R03.txt,1,Fall,1,1,1,Severe,0.09735278369446382,0,Normal,1,Severe
train,15504,1529,SA08,SA08:F02_SA08_R03.txt,1,Fall,1,1,1,Severe,0.08581600969506287,0,Normal,1,Severe
train,15519,1530,SA08,SA08:F02_SA08_R04.txt,1,Fall,1,1,1,Severe,0.09244424435176074,0,Normal,1,Severe
train,15520,1531,SA08,SA08:F02_SA08_R04.txt,1,Fall,1,1,1,Severe,0.09668931842282247,0,Normal,1,Severe
train,15521,1532,SA08,SA08:F02_SA08_R04.txt,1,Fall,1,1,1,Severe,0.08661275405396479,0,Normal,1,Severe
train,15522,1533,SA08,SA08:F02_SA08_R04.txt,1,Fall,0,0,0,Mild,0.05675050320947822,0,Normal,0,Mild
train,15534,1534,SA08,SA08:F02_SA08_R05.txt,1,Fall,1,1,1,Severe,0.04862903427912685,0,Normal,1,Severe
train,15535,1535,SA08,SA08:F02_SA08_R05.txt,1,Fall,1,1,1,Severe,0.055210933617875046,0,Normal,1,Severe
train,15536,1536,SA08,SA08:F02_SA08_R05.txt,1,Fall,1,1,1,Severe,0.04859159426012938,0,Normal,1,Severe
train,15537,1537,SA08,SA08:F02_SA08_R05.txt,1,Fall,1,1,1,Severe,0.03238276797584527,0,Normal,1,Severe
train,15547,1538,SA08,SA08:F03_SA08_R01.txt,1,Fall,1,1,1,Severe,0.06200083345126278,0,Normal,1,Severe
train,15548,1539,SA08,SA08:F03_SA08_R01.txt,1,Fall,1,1,1,Severe,0.06593877750893201,0,Normal,1,Severe
train,15549,1540,SA08,SA08:F03_SA08_R01.txt,1,Fall,1,1,1,Severe,0.05293548149205557,0,Normal,1,Severe
train,15550,1541,SA08,SA08:F03_SA08_R01.txt,1,Fall,1,1,1,Severe,0.012102449686077987,0,Normal,1,Severe
train,15561,1542,SA08,SA08:F03_SA08_R02.txt,1,Fall,1,1,1,Severe,0.040116595821000856,0,Normal,1,Severe
train,15562,1543,SA08,SA08:F03_SA08_R02.txt,1,Fall,1,1,1,Severe,0.02550780131389374,0,Normal,1,Severe
train,15563,1544,SA08,SA08:F03_SA08_R02.txt,1,Fall,1,1,1,Severe,0.028355455101631066,0,Normal,1,Severe
train,15564,1545,SA08,SA08:F03_SA08_R02.txt,1,Fall,1,1,1,Severe,0.026287980728706084,0,Normal,1,Severe
train,15577,1546,SA08,SA08:F03_SA08_R03.txt,1,Fall,1,1,1,Severe,0.07383292993013152,0,Normal,1,Severe
train,15578,1547,SA08,SA08:F03_SA08_R03.txt,1,Fall,1,1,1,Severe,0.07810410910542698,0,Normal,1,Severe
train,15579,1548,SA08,SA08:F03_SA08_R03.txt,1,Fall,1,1,1,Severe,0.08132732497539485,0,Normal,1,Severe
train,15580,1549,SA08,SA08:F03_SA08_R03.txt,1,Fall,1,1,1,Severe,0.0749776645749633,0,Normal,1,Severe
train,15591,1550,SA08,SA08:F03_SA08_R04.txt,1,Fall,1,1,1,Severe,0.013946687243986955,0,Normal,1,Severe
train,15592,1551,SA08,SA08:F03_SA08_R04.txt,1,Fall,1,1,1,Severe,0.014775634095768986,0,Normal,1,Severe
train,15593,1552,SA08,SA08:F03_SA08_R04.txt,1,Fall,1,1,1,Severe,0.012944008541182384,0,Normal,1,Severe
train,15594,1553,SA08,SA08:F03_SA08_R04.txt,1,Fall,1,1,1,Severe,0.009816845430831833,0,Normal,1,Severe
train,15607,1554,SA08,SA08:F03_SA08_R05.txt,1,Fall,1,1,1,Severe,0.027512102461895283,0,Normal,1,Severe
train,15608,1555,SA08,SA08:F03_SA08_R05.txt,1,Fall,1,1,1,Severe,0.03919329532501764,0,Normal,1,Severe
train,15609,1556,SA08,SA08:F03_SA08_R05.txt,1,Fall,1,1,1,Severe,0.037441899069889484,0,Normal,1,Severe
train,15610,1557,SA08,SA08:F03_SA08_R05.txt,1,Fall,1,1,1,Severe,0.020932082962324072,0,Normal,1,Severe
train,15623,1558,SA08,SA08:F04_SA08_R01.txt,1,Fall,0,0,0,Mild,0.07205727233891779,0,Normal,0,Mild
train,15624,1559,SA08,SA08:F04_SA08_R01.txt,1,Fall,0,0,0,Mild,0.07745203844165699,0,Normal,0,Mild
train,15625,1560,SA08,SA08:F04_SA08_R01.txt,1,Fall,0,0,0,Mild,0.08331301857756335,0,Normal,0,Mild
train,15626,1561,SA08,SA08:F04_SA08_R01.txt,1,Fall,0,0,0,Mild,0.0748257194034625,0,Normal,0,Mild
train,15639,1562,SA08,SA08:F04_SA08_R02.txt,1,Fall,1,1,1,Severe,0.07411658848600339,0,Normal,1,Severe
train,15640,1563,SA08,SA08:F04_SA08_R02.txt,1,Fall,1,1,1,Severe,0.08524641947924166,0,Normal,1,Severe
train,15641,1564,SA08,SA08:F04_SA08_R02.txt,1,Fall,1,1,1,Severe,0.08598958062802209,0,Normal,1,Severe
train,15642,1565,SA08,SA08:F04_SA08_R02.txt,1,Fall,1,1,1,Severe,0.052894795322480814,0,Normal,1,Severe
train,15654,1566,SA08,SA08:F04_SA08_R03.txt,1,Fall,1,1,1,Severe,0.082323275633304,0,Normal,1,Severe
train,15655,1567,SA08,SA08:F04_SA08_R03.txt,1,Fall,1,1,1,Severe,0.10145638013177105,0,Normal,1,Severe
train,15656,1568,SA08,SA08:F04_SA08_R03.txt,1,Fall,1,1,1,Severe,0.1037586695288234,0,Normal,1,Severe
train,15657,1569,SA08,SA08:F04_SA08_R03.txt,1,Fall,1,1,1,Severe,0.10260016991990306,0,Normal,1,Severe
train,15669,1570,SA08,SA08:F04_SA08_R04.txt,1,Fall,1,1,1,Severe,0.08313850816952506,0,Normal,1,Severe
train,15670,1571,SA08,SA08:F04_SA08_R04.txt,1,Fall,1,1,1,Severe,0.08949503533664466,0,Normal,1,Severe
train,15671,1572,SA08,SA08:F04_SA08_R04.txt,1,Fall,1,1,1,Severe,0.0996735703437654,0,Normal,1,Severe
train,15672,1573,SA08,SA08:F04_SA08_R04.txt,1,Fall,1,1,1,Severe,0.0930075773510608,0,Normal,1,Severe
train,15682,1574,SA08,SA08:F04_SA08_R05.txt,1,Fall,1,1,1,Severe,0.032727766873742736,0,Normal,1,Severe
train,15683,1575,SA08,SA08:F04_SA08_R05.txt,1,Fall,1,1,1,Severe,0.03517920609024511,0,Normal,1,Severe
train,15684,1576,SA08,SA08:F04_SA08_R05.txt,1,Fall,1,1,1,Severe,0.03542422610888252,0,Normal,1,Severe
train,15685,1577,SA08,SA08:F04_SA08_R05.txt,1,Fall,1,1,1,Severe,0.005568150068956279,0,Normal,1,Severe
train,15696,1578,SA08,SA08:F05_SA08_R01.txt,1,Fall,1,1,1,Severe,0.037204892728464944,0,Normal,1,Severe
train,15697,1579,SA08,SA08:F05_SA08_R01.txt,1,Fall,1,1,1,Severe,0.042711956926403394,0,Normal,1,Severe
train,15698,1580,SA08,SA08:F05_SA08_R01.txt,1,Fall,1,1,1,Severe,0.049780811242734424,0,Normal,1,Severe
train,15699,1581,SA08,SA08:F05_SA08_R01.txt,1,Fall,1,1,1,Severe,0.007157375727810278,0,Normal,1,Severe
train,15711,1582,SA08,SA08:F05_SA08_R02.txt,1,Fall,1,1,1,Severe,0.076502077571803,0,Normal,1,Severe
train,15712,1583,SA08,SA08:F05_SA08_R02.txt,1,Fall,1,1,1,Severe,0.09370501125672082,0,Normal,1,Severe
train,15713,1584,SA08,SA08:F05_SA08_R02.txt,1,Fall,1,1,1,Severe,0.09270813270530764,0,Normal,1,Severe
train,15714,1585,SA08,SA08:F05_SA08_R02.txt,1,Fall,1,1,1,Severe,0.09203080226832266,0,Normal,1,Severe
train,15727,1586,SA08,SA08:F05_SA08_R03.txt,1,Fall,1,1,1,Severe,0.033863170708275325,0,Normal,1,Severe
train,15728,1587,SA08,SA08:F05_SA08_R03.txt,1,Fall,1,1,1,Severe,0.03712753467309399,0,Normal,1,Severe
train,15729,1588,SA08,SA08:F05_SA08_R03.txt,1,Fall,1,1,1,Severe,0.043843172226203764,0,Normal,1,Severe
train,15730,1589,SA08,SA08:F05_SA08_R03.txt,1,Fall,1,1,1,Severe,0.027184286890975295,0,Normal,1,Severe
train,15740,1590,SA08,SA08:F05_SA08_R04.txt,1,Fall,1,1,1,Severe,0.06595648129867515,0,Normal,1,Severe
train,15741,1591,SA08,SA08:F05_SA08_R04.txt,1,Fall,1,1,1,Severe,0.05381834224647941,0,Normal,1,Severe
train,15742,1592,SA08,SA08:F05_SA08_R04.txt,1,Fall,1,1,1,Severe,0.06075988532479659,0,Normal,1,Severe
train,15743,1593,SA08,SA08:F05_SA08_R04.txt,1,Fall,1,1,1,Severe,0.059361081900455304,0,Normal,1,Severe
train,15756,1594,SA08,SA08:F05_SA08_R05.txt,1,Fall,1,1,1,Severe,0.03728348231833456,0,Normal,1,Severe
train,15757,1595,SA08,SA08:F05_SA08_R05.txt,1,Fall,1,1,1,Severe,0.04176647896279945,0,Normal,1,Severe
train,15758,1596,SA08,SA08:F05_SA08_R05.txt,1,Fall,1,1,1,Severe,0.052110281827644156,0,Normal,1,Severe
train,15759,1597,SA08,SA08:F05_SA08_R05.txt,1,Fall,1,1,1,Severe,0.036270986220739154,0,Normal,1,Severe
train,15774,1598,SA08,SA08:F06_SA08_R01.txt,1,Fall,1,1,1,Severe,0.07759249184139727,0,Normal,1,Severe
train,15775,1599,SA08,SA08:F06_SA08_R01.txt,1,Fall,1,1,1,Severe,0.07978280279249339,0,Normal,1,Severe
train,15776,1600,SA08,SA08:F06_SA08_R01.txt,1,Fall,1,1,1,Severe,0.08577185743545829,0,Normal,1,Severe
train,15777,1601,SA08,SA08:F06_SA08_R01.txt,1,Fall,1,1,1,Severe,0.05300971030301094,0,Normal,1,Severe
train,15788,1602,SA08,SA08:F06_SA08_R02.txt,1,Fall,1,1,1,Severe,0.04341994328995741,0,Normal,1,Severe
train,15789,1603,SA08,SA08:F06_SA08_R02.txt,1,Fall,1,1,1,Severe,0.05089735322703509,0,Normal,1,Severe
train,15790,1604,SA08,SA08:F06_SA08_R02.txt,1,Fall,1,1,1,Severe,0.056117347995711386,0,Normal,1,Severe
train,15791,1605,SA08,SA08:F06_SA08_R02.txt,1,Fall,1,1,1,Severe,0.050543620821629054,0,Normal,1,Severe
train,15803,1606,SA08,SA08:F06_SA08_R03.txt,1,Fall,1,1,1,Severe,0.03829532755075393,0,Normal,1,Severe
train,15804,1607,SA08,SA08:F06_SA08_R03.txt,1,Fall,1,1,1,Severe,0.023764918964426784,0,Normal,1,Severe
train,15805,1608,SA08,SA08:F06_SA08_R03.txt,1,Fall,1,1,1,Severe,0.04087243008847513,0,Normal,1,Severe
train,15806,1609,SA08,SA08:F06_SA08_R03.txt,1,Fall,1,1,1,Severe,0.03548361325393862,0,Normal,1,Severe
train,15819,1610,SA08,SA08:F06_SA08_R04.txt,1,Fall,1,1,1,Severe,0.04457480711418882,0,Normal,1,Severe
train,15820,1611,SA08,SA08:F06_SA08_R04.txt,1,Fall,1,1,1,Severe,0.06131812030020911,0,Normal,1,Severe
train,15821,1612,SA08,SA08:F06_SA08_R04.txt,1,Fall,1,1,1,Severe,0.06675488362216525,0,Normal,1,Severe
train,15822,1613,SA08,SA08:F06_SA08_R04.txt,1,Fall,1,1,1,Severe,0.0789874681269152,0,Normal,1,Severe
train,15833,1614,SA08,SA08:F06_SA08_R05.txt,1,Fall,1,1,1,Severe,0.020218129386170625,0,Normal,1,Severe
train,15834,1615,SA08,SA08:F06_SA08_R05.txt,1,Fall,1,1,1,Severe,0.05202672960133731,0,Normal,1,Severe
train,15835,1616,SA08,SA08:F06_SA08_R05.txt,1,Fall,1,1,1,Severe,0.05247722150858697,0,Normal,1,Severe
train,15836,1617,SA08,SA08:F06_SA08_R05.txt,1,Fall,1,1,1,Severe,0.0510487503331819,0,Normal,1,Severe
train,15846,1618,SA08,SA08:F07_SA08_R01.txt,1,Fall,1,1,1,Severe,0.04790664923471666,0,Normal,1,Severe
train,15847,1619,SA08,SA08:F07_SA08_R01.txt,1,Fall,1,1,1,Severe,0.05384368117884236,0,Normal,1,Severe
train,15848,1620,SA08,SA08:F07_SA08_R01.txt,1,Fall,1,1,1,Severe,0.04956219520973776,0,Normal,1,Severe
train,15849,1621,SA08,SA08:F07_SA08_R01.txt,1,Fall,1,1,1,Severe,0.051449356286134285,0,Normal,1,Severe
train,15863,1622,SA08,SA08:F07_SA08_R02.txt,1,Fall,1,1,1,Severe,0.06224008352624638,0,Normal,1,Severe
train,15864,1623,SA08,SA08:F07_SA08_R02.txt,1,Fall,1,1,1,Severe,0.07258530511971661,0,Normal,1,Severe
train,15865,1624,SA08,SA08:F07_SA08_R02.txt,1,Fall,1,1,1,Severe,0.06715590019864787,0,Normal,1,Severe
train,15866,1625,SA08,SA08:F07_SA08_R02.txt,1,Fall,1,1,1,Severe,0.025997540101484917,0,Normal,1,Severe
train,15878,1626,SA08,SA08:F07_SA08_R03.txt,1,Fall,1,1,1,Severe,0.03309612786048133,0,Normal,1,Severe
train,15879,1627,SA08,SA08:F07_SA08_R03.txt,1,Fall,1,1,1,Severe,0.04592017338003379,0,Normal,1,Severe
train,15880,1628,SA08,SA08:F07_SA08_R03.txt,1,Fall,1,1,1,Severe,0.04164506473697044,0,Normal,1,Severe
train,15881,1629,SA08,SA08:F07_SA08_R03.txt,1,Fall,1,1,1,Severe,0.01438532699655204,0,Normal,1,Severe
train,15893,1630,SA08,SA08:F07_SA08_R04.txt,1,Fall,1,1,1,Severe,0.0661941720027332,0,Normal,1,Severe
train,15894,1631,SA08,SA08:F07_SA08_R04.txt,1,Fall,1,1,1,Severe,0.07697932233295024,0,Normal,1,Severe
train,15895,1632,SA08,SA08:F07_SA08_R04.txt,1,Fall,1,1,1,Severe,0.07608358362981038,0,Normal,1,Severe
train,15896,1633,SA08,SA08:F07_SA08_R04.txt,1,Fall,1,1,1,Severe,0.06331352894613484,0,Normal,1,Severe
train,15908,1634,SA08,SA08:F07_SA08_R05.txt,1,Fall,1,1,1,Severe,0.03554226428217788,0,Normal,1,Severe
train,15909,1635,SA08,SA08:F07_SA08_R05.txt,1,Fall,1,1,1,Severe,0.03953378960253373,0,Normal,1,Severe
train,15910,1636,SA08,SA08:F07_SA08_R05.txt,1,Fall,1,1,1,Severe,0.04160678896671627,0,Normal,1,Severe
train,15911,1637,SA08,SA08:F07_SA08_R05.txt,1,Fall,1,1,1,Severe,0.02987736486284487,0,Normal,1,Severe
train,15924,1638,SA08,SA08:F08_SA08_R01.txt,1,Fall,1,1,1,Severe,0.1038980901311542,0,Normal,1,Severe
train,15925,1639,SA08,SA08:F08_SA08_R01.txt,1,Fall,1,1,1,Severe,0.11306459441068839,0,Normal,1,Severe
train,15926,1640,SA08,SA08:F08_SA08_R01.txt,1,Fall,1,1,1,Severe,0.11059793185439598,0,Normal,1,Severe
train,15927,1641,SA08,SA08:F08_SA08_R01.txt,1,Fall,1,1,1,Severe,0.09674739436820873,0,Normal,1,Severe
train,15938,1642,SA08,SA08:F08_SA08_R02.txt,1,Fall,1,1,1,Severe,0.04282322878586692,0,Normal,1,Severe
train,15939,1643,SA08,SA08:F08_SA08_R02.txt,1,Fall,1,1,1,Severe,0.04859750794198542,0,Normal,1,Severe
train,15940,1644,SA08,SA08:F08_SA08_R02.txt,1,Fall,1,1,1,Severe,0.0430252538809589,0,Normal,1,Severe
train,15941,1645,SA08,SA08:F08_SA08_R02.txt,1,Fall,1,1,1,Severe,0.019089709628805185,0,Normal,1,Severe
train,15953,1646,SA08,SA08:F08_SA08_R03.txt,1,Fall,1,1,1,Severe,0.010393854747916542,0,Normal,1,Severe
train,15954,1647,SA08,SA08:F08_SA08_R03.txt,1,Fall,1,1,1,Severe,0.013686012530788827,0,Normal,1,Severe
train,15955,1648,SA08,SA08:F08_SA08_R03.txt,1,Fall,1,1,1,Severe,0.0117852865477297,0,Normal,1,Severe
train,15956,1649,SA08,SA08:F08_SA08_R03.txt,1,Fall,1,1,1,Severe,-0.004907499239966917,1,Anomalous,-1,Non-applicable
train,15968,1650,SA08,SA08:F08_SA08_R04.txt,1,Fall,1,1,1,Severe,0.06032061033435038,0,Normal,1,Severe
train,15969,1651,SA08,SA08:F08_SA08_R04.txt,1,Fall,1,1,1,Severe,0.06738624196914578,0,Normal,1,Severe
train,15970,1652,SA08,SA08:F08_SA08_R04.txt,1,Fall,1,1,1,Severe,0.06463330113283544,0,Normal,1,Severe
train,15971,1653,SA08,SA08:F08_SA08_R04.txt,1,Fall,1,1,1,Severe,0.03978884832654539,0,Normal,1,Severe
train,15982,1654,SA08,SA08:F08_SA08_R05.txt,1,Fall,1,1,1,Severe,0.06596550451235372,0,Normal,1,Severe
train,15983,1655,SA08,SA08:F08_SA08_R05.txt,1,Fall,1,1,1,Severe,0.07149186800573348,0,Normal,1,Severe
train,15984,1656,SA08,SA08:F08_SA08_R05.txt,1,Fall,1,1,1,Severe,0.07364073819747735,0,Normal,1,Severe
train,15985,1657,SA08,SA08:F08_SA08_R05.txt,1,Fall,1,1,1,Severe,0.05474725151459636,0,Normal,1,Severe
train,15997,1658,SA08,SA08:F09_SA08_R01.txt,1,Fall,1,1,1,Severe,0.09968429033707671,0,Normal,1,Severe
train,15998,1659,SA08,SA08:F09_SA08_R01.txt,1,Fall,1,1,1,Severe,0.090998982058688,0,Normal,1,Severe
train,15999,1660,SA08,SA08:F09_SA08_R01.txt,1,Fall,1,1,1,Severe,0.0881186582452923,0,Normal,1,Severe
train,16000,1661,SA08,SA08:F09_SA08_R01.txt,1,Fall,1,1,1,Severe,0.035950378678159645,0,Normal,1,Severe
train,16013,1662,SA08,SA08:F09_SA08_R02.txt,1,Fall,1,1,1,Severe,0.034905035345347224,0,Normal,1,Severe
train,16014,1663,SA08,SA08:F09_SA08_R02.txt,1,Fall,1,1,1,Severe,0.049907345665065383,0,Normal,1,Severe
train,16015,1664,SA08,SA08:F09_SA08_R02.txt,1,Fall,1,1,1,Severe,0.04305153273461293,0,Normal,1,Severe
train,16016,1665,SA08,SA08:F09_SA08_R02.txt,1,Fall,1,1,1,Severe,0.025345663580276123,0,Normal,1,Severe
train,16026,1666,SA08,SA08:F09_SA08_R03.txt,1,Fall,1,1,1,Severe,0.06169117466677004,0,Normal,1,Severe
train,16027,1667,SA08,SA08:F09_SA08_R03.txt,1,Fall,1,1,1,Severe,0.06629161771210251,0,Normal,1,Severe
train,16028,1668,SA08,SA08:F09_SA08_R03.txt,1,Fall,1,1,1,Severe,0.06294420258854411,0,Normal,1,Severe
train,16029,1669,SA08,SA08:F09_SA08_R03.txt,1,Fall,1,1,1,Severe,0.02619031011717743,0,Normal,1,Severe
train,16043,1670,SA08,SA08:F09_SA08_R04.txt,1,Fall,1,1,1,Severe,0.05957902269460391,0,Normal,1,Severe
train,16044,1671,SA08,SA08:F09_SA08_R04.txt,1,Fall,1,1,1,Severe,0.07332027886742654,0,Normal,1,Severe
train,16045,1672,SA08,SA08:F09_SA08_R04.txt,1,Fall,1,1,1,Severe,0.06461914898054616,0,Normal,1,Severe
train,16046,1673,SA08,SA08:F09_SA08_R04.txt,1,Fall,1,1,1,Severe,0.05130002015791285,0,Normal,1,Severe
train,16057,1674,SA08,SA08:F09_SA08_R05.txt,1,Fall,1,1,1,Severe,0.07297295085447086,0,Normal,1,Severe
train,16058,1675,SA08,SA08:F09_SA08_R05.txt,1,Fall,1,1,1,Severe,0.08574707068884246,0,Normal,1,Severe
train,16059,1676,SA08,SA08:F09_SA08_R05.txt,1,Fall,1,1,1,Severe,0.0817832070744372,0,Normal,1,Severe
train,16060,1677,SA08,SA08:F09_SA08_R05.txt,1,Fall,1,1,1,Severe,0.05072288933885044,0,Normal,1,Severe
train,16073,1678,SA08,SA08:F10_SA08_R01.txt,1,Fall,0,0,0,Mild,0.08424388211771933,0,Normal,0,Mild
train,16074,1679,SA08,SA08:F10_SA08_R01.txt,1,Fall,0,0,0,Mild,0.09047939173392716,0,Normal,0,Mild
train,16075,1680,SA08,SA08:F10_SA08_R01.txt,1,Fall,0,0,0,Mild,0.08684897771442612,0,Normal,0,Mild
train,16076,1681,SA08,SA08:F10_SA08_R01.txt,1,Fall,0,0,0,Mild,0.025883386108291218,0,Normal,0,Mild
train,16087,1682,SA08,SA08:F10_SA08_R02.txt,1,Fall,1,1,1,Severe,0.08414601073582306,0,Normal,1,Severe
train,16088,1683,SA08,SA08:F10_SA08_R02.txt,1,Fall,1,1,1,Severe,0.10383899933980045,0,Normal,1,Severe
train,16089,1684,SA08,SA08:F10_SA08_R02.txt,1,Fall,1,1,1,Severe,0.10599266938601876,0,Normal,1,Severe
train,16090,1685,SA08,SA08:F10_SA08_R02.txt,1,Fall,1,1,1,Severe,0.09208986590056162,0,Normal,1,Severe
train,16101,1686,SA08,SA08:F10_SA08_R03.txt,1,Fall,1,1,1,Severe,0.0771930479036495,0,Normal,1,Severe
train,16102,1687,SA08,SA08:F10_SA08_R03.txt,1,Fall,1,1,1,Severe,0.09466332324291127,0,Normal,1,Severe
train,16103,1688,SA08,SA08:F10_SA08_R03.txt,1,Fall,1,1,1,Severe,0.09988759779069689,0,Normal,1,Severe
train,16104,1689,SA08,SA08:F10_SA08_R03.txt,1,Fall,1,1,1,Severe,0.08609063163261449,0,Normal,1,Severe
train,16116,1690,SA08,SA08:F10_SA08_R04.txt,1,Fall,0,0,0,Mild,0.08893112896541999,0,Normal,0,Mild
train,16117,1691,SA08,SA08:F10_SA08_R04.txt,1,Fall,0,0,0,Mild,0.10786330375882275,0,Normal,0,Mild
train,16118,1692,SA08,SA08:F10_SA08_R04.txt,1,Fall,0,0,0,Mild,0.10882135630042783,0,Normal,0,Mild
train,16119,1693,SA08,SA08:F10_SA08_R04.txt,1,Fall,0,0,0,Mild,0.09290363870771373,0,Normal,0,Mild
train,16132,1694,SA08,SA08:F10_SA08_R05.txt,1,Fall,1,1,1,Severe,0.0813411546609728,0,Normal,1,Severe
train,16133,1695,SA08,SA08:F10_SA08_R05.txt,1,Fall,1,1,1,Severe,0.08794042764112597,0,Normal,1,Severe
train,16134,1696,SA08,SA08:F10_SA08_R05.txt,1,Fall,1,1,1,Severe,0.08785585707320254,0,Normal,1,Severe
train,16135,1697,SA08,SA08:F10_SA08_R05.txt,1,Fall,1,1,1,Severe,0.0545584438950652,0,Normal,1,Severe
train,16144,1698,SA08,SA08:F11_SA08_R01.txt,1,Fall,0,0,0,Mild,0.0663163636438619,0,Normal,0,Mild
train,16145,1699,SA08,SA08:F11_SA08_R01.txt,1,Fall,0,0,0,Mild,0.07644229795717172,0,Normal,0,Mild
train,16146,1700,SA08,SA08:F11_SA08_R01.txt,1,Fall,0,0,0,Mild,0.07462184678523853,0,Normal,0,Mild
train,16147,1701,SA08,SA08:F11_SA08_R01.txt,1,Fall,0,0,0,Mild,0.040568291796517664,0,Normal,0,Mild
train,16160,1702,SA08,SA08:F11_SA08_R02.txt,1,Fall,0,0,0,Mild,0.060305171927091616,0,Normal,0,Mild
train,16161,1703,SA08,SA08:F11_SA08_R02.txt,1,Fall,0,0,0,Mild,0.07562943192708604,0,Normal,0,Mild
train,16162,1704,SA08,SA08:F11_SA08_R02.txt,1,Fall,0,0,0,Mild,0.07426145856656136,0,Normal,0,Mild
train,16163,1705,SA08,SA08:F11_SA08_R02.txt,1,Fall,0,0,0,Mild,0.05988438211151864,0,Normal,0,Mild
train,16175,1706,SA08,SA08:F11_SA08_R03.txt,1,Fall,0,0,0,Mild,0.09471891587458492,0,Normal,0,Mild
train,16176,1707,SA08,SA08:F11_SA08_R03.txt,1,Fall,0,0,0,Mild,0.10088333830907115,0,Normal,0,Mild
train,16177,1708,SA08,SA08:F11_SA08_R03.txt,1,Fall,0,0,0,Mild,0.09955300925512622,0,Normal,0,Mild
train,16178,1709,SA08,SA08:F11_SA08_R03.txt,1,Fall,0,0,0,Mild,0.06486446881199204,0,Normal,0,Mild
train,16190,1710,SA08,SA08:F11_SA08_R04.txt,1,Fall,1,1,1,Severe,0.0963672056769816,0,Normal,1,Severe
train,16191,1711,SA08,SA08:F11_SA08_R04.txt,1,Fall,1,1,1,Severe,0.1027274250500072,0,Normal,1,Severe
train,16192,1712,SA08,SA08:F11_SA08_R04.txt,1,Fall,1,1,1,Severe,0.09387464466849649,0,Normal,1,Severe
train,16193,1713,SA08,SA08:F11_SA08_R04.txt,1,Fall,0,0,0,Mild,0.05965054574080142,0,Normal,0,Mild
train,16206,1714,SA08,SA08:F11_SA08_R05.txt,1,Fall,1,1,1,Severe,0.09410677248748722,0,Normal,1,Severe
train,16207,1715,SA08,SA08:F11_SA08_R05.txt,1,Fall,1,1,1,Severe,0.09634505477916078,0,Normal,1,Severe
train,16208,1716,SA08,SA08:F11_SA08_R05.txt,1,Fall,1,1,1,Severe,0.08989546931603576,0,Normal,1,Severe
train,16209,1717,SA08,SA08:F11_SA08_R05.txt,1,Fall,0,0,0,Mild,0.06322912806834718,0,Normal,0,Mild
train,16221,1718,SA08,SA08:F12_SA08_R01.txt,1,Fall,1,1,1,Severe,0.0856820273647878,0,Normal,1,Severe
train,16222,1719,SA08,SA08:F12_SA08_R01.txt,1,Fall,1,1,1,Severe,0.10114724647357104,0,Normal,1,Severe
train,16223,1720,SA08,SA08:F12_SA08_R01.txt,1,Fall,1,1,1,Severe,0.10376770035644634,0,Normal,1,Severe
train,16224,1721,SA08,SA08:F12_SA08_R01.txt,1,Fall,1,1,1,Severe,0.09977998597045257,0,Normal,1,Severe
train,16237,1722,SA08,SA08:F12_SA08_R02.txt,1,Fall,1,1,1,Severe,0.11193490514690724,0,Normal,1,Severe
train,16238,1723,SA08,SA08:F12_SA08_R02.txt,1,Fall,1,1,1,Severe,0.12130417843145147,0,Normal,1,Severe
train,16239,1724,SA08,SA08:F12_SA08_R02.txt,1,Fall,1,1,1,Severe,0.1221019660310656,0,Normal,1,Severe
train,16240,1725,SA08,SA08:F12_SA08_R02.txt,1,Fall,1,1,1,Severe,0.10283478834545612,0,Normal,1,Severe
train,16255,1726,SA08,SA08:F12_SA08_R03.txt,1,Fall,1,1,1,Severe,0.07590687328475165,0,Normal,1,Severe
train,16256,1727,SA08,SA08:F12_SA08_R03.txt,1,Fall,1,1,1,Severe,0.0984645955385588,0,Normal,1,Severe
train,16257,1728,SA08,SA08:F12_SA08_R03.txt,1,Fall,1,1,1,Severe,0.09980991639096409,0,Normal,1,Severe
train,16258,1729,SA08,SA08:F12_SA08_R03.txt,1,Fall,1,1,1,Severe,0.08952352702151467,0,Normal,1,Severe
train,16267,1730,SA08,SA08:F12_SA08_R04.txt,1,Fall,1,1,1,Severe,0.058413449719328936,0,Normal,1,Severe
train,16268,1731,SA08,SA08:F12_SA08_R04.txt,1,Fall,1,1,1,Severe,0.10937143018164908,0,Normal,1,Severe
train,16269,1732,SA08,SA08:F12_SA08_R04.txt,1,Fall,1,1,1,Severe,0.1122768579547026,0,Normal,1,Severe
train,16270,1733,SA08,SA08:F12_SA08_R04.txt,1,Fall,1,1,1,Severe,0.10405624486041476,0,Normal,1,Severe
train,16280,1734,SA08,SA08:F12_SA08_R05.txt,1,Fall,0,0,0,Mild,0.03184746459622734,0,Normal,0,Mild
train,16281,1735,SA08,SA08:F12_SA08_R05.txt,1,Fall,1,1,1,Severe,0.08092915878601142,0,Normal,1,Severe
train,16282,1736,SA08,SA08:F12_SA08_R05.txt,1,Fall,1,1,1,Severe,0.08377016191887793,0,Normal,1,Severe
train,16283,1737,SA08,SA08:F12_SA08_R05.txt,1,Fall,1,1,1,Severe,0.07975720572037698,0,Normal,1,Severe
train,16296,1738,SA08,SA08:F13_SA08_R01.txt,1,Fall,1,1,1,Severe,0.08803964540234144,0,Normal,1,Severe
train,16297,1739,SA08,SA08:F13_SA08_R01.txt,1,Fall,1,1,1,Severe,0.09218342419937103,0,Normal,1,Severe
train,16298,1740,SA08,SA08:F13_SA08_R01.txt,1,Fall,1,1,1,Severe,0.09163309210824205,0,Normal,1,Severe
train,16299,1741,SA08,SA08:F13_SA08_R01.txt,1,Fall,1,1,1,Severe,0.03353065325209231,0,Normal,1,Severe
train,16312,1742,SA08,SA08:F13_SA08_R02.txt,1,Fall,1,1,1,Severe,0.10917902394690948,0,Normal,1,Severe
train,16313,1743,SA08,SA08:F13_SA08_R02.txt,1,Fall,1,1,1,Severe,0.11339138447282421,0,Normal,1,Severe
train,16314,1744,SA08,SA08:F13_SA08_R02.txt,1,Fall,1,1,1,Severe,0.11250524160571218,0,Normal,1,Severe
train,16315,1745,SA08,SA08:F13_SA08_R02.txt,1,Fall,1,1,1,Severe,0.08050058424650841,0,Normal,1,Severe
train,16327,1746,SA08,SA08:F13_SA08_R03.txt,1,Fall,0,0,0,Mild,0.11718003642901964,0,Normal,0,Mild
train,16328,1747,SA08,SA08:F13_SA08_R03.txt,1,Fall,0,0,0,Mild,0.11983551479565752,0,Normal,0,Mild
train,16329,1748,SA08,SA08:F13_SA08_R03.txt,1,Fall,0,0,0,Mild,0.11943081972787767,0,Normal,0,Mild
train,16330,1749,SA08,SA08:F13_SA08_R03.txt,1,Fall,0,0,0,Mild,0.06040853299482801,0,Normal,0,Mild
train,16345,1750,SA08,SA08:F13_SA08_R04.txt,1,Fall,1,1,1,Severe,0.07043139408494437,0,Normal,1,Severe
train,16346,1751,SA08,SA08:F13_SA08_R04.txt,1,Fall,1,1,1,Severe,0.11138276837281214,0,Normal,1,Severe
train,16347,1752,SA08,SA08:F13_SA08_R04.txt,1,Fall,1,1,1,Severe,0.12220237387668875,0,Normal,1,Severe
train,16348,1753,SA08,SA08:F13_SA08_R04.txt,1,Fall,1,1,1,Severe,0.11775221317559281,0,Normal,1,Severe
train,16358,1754,SA08,SA08:F13_SA08_R05.txt,1,Fall,1,1,1,Severe,0.022656148408871424,0,Normal,1,Severe
train,16359,1755,SA08,SA08:F13_SA08_R05.txt,1,Fall,1,1,1,Severe,0.06682979587541227,0,Normal,1,Severe
train,16360,1756,SA08,SA08:F13_SA08_R05.txt,1,Fall,1,1,1,Severe,0.06743784563612726,0,Normal,1,Severe
train,16361,1757,SA08,SA08:F13_SA08_R05.txt,1,Fall,1,1,1,Severe,0.05436857738807899,0,Normal,1,Severe
train,16370,1758,SA08,SA08:F14_SA08_R01.txt,1,Fall,1,1,1,Severe,0.09930086070181832,0,Normal,1,Severe
train,16371,1759,SA08,SA08:F14_SA08_R01.txt,1,Fall,1,1,1,Severe,0.09955647550207047,0,Normal,1,Severe
train,16372,1760,SA08,SA08:F14_SA08_R01.txt,1,Fall,1,1,1,Severe,0.0929612055346713,0,Normal,1,Severe
train,16373,1761,SA08,SA08:F14_SA08_R01.txt,1,Fall,1,1,1,Severe,0.06301705651812345,0,Normal,1,Severe
train,16383,1762,SA08,SA08:F14_SA08_R02.txt,1,Fall,0,0,0,Mild,0.040725785935748104,0,Normal,0,Mild
train,16384,1763,SA08,SA08:F14_SA08_R02.txt,1,Fall,0,0,0,Mild,0.0578537550413471,0,Normal,0,Mild
train,16385,1764,SA08,SA08:F14_SA08_R02.txt,1,Fall,0,0,0,Mild,0.05604687465009511,0,Normal,0,Mild
train,16386,1765,SA08,SA08:F14_SA08_R02.txt,1,Fall,0,0,0,Mild,0.04433812312659313,0,Normal,0,Mild
train,16400,1766,SA08,SA08:F14_SA08_R03.txt,1,Fall,0,0,0,Mild,0.05143611221682032,0,Normal,0,Mild
train,16401,1767,SA08,SA08:F14_SA08_R03.txt,1,Fall,0,0,0,Mild,0.062172273735896566,0,Normal,0,Mild
train,16402,1768,SA08,SA08:F14_SA08_R03.txt,1,Fall,0,0,0,Mild,0.06410021749149086,0,Normal,0,Mild
train,16403,1769,SA08,SA08:F14_SA08_R03.txt,1,Fall,0,0,0,Mild,0.052662932131047,0,Normal,0,Mild
train,16416,1770,SA08,SA08:F14_SA08_R04.txt,1,Fall,0,0,0,Mild,0.07385382029861065,0,Normal,0,Mild
train,16417,1771,SA08,SA08:F14_SA08_R04.txt,1,Fall,0,0,0,Mild,0.07176385943559377,0,Normal,0,Mild
train,16418,1772,SA08,SA08:F14_SA08_R04.txt,1,Fall,0,0,0,Mild,0.06875120491465664,0,Normal,0,Mild
train,16419,1773,SA08,SA08:F14_SA08_R04.txt,1,Fall,0,0,0,Mild,0.04326903491448564,0,Normal,0,Mild
train,16433,1774,SA08,SA08:F14_SA08_R05.txt,1,Fall,0,0,0,Mild,0.11300191692021339,0,Normal,0,Mild
train,16434,1775,SA08,SA08:F14_SA08_R05.txt,1,Fall,0,0,0,Mild,0.1166627221811889,0,Normal,0,Mild
train,16435,1776,SA08,SA08:F14_SA08_R05.txt,1,Fall,0,0,0,Mild,0.11478391451969988,0,Normal,0,Mild
train,16436,1777,SA08,SA08:F14_SA08_R05.txt,1,Fall,0,0,0,Mild,0.09177063643050248,0,Normal,0,Mild
train,16445,1778,SA08,SA08:F15_SA08_R01.txt,1,Fall,1,1,1,Severe,0.02427487436031117,0,Normal,1,Severe
train,16446,1779,SA08,SA08:F15_SA08_R01.txt,1,Fall,1,1,1,Severe,0.08235794454069023,0,Normal,1,Severe
train,16447,1780,SA08,SA08:F15_SA08_R01.txt,1,Fall,1,1,1,Severe,0.08330074510787527,0,Normal,1,Severe
train,16448,1781,SA08,SA08:F15_SA08_R01.txt,1,Fall,1,1,1,Severe,0.07536732048664913,0,Normal,1,Severe
train,16462,1782,SA08,SA08:F15_SA08_R02.txt,1,Fall,1,1,1,Severe,0.06028289677717574,0,Normal,1,Severe
train,16463,1783,SA08,SA08:F15_SA08_R02.txt,1,Fall,1,1,1,Severe,0.07330207911644748,0,Normal,1,Severe
train,16464,1784,SA08,SA08:F15_SA08_R02.txt,1,Fall,1,1,1,Severe,0.0651444880213648,0,Normal,1,Severe
train,16465,1785,SA08,SA08:F15_SA08_R02.txt,1,Fall,1,1,1,Severe,0.04344121042221638,0,Normal,1,Severe
train,16477,1786,SA08,SA08:F15_SA08_R03.txt,1,Fall,1,1,1,Severe,0.07344838856829561,0,Normal,1,Severe
train,16478,1787,SA08,SA08:F15_SA08_R03.txt,1,Fall,1,1,1,Severe,0.111684391401067,0,Normal,1,Severe
train,16479,1788,SA08,SA08:F15_SA08_R03.txt,1,Fall,1,1,1,Severe,0.1072217657815221,0,Normal,1,Severe
train,16480,1789,SA08,SA08:F15_SA08_R03.txt,1,Fall,1,1,1,Severe,0.09380424897978756,0,Normal,1,Severe
train,16492,1790,SA08,SA08:F15_SA08_R04.txt,1,Fall,1,1,1,Severe,0.06566990547420737,0,Normal,1,Severe
train,16493,1791,SA08,SA08:F15_SA08_R04.txt,1,Fall,1,1,1,Severe,0.08860598139417492,0,Normal,1,Severe
train,16494,1792,SA08,SA08:F15_SA08_R04.txt,1,Fall,1,1,1,Severe,0.08586648086830045,0,Normal,1,Severe
train,16495,1793,SA08,SA08:F15_SA08_R04.txt,1,Fall,1,1,1,Severe,0.06586064359018529,0,Normal,1,Severe
train,16508,1794,SA08,SA08:F15_SA08_R05.txt,1,Fall,1,1,1,Severe,0.056056028364176114,0,Normal,1,Severe
train,16509,1795,SA08,SA08:F15_SA08_R05.txt,1,Fall,1,1,1,Severe,0.0777795527098526,0,Normal,1,Severe
train,16510,1796,SA08,SA08:F15_SA08_R05.txt,1,Fall,1,1,1,Severe,0.08743445925663956,0,Normal,1,Severe
train,16511,1797,SA08,SA08:F15_SA08_R05.txt,1,Fall,1,1,1,Severe,0.07814058592505602,0,Normal,1,Severe
train,18149,1798,SA10,SA10:F01_SA10_R01.txt,1,Fall,0,0,0,Mild,0.11401977258472568,0,Normal,0,Mild
train,18150,1799,SA10,SA10:F01_SA10_R01.txt,1,Fall,0,0,0,Mild,0.11763461940468262,0,Normal,0,Mild
train,18151,1800,SA10,SA10:F01_SA10_R01.txt,1,Fall,0,0,0,Mild,0.12153666258251755,0,Normal,0,Mild
train,18152,1801,SA10,SA10:F01_SA10_R01.txt,1,Fall,0,0,0,Mild,0.09013631023943003,0,Normal,0,Mild
train,18165,1802,SA10,SA10:F01_SA10_R02.txt,1,Fall,1,1,1,Severe,0.11563699950425294,0,Normal,1,Severe
train,18166,1803,SA10,SA10:F01_SA10_R02.txt,1,Fall,1,1,1,Severe,0.12554831479217582,0,Normal,1,Severe
train,18167,1804,SA10,SA10:F01_SA10_R02.txt,1,Fall,1,1,1,Severe,0.13167018216431747,0,Normal,1,Severe
train,18168,1805,SA10,SA10:F01_SA10_R02.txt,1,Fall,1,1,1,Severe,0.11272637335845292,0,Normal,1,Severe
train,18180,1806,SA10,SA10:F01_SA10_R03.txt,1,Fall,0,0,0,Mild,0.11607865495720604,0,Normal,0,Mild
train,18181,1807,SA10,SA10:F01_SA10_R03.txt,1,Fall,0,0,0,Mild,0.1260594322006361,0,Normal,0,Mild
train,18182,1808,SA10,SA10:F01_SA10_R03.txt,1,Fall,0,0,0,Mild,0.12542667791596712,0,Normal,0,Mild
train,18183,1809,SA10,SA10:F01_SA10_R03.txt,1,Fall,0,0,0,Mild,0.08127380154314401,0,Normal,0,Mild
train,18194,1810,SA10,SA10:F01_SA10_R04.txt,1,Fall,0,0,0,Mild,0.11628316481496725,0,Normal,0,Mild
train,18195,1811,SA10,SA10:F01_SA10_R04.txt,1,Fall,0,0,0,Mild,0.10991414093869528,0,Normal,0,Mild
train,18196,1812,SA10,SA10:F01_SA10_R04.txt,1,Fall,0,0,0,Mild,0.10811420701912733,0,Normal,0,Mild
train,18197,1813,SA10,SA10:F01_SA10_R04.txt,1,Fall,0,0,0,Mild,0.09050925327008946,0,Normal,0,Mild
train,18210,1814,SA10,SA10:F01_SA10_R05.txt,1,Fall,0,0,0,Mild,0.1006502139300472,0,Normal,0,Mild
train,18211,1815,SA10,SA10:F01_SA10_R05.txt,1,Fall,0,0,0,Mild,0.12033362241767276,0,Normal,0,Mild
train,18212,1816,SA10,SA10:F01_SA10_R05.txt,1,Fall,0,0,0,Mild,0.12302465268433521,0,Normal,0,Mild
train,18213,1817,SA10,SA10:F01_SA10_R05.txt,1,Fall,0,0,0,Mild,0.11934833113841492,0,Normal,0,Mild
train,18223,1818,SA10,SA10:F02_SA10_R01.txt,1,Fall,0,0,0,Mild,0.0709092725368562,0,Normal,0,Mild
train,18224,1819,SA10,SA10:F02_SA10_R01.txt,1,Fall,0,0,0,Mild,0.09865851862335279,0,Normal,0,Mild
train,18225,1820,SA10,SA10:F02_SA10_R01.txt,1,Fall,0,0,0,Mild,0.11456134805879054,0,Normal,0,Mild
train,18226,1821,SA10,SA10:F02_SA10_R01.txt,1,Fall,0,0,0,Mild,0.10623591534284799,0,Normal,0,Mild
train,18239,1822,SA10,SA10:F02_SA10_R02.txt,1,Fall,0,0,0,Mild,0.035908015506777025,0,Normal,0,Mild
train,18240,1823,SA10,SA10:F02_SA10_R02.txt,1,Fall,0,0,0,Mild,0.040828655608664555,0,Normal,0,Mild
train,18241,1824,SA10,SA10:F02_SA10_R02.txt,1,Fall,0,0,0,Mild,0.042124665543812556,0,Normal,0,Mild
train,18242,1825,SA10,SA10:F02_SA10_R02.txt,1,Fall,0,0,0,Mild,0.04424479696274386,0,Normal,0,Mild
train,18254,1826,SA10,SA10:F02_SA10_R03.txt,1,Fall,0,0,0,Mild,0.09538449411910987,0,Normal,0,Mild
train,18255,1827,SA10,SA10:F02_SA10_R03.txt,1,Fall,0,0,0,Mild,0.11143447722094907,0,Normal,0,Mild
train,18256,1828,SA10,SA10:F02_SA10_R03.txt,1,Fall,0,0,0,Mild,0.1077779617407214,0,Normal,0,Mild
train,18257,1829,SA10,SA10:F02_SA10_R03.txt,1,Fall,0,0,0,Mild,0.07257681056324511,0,Normal,0,Mild
train,18270,1830,SA10,SA10:F02_SA10_R04.txt,1,Fall,0,0,0,Mild,0.0644719455858136,0,Normal,0,Mild
train,18271,1831,SA10,SA10:F02_SA10_R04.txt,1,Fall,0,0,0,Mild,0.0858324905692851,0,Normal,0,Mild
train,18272,1832,SA10,SA10:F02_SA10_R04.txt,1,Fall,0,0,0,Mild,0.09692499607783495,0,Normal,0,Mild
train,18273,1833,SA10,SA10:F02_SA10_R04.txt,1,Fall,0,0,0,Mild,0.08898545283425224,0,Normal,0,Mild
train,18284,1834,SA10,SA10:F02_SA10_R05.txt,1,Fall,0,0,0,Mild,0.08085621492123785,0,Normal,0,Mild
train,18285,1835,SA10,SA10:F02_SA10_R05.txt,1,Fall,0,0,0,Mild,0.0915545077412464,0,Normal,0,Mild
train,18286,1836,SA10,SA10:F02_SA10_R05.txt,1,Fall,0,0,0,Mild,0.10584032528946308,0,Normal,0,Mild
train,18287,1837,SA10,SA10:F02_SA10_R05.txt,1,Fall,0,0,0,Mild,0.10120339483611035,0,Normal,0,Mild
train,18301,1838,SA10,SA10:F03_SA10_R01.txt,1,Fall,1,1,1,Severe,0.0869834039505995,0,Normal,1,Severe
train,18302,1839,SA10,SA10:F03_SA10_R01.txt,1,Fall,1,1,1,Severe,0.11652835715768373,0,Normal,1,Severe
train,18303,1840,SA10,SA10:F03_SA10_R01.txt,1,Fall,1,1,1,Severe,0.12106918731828159,0,Normal,1,Severe
train,18304,1841,SA10,SA10:F03_SA10_R01.txt,1,Fall,1,1,1,Severe,0.11649484691691803,0,Normal,1,Severe
train,18316,1842,SA10,SA10:F03_SA10_R02.txt,1,Fall,1,1,1,Severe,0.06801560463957484,0,Normal,1,Severe
train,18317,1843,SA10,SA10:F03_SA10_R02.txt,1,Fall,1,1,1,Severe,0.09811869461982947,0,Normal,1,Severe
train,18318,1844,SA10,SA10:F03_SA10_R02.txt,1,Fall,1,1,1,Severe,0.09844957085618267,0,Normal,1,Severe
train,18319,1845,SA10,SA10:F03_SA10_R02.txt,1,Fall,1,1,1,Severe,0.09679752096428046,0,Normal,1,Severe
train,18330,1846,SA10,SA10:F03_SA10_R03.txt,1,Fall,1,1,1,Severe,0.09969753822212007,0,Normal,1,Severe
train,18331,1847,SA10,SA10:F03_SA10_R03.txt,1,Fall,1,1,1,Severe,0.1041958573043491,0,Normal,1,Severe
train,18332,1848,SA10,SA10:F03_SA10_R03.txt,1,Fall,1,1,1,Severe,0.10034399705930219,0,Normal,1,Severe
train,18333,1849,SA10,SA10:F03_SA10_R03.txt,1,Fall,1,1,1,Severe,0.10210765521279963,0,Normal,1,Severe
train,18345,1850,SA10,SA10:F03_SA10_R04.txt,1,Fall,1,1,1,Severe,0.07492169537080678,0,Normal,1,Severe
train,18346,1851,SA10,SA10:F03_SA10_R04.txt,1,Fall,1,1,1,Severe,0.10167274846039942,0,Normal,1,Severe
train,18347,1852,SA10,SA10:F03_SA10_R04.txt,1,Fall,1,1,1,Severe,0.11297303131983039,0,Normal,1,Severe
train,18348,1853,SA10,SA10:F03_SA10_R04.txt,1,Fall,1,1,1,Severe,0.10216505597828207,0,Normal,1,Severe
train,18360,1854,SA10,SA10:F03_SA10_R05.txt,1,Fall,1,1,1,Severe,0.09224415931995594,0,Normal,1,Severe
train,18361,1855,SA10,SA10:F03_SA10_R05.txt,1,Fall,1,1,1,Severe,0.09823338081434185,0,Normal,1,Severe
train,18362,1856,SA10,SA10:F03_SA10_R05.txt,1,Fall,1,1,1,Severe,0.09390879228756344,0,Normal,1,Severe
train,18363,1857,SA10,SA10:F03_SA10_R05.txt,1,Fall,1,1,1,Severe,0.08800101306812869,0,Normal,1,Severe
train,18375,1858,SA10,SA10:F04_SA10_R01.txt,1,Fall,1,1,1,Severe,-0.017426234092212445,1,Anomalous,-1,Non-applicable
train,18376,1859,SA10,SA10:F04_SA10_R01.txt,1,Fall,1,1,1,Severe,-0.02538209938902458,1,Anomalous,-1,Non-applicable
train,18377,1860,SA10,SA10:F04_SA10_R01.txt,1,Fall,1,1,1,Severe,-0.026109564596825896,1,Anomalous,-1,Non-applicable
train,18378,1861,SA10,SA10:F04_SA10_R01.txt,1,Fall,1,1,1,Severe,-0.016155161725763922,1,Anomalous,-1,Non-applicable
train,18389,1862,SA10,SA10:F04_SA10_R02.txt,1,Fall,1,1,1,Severe,0.021037983547465777,0,Normal,1,Severe
train,18390,1863,SA10,SA10:F04_SA10_R02.txt,1,Fall,1,1,1,Severe,0.019570473979089065,0,Normal,1,Severe
train,18391,1864,SA10,SA10:F04_SA10_R02.txt,1,Fall,1,1,1,Severe,0.01870836508875351,0,Normal,1,Severe
train,18392,1865,SA10,SA10:F04_SA10_R02.txt,1,Fall,1,1,1,Severe,0.005383049419366626,0,Normal,1,Severe
train,18405,1866,SA10,SA10:F04_SA10_R03.txt,1,Fall,0,0,0,Mild,0.08947310750392823,0,Normal,0,Mild
train,18406,1867,SA10,SA10:F04_SA10_R03.txt,1,Fall,0,0,0,Mild,0.09792500203705606,0,Normal,0,Mild
train,18407,1868,SA10,SA10:F04_SA10_R03.txt,1,Fall,0,0,0,Mild,0.09971721998665173,0,Normal,0,Mild
train,18408,1869,SA10,SA10:F04_SA10_R03.txt,1,Fall,0,0,0,Mild,0.07971179502874276,0,Normal,0,Mild
train,18421,1870,SA10,SA10:F04_SA10_R04.txt,1,Fall,1,1,1,Severe,0.09245049989179543,0,Normal,1,Severe
train,18422,1871,SA10,SA10:F04_SA10_R04.txt,1,Fall,1,1,1,Severe,0.1049810362466056,0,Normal,1,Severe
train,18423,1872,SA10,SA10:F04_SA10_R04.txt,1,Fall,1,1,1,Severe,0.10329604696971023,0,Normal,1,Severe
train,18424,1873,SA10,SA10:F04_SA10_R04.txt,1,Fall,1,1,1,Severe,0.08490944866009786,0,Normal,1,Severe
train,18436,1874,SA10,SA10:F04_SA10_R05.txt,1,Fall,1,1,1,Severe,0.09268838213564051,0,Normal,1,Severe
train,18437,1875,SA10,SA10:F04_SA10_R05.txt,1,Fall,1,1,1,Severe,0.10506095418511957,0,Normal,1,Severe
train,18438,1876,SA10,SA10:F04_SA10_R05.txt,1,Fall,1,1,1,Severe,0.10359626069019001,0,Normal,1,Severe
train,18439,1877,SA10,SA10:F04_SA10_R05.txt,1,Fall,1,1,1,Severe,0.09244517878743269,0,Normal,1,Severe
train,18449,1878,SA10,SA10:F05_SA10_R01.txt,1,Fall,1,1,1,Severe,0.06014674673741788,0,Normal,1,Severe
train,18450,1879,SA10,SA10:F05_SA10_R01.txt,1,Fall,0,0,0,Mild,0.07015961547002214,0,Normal,0,Mild
train,18451,1880,SA10,SA10:F05_SA10_R01.txt,1,Fall,0,0,0,Mild,0.06286320540943396,0,Normal,0,Mild
train,18452,1881,SA10,SA10:F05_SA10_R01.txt,1,Fall,0,0,0,Mild,0.029421583206939883,0,Normal,0,Mild
train,18464,1882,SA10,SA10:F05_SA10_R02.txt,1,Fall,0,0,0,Mild,0.06863869456617605,0,Normal,0,Mild
train,18465,1883,SA10,SA10:F05_SA10_R02.txt,1,Fall,0,0,0,Mild,0.08035782917859613,0,Normal,0,Mild
train,18466,1884,SA10,SA10:F05_SA10_R02.txt,1,Fall,0,0,0,Mild,0.0788726114525567,0,Normal,0,Mild
train,18467,1885,SA10,SA10:F05_SA10_R02.txt,1,Fall,0,0,0,Mild,0.0652474188209376,0,Normal,0,Mild
train,18479,1886,SA10,SA10:F05_SA10_R03.txt,1,Fall,1,1,1,Severe,0.1005115633495503,0,Normal,1,Severe
train,18480,1887,SA10,SA10:F05_SA10_R03.txt,1,Fall,1,1,1,Severe,0.11462806788658447,0,Normal,1,Severe
train,18481,1888,SA10,SA10:F05_SA10_R03.txt,1,Fall,1,1,1,Severe,0.11412761079543271,0,Normal,1,Severe
train,18482,1889,SA10,SA10:F05_SA10_R03.txt,1,Fall,1,1,1,Severe,0.10440756188331823,0,Normal,1,Severe
train,18493,1890,SA10,SA10:F05_SA10_R04.txt,1,Fall,0,0,0,Mild,0.09771044752347863,0,Normal,0,Mild
train,18494,1891,SA10,SA10:F05_SA10_R04.txt,1,Fall,0,0,0,Mild,0.10925827755228679,0,Normal,0,Mild
train,18495,1892,SA10,SA10:F05_SA10_R04.txt,1,Fall,0,0,0,Mild,0.10934073296881558,0,Normal,0,Mild
train,18496,1893,SA10,SA10:F05_SA10_R04.txt,1,Fall,0,0,0,Mild,0.0840015344748451,0,Normal,0,Mild
train,18510,1894,SA10,SA10:F05_SA10_R05.txt,1,Fall,1,1,1,Severe,0.10391280771784434,0,Normal,1,Severe
train,18511,1895,SA10,SA10:F05_SA10_R05.txt,1,Fall,0,0,0,Mild,0.11588598991951216,0,Normal,0,Mild
train,18512,1896,SA10,SA10:F05_SA10_R05.txt,1,Fall,0,0,0,Mild,0.113047989911777,0,Normal,0,Mild
train,18513,1897,SA10,SA10:F05_SA10_R05.txt,1,Fall,0,0,0,Mild,0.049277827995332146,0,Normal,0,Mild
train,18526,1898,SA10,SA10:F06_SA10_R01.txt,1,Fall,1,1,1,Severe,0.11123246430510197,0,Normal,1,Severe
train,18527,1899,SA10,SA10:F06_SA10_R01.txt,1,Fall,1,1,1,Severe,0.12101156008189001,0,Normal,1,Severe
train,18528,1900,SA10,SA10:F06_SA10_R01.txt,1,Fall,1,1,1,Severe,0.12840882440973267,0,Normal,1,Severe
train,18529,1901,SA10,SA10:F06_SA10_R01.txt,1,Fall,1,1,1,Severe,0.1114341127896013,0,Normal,1,Severe
train,18541,1902,SA10,SA10:F06_SA10_R02.txt,1,Fall,1,1,1,Severe,0.12596066680278495,0,Normal,1,Severe
train,18542,1903,SA10,SA10:F06_SA10_R02.txt,1,Fall,1,1,1,Severe,0.1310677458716562,0,Normal,1,Severe
train,18543,1904,SA10,SA10:F06_SA10_R02.txt,1,Fall,1,1,1,Severe,0.12274318952184332,0,Normal,1,Severe
train,18544,1905,SA10,SA10:F06_SA10_R02.txt,1,Fall,1,1,1,Severe,0.05545457172861362,0,Normal,1,Severe
train,18555,1906,SA10,SA10:F06_SA10_R03.txt,1,Fall,1,1,1,Severe,0.10944652522579973,0,Normal,1,Severe
train,18556,1907,SA10,SA10:F06_SA10_R03.txt,1,Fall,1,1,1,Severe,0.12239020819842172,0,Normal,1,Severe
train,18557,1908,SA10,SA10:F06_SA10_R03.txt,1,Fall,1,1,1,Severe,0.12743589214958168,0,Normal,1,Severe
train,18558,1909,SA10,SA10:F06_SA10_R03.txt,1,Fall,1,1,1,Severe,0.12051528023123842,0,Normal,1,Severe
train,18572,1910,SA10,SA10:F06_SA10_R04.txt,1,Fall,1,1,1,Severe,0.11461217167274845,0,Normal,1,Severe
train,18573,1911,SA10,SA10:F06_SA10_R04.txt,1,Fall,1,1,1,Severe,0.1196423402599921,0,Normal,1,Severe
train,18574,1912,SA10,SA10:F06_SA10_R04.txt,1,Fall,1,1,1,Severe,0.11251135914917698,0,Normal,1,Severe
train,18575,1913,SA10,SA10:F06_SA10_R04.txt,1,Fall,1,1,1,Severe,0.08909950894606539,0,Normal,1,Severe
train,18586,1914,SA10,SA10:F06_SA10_R05.txt,1,Fall,1,1,1,Severe,0.09280827284834164,0,Normal,1,Severe
train,18587,1915,SA10,SA10:F06_SA10_R05.txt,1,Fall,1,1,1,Severe,0.10055904852791592,0,Normal,1,Severe
train,18588,1916,SA10,SA10:F06_SA10_R05.txt,1,Fall,1,1,1,Severe,0.091914931653784,0,Normal,1,Severe
train,18589,1917,SA10,SA10:F06_SA10_R05.txt,1,Fall,1,1,1,Severe,0.04240843652842463,0,Normal,1,Severe
train,18601,1918,SA10,SA10:F07_SA10_R01.txt,1,Fall,1,1,1,Severe,0.09774975126655933,0,Normal,1,Severe
train,18602,1919,SA10,SA10:F07_SA10_R01.txt,1,Fall,1,1,1,Severe,0.09850944775954401,0,Normal,1,Severe
train,18603,1920,SA10,SA10:F07_SA10_R01.txt,1,Fall,1,1,1,Severe,0.09188791269878593,0,Normal,1,Severe
train,18604,1921,SA10,SA10:F07_SA10_R01.txt,1,Fall,1,1,1,Severe,0.0628160052195279,0,Normal,1,Severe
train,18615,1922,SA10,SA10:F07_SA10_R02.txt,1,Fall,1,1,1,Severe,0.1034673411420462,0,Normal,1,Severe
train,18616,1923,SA10,SA10:F07_SA10_R02.txt,1,Fall,1,1,1,Severe,0.1028963820342802,0,Normal,1,Severe
train,18617,1924,SA10,SA10:F07_SA10_R02.txt,1,Fall,1,1,1,Severe,0.10992970651269363,0,Normal,1,Severe
train,18618,1925,SA10,SA10:F07_SA10_R02.txt,1,Fall,1,1,1,Severe,0.09838341197020384,0,Normal,1,Severe
train,18632,1926,SA10,SA10:F07_SA10_R03.txt,1,Fall,1,1,1,Severe,0.10377139009371616,0,Normal,1,Severe
train,18633,1927,SA10,SA10:F07_SA10_R03.txt,1,Fall,1,1,1,Severe,0.09887311513877861,0,Normal,1,Severe
train,18634,1928,SA10,SA10:F07_SA10_R03.txt,1,Fall,1,1,1,Severe,0.08927198467626363,0,Normal,1,Severe
train,18635,1929,SA10,SA10:F07_SA10_R03.txt,1,Fall,1,1,1,Severe,0.07536237450789257,0,Normal,1,Severe
train,18646,1930,SA10,SA10:F07_SA10_R04.txt,1,Fall,1,1,1,Severe,0.05663826335021238,0,Normal,1,Severe
train,18647,1931,SA10,SA10:F07_SA10_R04.txt,1,Fall,1,1,1,Severe,0.12225742032750836,0,Normal,1,Severe
train,18648,1932,SA10,SA10:F07_SA10_R04.txt,1,Fall,1,1,1,Severe,0.12111543629514604,0,Normal,1,Severe
train,18649,1933,SA10,SA10:F07_SA10_R04.txt,1,Fall,1,1,1,Severe,0.11207821964188075,0,Normal,1,Severe
train,18663,1934,SA10,SA10:F07_SA10_R05.txt,1,Fall,1,1,1,Severe,0.12221316227248546,0,Normal,1,Severe
train,18664,1935,SA10,SA10:F07_SA10_R05.txt,1,Fall,1,1,1,Severe,0.11769943525706278,0,Normal,1,Severe
train,18665,1936,SA10,SA10:F07_SA10_R05.txt,1,Fall,1,1,1,Severe,0.12453096780533923,0,Normal,1,Severe
train,18666,1937,SA10,SA10:F07_SA10_R05.txt,1,Fall,0,0,0,Mild,0.09416066643601756,0,Normal,0,Mild
train,18674,1938,SA10,SA10:F08_SA10_R01.txt,1,Fall,0,0,0,Mild,0.09827376487167766,0,Normal,0,Mild
train,18675,1939,SA10,SA10:F08_SA10_R01.txt,1,Fall,0,0,0,Mild,0.09587845599232697,0,Normal,0,Mild
train,18676,1940,SA10,SA10:F08_SA10_R01.txt,1,Fall,0,0,0,Mild,0.08405716118200873,0,Normal,0,Mild
train,18677,1941,SA10,SA10:F08_SA10_R01.txt,1,Fall,0,0,0,Mild,0.000650645468824651,0,Normal,0,Mild
train,18691,1942,SA10,SA10:F08_SA10_R02.txt,1,Fall,0,0,0,Mild,0.09543994097354774,0,Normal,0,Mild
train,18692,1943,SA10,SA10:F08_SA10_R02.txt,1,Fall,0,0,0,Mild,0.09563237132485986,0,Normal,0,Mild
train,18693,1944,SA10,SA10:F08_SA10_R02.txt,1,Fall,0,0,0,Mild,0.08423427479840906,0,Normal,0,Mild
train,18694,1945,SA10,SA10:F08_SA10_R02.txt,1,Fall,0,0,0,Mild,0.06423306836816922,0,Normal,0,Mild
train,18705,1946,SA10,SA10:F08_SA10_R03.txt,1,Fall,0,0,0,Mild,0.1074154067367703,0,Normal,0,Mild
train,18706,1947,SA10,SA10:F08_SA10_R03.txt,1,Fall,0,0,0,Mild,0.10753004437981667,0,Normal,0,Mild
train,18707,1948,SA10,SA10:F08_SA10_R03.txt,1,Fall,0,0,0,Mild,0.09192898941870142,0,Normal,0,Mild
train,18708,1949,SA10,SA10:F08_SA10_R03.txt,1,Fall,0,0,0,Mild,-0.012661039211718461,1,Anomalous,-1,Non-applicable
train,18721,1950,SA10,SA10:F08_SA10_R04.txt,1,Fall,0,0,0,Mild,0.08983127705465171,0,Normal,0,Mild
train,18722,1951,SA10,SA10:F08_SA10_R04.txt,1,Fall,0,0,0,Mild,0.0895601387601122,0,Normal,0,Mild
train,18723,1952,SA10,SA10:F08_SA10_R04.txt,1,Fall,0,0,0,Mild,0.08265706827570157,0,Normal,0,Mild
train,18724,1953,SA10,SA10:F08_SA10_R04.txt,1,Fall,0,0,0,Mild,0.051127152673094645,0,Normal,0,Mild
train,18736,1954,SA10,SA10:F08_SA10_R05.txt,1,Fall,1,1,1,Severe,0.0796982914359875,0,Normal,1,Severe
train,18737,1955,SA10,SA10:F08_SA10_R05.txt,1,Fall,1,1,1,Severe,0.07477194169297324,0,Normal,1,Severe
train,18738,1956,SA10,SA10:F08_SA10_R05.txt,1,Fall,1,1,1,Severe,0.04519999861695079,0,Normal,1,Severe
train,18739,1957,SA10,SA10:F08_SA10_R05.txt,1,Fall,1,1,1,Severe,0.021201935342592404,0,Normal,1,Severe
train,18749,1958,SA10,SA10:F09_SA10_R01.txt,1,Fall,1,1,1,Severe,0.10025763158767387,0,Normal,1,Severe
train,18750,1959,SA10,SA10:F09_SA10_R01.txt,1,Fall,1,1,1,Severe,0.11237922139094153,0,Normal,1,Severe
train,18751,1960,SA10,SA10:F09_SA10_R01.txt,1,Fall,1,1,1,Severe,0.10320367509942241,0,Normal,1,Severe
train,18752,1961,SA10,SA10:F09_SA10_R01.txt,1,Fall,1,1,1,Severe,0.0915214580465164,0,Normal,1,Severe
train,18765,1962,SA10,SA10:F09_SA10_R02.txt,1,Fall,1,1,1,Severe,0.08912726931889786,0,Normal,1,Severe
train,18766,1963,SA10,SA10:F09_SA10_R02.txt,1,Fall,1,1,1,Severe,0.10475209837970861,0,Normal,1,Severe
train,18767,1964,SA10,SA10:F09_SA10_R02.txt,1,Fall,1,1,1,Severe,0.08881453972043385,0,Normal,1,Severe
train,18768,1965,SA10,SA10:F09_SA10_R02.txt,1,Fall,1,1,1,Severe,0.0839712413171943,0,Normal,1,Severe
train,18782,1966,SA10,SA10:F09_SA10_R03.txt,1,Fall,1,1,1,Severe,0.10970641005628617,0,Normal,1,Severe
train,18783,1967,SA10,SA10:F09_SA10_R03.txt,1,Fall,1,1,1,Severe,0.09457181935032494,0,Normal,1,Severe
train,18784,1968,SA10,SA10:F09_SA10_R03.txt,1,Fall,1,1,1,Severe,0.09473746456407744,0,Normal,1,Severe
train,18785,1969,SA10,SA10:F09_SA10_R03.txt,1,Fall,1,1,1,Severe,0.05958217275080446,0,Normal,1,Severe
train,18795,1970,SA10,SA10:F09_SA10_R04.txt,1,Fall,1,1,1,Severe,0.12753964510484744,0,Normal,1,Severe
train,18796,1971,SA10,SA10:F09_SA10_R04.txt,1,Fall,1,1,1,Severe,0.1301731978021728,0,Normal,1,Severe
train,18797,1972,SA10,SA10:F09_SA10_R04.txt,1,Fall,1,1,1,Severe,0.11111271567932246,0,Normal,1,Severe
train,18798,1973,SA10,SA10:F09_SA10_R04.txt,1,Fall,1,1,1,Severe,0.09738138130190027,0,Normal,1,Severe
train,18811,1974,SA10,SA10:F09_SA10_R05.txt,1,Fall,1,1,1,Severe,0.09414695024245251,0,Normal,1,Severe
train,18812,1975,SA10,SA10:F09_SA10_R05.txt,1,Fall,1,1,1,Severe,0.07816879788712505,0,Normal,1,Severe
train,18813,1976,SA10,SA10:F09_SA10_R05.txt,1,Fall,1,1,1,Severe,0.06675831535492938,0,Normal,1,Severe
train,18814,1977,SA10,SA10:F09_SA10_R05.txt,1,Fall,1,1,1,Severe,0.03909257682712031,0,Normal,1,Severe
train,18821,1978,SA10,SA10:F10_SA10_R01.txt,1,Fall,1,1,1,Severe,0.028981055147645818,0,Normal,1,Severe
train,18822,1979,SA10,SA10:F10_SA10_R01.txt,1,Fall,1,1,1,Severe,0.04024011896898905,0,Normal,1,Severe
train,18823,1980,SA10,SA10:F10_SA10_R01.txt,1,Fall,1,1,1,Severe,0.03616477534474449,0,Normal,1,Severe
train,18824,1981,SA10,SA10:F10_SA10_R01.txt,1,Fall,1,1,1,Severe,0.020720084541277384,0,Normal,1,Severe
train,18838,1982,SA10,SA10:F10_SA10_R02.txt,1,Fall,1,1,1,Severe,0.07273280444001212,0,Normal,1,Severe
train,18839,1983,SA10,SA10:F10_SA10_R02.txt,1,Fall,1,1,1,Severe,0.06246679469596944,0,Normal,1,Severe
train,18840,1984,SA10,SA10:F10_SA10_R02.txt,1,Fall,1,1,1,Severe,0.044691556589520176,0,Normal,1,Severe
train,18841,1985,SA10,SA10:F10_SA10_R02.txt,1,Fall,1,1,1,Severe,0.0486537279761694,0,Normal,1,Severe
train,18854,1986,SA10,SA10:F10_SA10_R03.txt,1,Fall,1,1,1,Severe,0.07740457760153813,0,Normal,1,Severe
train,18855,1987,SA10,SA10:F10_SA10_R03.txt,1,Fall,1,1,1,Severe,0.08145982630917731,0,Normal,1,Severe
train,18856,1988,SA10,SA10:F10_SA10_R03.txt,1,Fall,1,1,1,Severe,0.0619032475077303,0,Normal,1,Severe
train,18857,1989,SA10,SA10:F10_SA10_R03.txt,1,Fall,1,1,1,Severe,0.0030169895278899794,0,Normal,1,Severe
train,18870,1990,SA10,SA10:F10_SA10_R04.txt,1,Fall,1,1,1,Severe,0.09633422707211908,0,Normal,1,Severe
train,18871,1991,SA10,SA10:F10_SA10_R04.txt,1,Fall,1,1,1,Severe,0.10071261814412696,0,Normal,1,Severe
train,18872,1992,SA10,SA10:F10_SA10_R04.txt,1,Fall,1,1,1,Severe,0.08964683932790557,0,Normal,1,Severe
train,18873,1993,SA10,SA10:F10_SA10_R04.txt,1,Fall,1,1,1,Severe,0.032448232787560205,0,Normal,1,Severe
train,18884,1994,SA10,SA10:F10_SA10_R05.txt,1,Fall,1,1,1,Severe,0.1099023306740704,0,Normal,1,Severe
train,18885,1995,SA10,SA10:F10_SA10_R05.txt,1,Fall,1,1,1,Severe,0.1149856090260204,0,Normal,1,Severe
train,18886,1996,SA10,SA10:F10_SA10_R05.txt,1,Fall,1,1,1,Severe,0.10443938862764207,0,Normal,1,Severe
train,18887,1997,SA10,SA10:F10_SA10_R05.txt,1,Fall,1,1,1,Severe,0.08128523137396904,0,Normal,1,Severe
train,18899,1998,SA10,SA10:F11_SA10_R01.txt,1,Fall,0,0,0,Mild,0.017968724173751394,0,Normal,0,Mild
train,18900,1999,SA10,SA10:F11_SA10_R01.txt,1,Fall,0,0,0,Mild,0.020552500483330016,0,Normal,0,Mild
train,18901,2000,SA10,SA10:F11_SA10_R01.txt,1,Fall,0,0,0,Mild,0.012128429804714291,0,Normal,0,Mild
train,18902,2001,SA10,SA10:F11_SA10_R01.txt,1,Fall,0,0,0,Mild,0.004909883440466167,0,Normal,0,Mild
train,18914,2002,SA10,SA10:F11_SA10_R02.txt,1,Fall,0,0,0,Mild,-0.012039500637821887,1,Anomalous,-1,Non-applicable
train,18915,2003,SA10,SA10:F11_SA10_R02.txt,1,Fall,0,0,0,Mild,-0.018773571888129448,1,Anomalous,-1,Non-applicable
train,18916,2004,SA10,SA10:F11_SA10_R02.txt,1,Fall,0,0,0,Mild,-0.019965853073979467,1,Anomalous,-1,Non-applicable
train,18917,2005,SA10,SA10:F11_SA10_R02.txt,1,Fall,0,0,0,Mild,-0.015610827397553706,1,Anomalous,-1,Non-applicable
train,18927,2006,SA10,SA10:F11_SA10_R03.txt,1,Fall,0,0,0,Mild,0.018502902464753945,0,Normal,0,Mild
train,18928,2007,SA10,SA10:F11_SA10_R03.txt,1,Fall,0,0,0,Mild,0.024655364241243705,0,Normal,0,Mild
train,18929,2008,SA10,SA10:F11_SA10_R03.txt,1,Fall,0,0,0,Mild,0.011954307482571314,0,Normal,0,Mild
train,18930,2009,SA10,SA10:F11_SA10_R03.txt,1,Fall,0,0,0,Mild,-0.003390701011789843,1,Anomalous,-1,Non-applicable
train,18943,2010,SA10,SA10:F11_SA10_R04.txt,1,Fall,0,0,0,Mild,0.02961718463202323,0,Normal,0,Mild
train,18944,2011,SA10,SA10:F11_SA10_R04.txt,1,Fall,0,0,0,Mild,0.03497053644004389,0,Normal,0,Mild
train,18945,2012,SA10,SA10:F11_SA10_R04.txt,1,Fall,0,0,0,Mild,0.021573911160327253,0,Normal,0,Mild
train,18946,2013,SA10,SA10:F11_SA10_R04.txt,1,Fall,0,0,0,Mild,0.013435875221583071,0,Normal,0,Mild
train,18959,2014,SA10,SA10:F11_SA10_R05.txt,1,Fall,0,0,0,Mild,0.0808750272209452,0,Normal,0,Mild
train,18960,2015,SA10,SA10:F11_SA10_R05.txt,1,Fall,0,0,0,Mild,0.0691650493955342,0,Normal,0,Mild
train,18961,2016,SA10,SA10:F11_SA10_R05.txt,1,Fall,0,0,0,Mild,0.06616753923820357,0,Normal,0,Mild
train,18962,2017,SA10,SA10:F11_SA10_R05.txt,1,Fall,0,0,0,Mild,0.07122822465040096,0,Normal,0,Mild
train,18972,2018,SA10,SA10:F12_SA10_R01.txt,1,Fall,0,0,0,Mild,0.040028247588764665,0,Normal,0,Mild
train,18973,2019,SA10,SA10:F12_SA10_R01.txt,1,Fall,1,1,1,Severe,0.1251735101451686,0,Normal,1,Severe
train,18974,2020,SA10,SA10:F12_SA10_R01.txt,1,Fall,1,1,1,Severe,0.13200140965554868,0,Normal,1,Severe
train,18975,2021,SA10,SA10:F12_SA10_R01.txt,1,Fall,1,1,1,Severe,0.12916967675301144,0,Normal,1,Severe
train,18987,2022,SA10,SA10:F12_SA10_R02.txt,1,Fall,1,1,1,Severe,0.10439172214075004,0,Normal,1,Severe
train,18988,2023,SA10,SA10:F12_SA10_R02.txt,1,Fall,1,1,1,Severe,0.12614083461344638,0,Normal,1,Severe
train,18989,2024,SA10,SA10:F12_SA10_R02.txt,1,Fall,1,1,1,Severe,0.12569663421960559,0,Normal,1,Severe
train,18990,2025,SA10,SA10:F12_SA10_R02.txt,1,Fall,1,1,1,Severe,0.11496720690539236,0,Normal,1,Severe
train,19002,2026,SA10,SA10:F12_SA10_R03.txt,1,Fall,1,1,1,Severe,0.11639649808890801,0,Normal,1,Severe
train,19003,2027,SA10,SA10:F12_SA10_R03.txt,1,Fall,1,1,1,Severe,0.11345048332771895,0,Normal,1,Severe
train,19004,2028,SA10,SA10:F12_SA10_R03.txt,1,Fall,1,1,1,Severe,0.11836057616088302,0,Normal,1,Severe
train,19005,2029,SA10,SA10:F12_SA10_R03.txt,1,Fall,1,1,1,Severe,0.08762925722709486,0,Normal,1,Severe
train,19016,2030,SA10,SA10:F12_SA10_R04.txt,1,Fall,1,1,1,Severe,0.12415184215458691,0,Normal,1,Severe
train,19017,2031,SA10,SA10:F12_SA10_R04.txt,1,Fall,1,1,1,Severe,0.1219381741268869,0,Normal,1,Severe
train,19018,2032,SA10,SA10:F12_SA10_R04.txt,1,Fall,1,1,1,Severe,0.11650765033768001,0,Normal,1,Severe
train,19032,2033,SA10,SA10:F12_SA10_R05.txt,1,Fall,1,1,1,Severe,0.12046203688586782,0,Normal,1,Severe
train,19033,2034,SA10,SA10:F12_SA10_R05.txt,1,Fall,1,1,1,Severe,0.12075395518957682,0,Normal,1,Severe
train,19034,2035,SA10,SA10:F12_SA10_R05.txt,1,Fall,1,1,1,Severe,0.12000352233713857,0,Normal,1,Severe
train,19035,2036,SA10,SA10:F12_SA10_R05.txt,1,Fall,1,1,1,Severe,0.07938625280193207,0,Normal,1,Severe
train,19047,2037,SA10,SA10:F13_SA10_R01.txt,1,Fall,1,1,1,Severe,0.06821524525794775,0,Normal,1,Severe
train,19048,2038,SA10,SA10:F13_SA10_R01.txt,1,Fall,1,1,1,Severe,0.07596839059459681,0,Normal,1,Severe
train,19049,2039,SA10,SA10:F13_SA10_R01.txt,1,Fall,1,1,1,Severe,0.07125184676147961,0,Normal,1,Severe
train,19050,2040,SA10,SA10:F13_SA10_R01.txt,1,Fall,1,1,1,Severe,0.06234868830022322,0,Normal,1,Severe
train,19062,2041,SA10,SA10:F13_SA10_R02.txt,1,Fall,1,1,1,Severe,0.10067583501748056,0,Normal,1,Severe
train,19063,2042,SA10,SA10:F13_SA10_R02.txt,1,Fall,1,1,1,Severe,0.08923541725712858,0,Normal,1,Severe
train,19064,2043,SA10,SA10:F13_SA10_R02.txt,1,Fall,1,1,1,Severe,0.08456230420847977,0,Normal,1,Severe
train,19065,2044,SA10,SA10:F13_SA10_R02.txt,1,Fall,1,1,1,Severe,0.07204629956193082,0,Normal,1,Severe
train,19076,2045,SA10,SA10:F13_SA10_R03.txt,1,Fall,1,1,1,Severe,0.09135442902366048,0,Normal,1,Severe
train,19077,2046,SA10,SA10:F13_SA10_R03.txt,1,Fall,1,1,1,Severe,0.08938015269907829,0,Normal,1,Severe
train,19078,2047,SA10,SA10:F13_SA10_R03.txt,1,Fall,1,1,1,Severe,0.08509720349812744,0,Normal,1,Severe
train,19079,2048,SA10,SA10:F13_SA10_R03.txt,1,Fall,1,1,1,Severe,0.06105094757892021,0,Normal,1,Severe
train,19093,2049,SA10,SA10:F13_SA10_R04.txt,1,Fall,1,1,1,Severe,0.0493429552705173,0,Normal,1,Severe
train,19094,2050,SA10,SA10:F13_SA10_R04.txt,1,Fall,1,1,1,Severe,0.03330622749814299,0,Normal,1,Severe
train,19095,2051,SA10,SA10:F13_SA10_R04.txt,1,Fall,1,1,1,Severe,0.022445612212789512,0,Normal,1,Severe
train,19096,2052,SA10,SA10:F13_SA10_R04.txt,1,Fall,1,1,1,Severe,0.02614778547612595,0,Normal,1,Severe
train,19108,2053,SA10,SA10:F13_SA10_R05.txt,1,Fall,1,1,1,Severe,0.07403938317590819,0,Normal,1,Severe
train,19109,2054,SA10,SA10:F13_SA10_R05.txt,1,Fall,1,1,1,Severe,0.06922314129930068,0,Normal,1,Severe
train,19110,2055,SA10,SA10:F13_SA10_R05.txt,1,Fall,1,1,1,Severe,0.05830870671977045,0,Normal,1,Severe
train,19111,2056,SA10,SA10:F13_SA10_R05.txt,1,Fall,1,1,1,Severe,0.06669759630377697,0,Normal,1,Severe
train,19123,2057,SA10,SA10:F14_SA10_R01.txt,1,Fall,0,0,0,Mild,0.04555179874217524,0,Normal,0,Mild
train,19124,2058,SA10,SA10:F14_SA10_R01.txt,1,Fall,0,0,0,Mild,0.07585403591912254,0,Normal,0,Mild
train,19125,2059,SA10,SA10:F14_SA10_R01.txt,1,Fall,0,0,0,Mild,0.07511494853921774,0,Normal,0,Mild
train,19126,2060,SA10,SA10:F14_SA10_R01.txt,1,Fall,0,0,0,Mild,0.06899025558119048,0,Normal,0,Mild
train,19139,2061,SA10,SA10:F14_SA10_R02.txt,1,Fall,0,0,0,Mild,0.08188327204421342,0,Normal,0,Mild
train,19140,2062,SA10,SA10:F14_SA10_R02.txt,1,Fall,0,0,0,Mild,0.09615727150142028,0,Normal,0,Mild
train,19141,2063,SA10,SA10:F14_SA10_R02.txt,1,Fall,0,0,0,Mild,0.09455458168058595,0,Normal,0,Mild
train,19142,2064,SA10,SA10:F14_SA10_R02.txt,1,Fall,0,0,0,Mild,0.08317368375335826,0,Normal,0,Mild
train,19154,2065,SA10,SA10:F14_SA10_R03.txt,1,Fall,0,0,0,Mild,0.08768648787612565,0,Normal,0,Mild
train,19155,2066,SA10,SA10:F14_SA10_R03.txt,1,Fall,0,0,0,Mild,0.0965407306689055,0,Normal,0,Mild
train,19156,2067,SA10,SA10:F14_SA10_R03.txt,1,Fall,0,0,0,Mild,0.0970734611875223,0,Normal,0,Mild
train,19157,2068,SA10,SA10:F14_SA10_R03.txt,1,Fall,0,0,0,Mild,0.07220318608786741,0,Normal,0,Mild
train,19169,2069,SA10,SA10:F14_SA10_R04.txt,1,Fall,0,0,0,Mild,0.05360014531398438,0,Normal,0,Mild
train,19170,2070,SA10,SA10:F14_SA10_R04.txt,1,Fall,0,0,0,Mild,0.07602655626912408,0,Normal,0,Mild
train,19171,2071,SA10,SA10:F14_SA10_R04.txt,1,Fall,0,0,0,Mild,0.07999511527336445,0,Normal,0,Mild
train,19172,2072,SA10,SA10:F14_SA10_R04.txt,1,Fall,0,0,0,Mild,0.07289362341716066,0,Normal,0,Mild
train,19185,2073,SA10,SA10:F14_SA10_R05.txt,1,Fall,0,0,0,Mild,0.08319147650217784,0,Normal,0,Mild
train,19186,2074,SA10,SA10:F14_SA10_R05.txt,1,Fall,0,0,0,Mild,0.07893150466850102,0,Normal,0,Mild
train,19187,2075,SA10,SA10:F14_SA10_R05.txt,1,Fall,0,0,0,Mild,0.07957954380284105,0,Normal,0,Mild
train,19188,2076,SA10,SA10:F14_SA10_R05.txt,1,Fall,0,0,0,Mild,0.0363375204921238,0,Normal,0,Mild
train,19199,2077,SA10,SA10:F15_SA10_R01.txt,1,Fall,1,1,1,Severe,0.10446434756745532,0,Normal,1,Severe
train,19200,2078,SA10,SA10:F15_SA10_R01.txt,1,Fall,1,1,1,Severe,0.11352396324416708,0,Normal,1,Severe
train,19201,2079,SA10,SA10:F15_SA10_R01.txt,1,Fall,1,1,1,Severe,0.12010447386869089,0,Normal,1,Severe
train,19202,2080,SA10,SA10:F15_SA10_R01.txt,1,Fall,1,1,1,Severe,0.100205498599231,0,Normal,1,Severe
train,19214,2081,SA10,SA10:F15_SA10_R02.txt,1,Fall,1,1,1,Severe,0.09477631214902932,0,Normal,1,Severe
train,19215,2082,SA10,SA10:F15_SA10_R02.txt,1,Fall,1,1,1,Severe,0.08119354550491015,0,Normal,1,Severe
train,19216,2083,SA10,SA10:F15_SA10_R02.txt,1,Fall,1,1,1,Severe,0.07519110142487273,0,Normal,1,Severe
train,19217,2084,SA10,SA10:F15_SA10_R02.txt,1,Fall,1,1,1,Severe,0.06797769522832264,0,Normal,1,Severe
train,19230,2085,SA10,SA10:F15_SA10_R03.txt,1,Fall,0,0,0,Mild,0.10117862154307955,0,Normal,0,Mild
train,19231,2086,SA10,SA10:F15_SA10_R03.txt,1,Fall,1,1,1,Severe,0.11627913481940344,0,Normal,1,Severe
train,19232,2087,SA10,SA10:F15_SA10_R03.txt,1,Fall,1,1,1,Severe,0.11084554136598085,0,Normal,1,Severe
train,19233,2088,SA10,SA10:F15_SA10_R03.txt,1,Fall,1,1,1,Severe,0.0956131240705192,0,Normal,1,Severe
train,19245,2089,SA10,SA10:F15_SA10_R04.txt,1,Fall,1,1,1,Severe,0.08976811188033434,0,Normal,1,Severe
train,19246,2090,SA10,SA10:F15_SA10_R04.txt,1,Fall,1,1,1,Severe,0.11417160585694175,0,Normal,1,Severe
train,19247,2091,SA10,SA10:F15_SA10_R04.txt,1,Fall,1,1,1,Severe,0.11391333681153071,0,Normal,1,Severe
train,19248,2092,SA10,SA10:F15_SA10_R04.txt,1,Fall,1,1,1,Severe,0.10056528096790823,0,Normal,1,Severe
train,19262,2093,SA10,SA10:F15_SA10_R05.txt,1,Fall,1,1,1,Severe,0.10756616889546095,0,Normal,1,Severe
train,19263,2094,SA10,SA10:F15_SA10_R05.txt,1,Fall,1,1,1,Severe,0.11275650759334904,0,Normal,1,Severe
train,19264,2095,SA10,SA10:F15_SA10_R05.txt,1,Fall,1,1,1,Severe,0.09877095229685406,0,Normal,1,Severe
train,19265,2096,SA10,SA10:F15_SA10_R05.txt,1,Fall,1,1,1,Severe,0.03934400012731004,0,Normal,1,Severe
train,20902,2097,SA11,SA11:F01_SA11_R01.txt,1,Fall,1,1,1,Severe,0.09068329478838982,0,Normal,1,Severe
train,20903,2098,SA11,SA11:F01_SA11_R01.txt,1,Fall,1,1,1,Severe,0.09318399695401836,0,Normal,1,Severe
train,20904,2099,SA11,SA11:F01_SA11_R01.txt,1,Fall,1,1,1,Severe,0.08179102087704576,0,Normal,1,Severe
train,20905,2100,SA11,SA11:F01_SA11_R01.txt,1,Fall,1,1,1,Severe,0.046424662589213295,0,Normal,1,Severe
train,20919,2101,SA11,SA11:F01_SA11_R02.txt,1,Fall,1,1,1,Severe,0.10016590540815762,0,Normal,1,Severe
train,20920,2102,SA11,SA11:F01_SA11_R02.txt,1,Fall,1,1,1,Severe,0.0962654795173617,0,Normal,1,Severe
train,20921,2103,SA11,SA11:F01_SA11_R02.txt,1,Fall,1,1,1,Severe,0.08596095731206066,0,Normal,1,Severe
train,20922,2104,SA11,SA11:F01_SA11_R02.txt,1,Fall,1,1,1,Severe,0.03592869898706297,0,Normal,1,Severe
train,20932,2105,SA11,SA11:F01_SA11_R03.txt,1,Fall,1,1,1,Severe,0.08465762030821078,0,Normal,1,Severe
train,20933,2106,SA11,SA11:F01_SA11_R03.txt,1,Fall,1,1,1,Severe,0.08348814955132233,0,Normal,1,Severe
train,20934,2107,SA11,SA11:F01_SA11_R03.txt,1,Fall,1,1,1,Severe,0.07595344110980651,0,Normal,1,Severe
train,20935,2108,SA11,SA11:F01_SA11_R03.txt,1,Fall,1,1,1,Severe,0.04349901513425353,0,Normal,1,Severe
train,20947,2109,SA11,SA11:F01_SA11_R04.txt,1,Fall,1,1,1,Severe,0.12314524388731735,0,Normal,1,Severe
train,20948,2110,SA11,SA11:F01_SA11_R04.txt,1,Fall,1,1,1,Severe,0.13380574718818566,0,Normal,1,Severe
train,20949,2111,SA11,SA11:F01_SA11_R04.txt,1,Fall,1,1,1,Severe,0.12636876590380264,0,Normal,1,Severe
train,20950,2112,SA11,SA11:F01_SA11_R04.txt,1,Fall,1,1,1,Severe,0.10205337470199488,0,Normal,1,Severe
train,20962,2113,SA11,SA11:F01_SA11_R05.txt,1,Fall,1,1,1,Severe,0.051162302887186595,0,Normal,1,Severe
train,20963,2114,SA11,SA11:F01_SA11_R05.txt,1,Fall,1,1,1,Severe,0.05782237361067771,0,Normal,1,Severe
train,20964,2115,SA11,SA11:F01_SA11_R05.txt,1,Fall,1,1,1,Severe,0.06181900552102876,0,Normal,1,Severe
train,20965,2116,SA11,SA11:F01_SA11_R05.txt,1,Fall,1,1,1,Severe,0.04030860239209744,0,Normal,1,Severe
train,20976,2117,SA11,SA11:F02_SA11_R01.txt,1,Fall,0,0,0,Mild,0.04087099396186733,0,Normal,0,Mild
train,20977,2118,SA11,SA11:F02_SA11_R01.txt,1,Fall,0,0,0,Mild,0.05239897141573624,0,Normal,0,Mild
train,20978,2119,SA11,SA11:F02_SA11_R01.txt,1,Fall,0,0,0,Mild,0.055037355798134624,0,Normal,0,Mild
train,20979,2120,SA11,SA11:F02_SA11_R01.txt,1,Fall,0,0,0,Mild,0.047714878727683485,0,Normal,0,Mild
train,20991,2121,SA11,SA11:F02_SA11_R02.txt,1,Fall,1,1,1,Severe,0.09822886506242956,0,Normal,1,Severe
train,20992,2122,SA11,SA11:F02_SA11_R02.txt,1,Fall,1,1,1,Severe,0.09834021601146453,0,Normal,1,Severe
train,20993,2123,SA11,SA11:F02_SA11_R02.txt,1,Fall,1,1,1,Severe,0.09796937642262166,0,Normal,1,Severe
train,20994,2124,SA11,SA11:F02_SA11_R02.txt,1,Fall,1,1,1,Severe,0.08685220969170449,0,Normal,1,Severe
train,21006,2125,SA11,SA11:F02_SA11_R03.txt,1,Fall,0,0,0,Mild,0.0784386747338236,0,Normal,0,Mild
train,21007,2126,SA11,SA11:F02_SA11_R03.txt,1,Fall,0,0,0,Mild,0.08184963538466167,0,Normal,0,Mild
train,21008,2127,SA11,SA11:F02_SA11_R03.txt,1,Fall,0,0,0,Mild,0.08508061460686767,0,Normal,0,Mild
train,21009,2128,SA11,SA11:F02_SA11_R03.txt,1,Fall,0,0,0,Mild,0.0658380052041106,0,Normal,0,Mild
train,21020,2129,SA11,SA11:F02_SA11_R04.txt,1,Fall,0,0,0,Mild,0.07403471397527317,0,Normal,0,Mild
train,21021,2130,SA11,SA11:F02_SA11_R04.txt,1,Fall,0,0,0,Mild,0.0754881315141896,0,Normal,0,Mild
train,21022,2131,SA11,SA11:F02_SA11_R04.txt,1,Fall,0,0,0,Mild,0.07732551895789286,0,Normal,0,Mild
train,21023,2132,SA11,SA11:F02_SA11_R04.txt,1,Fall,0,0,0,Mild,0.07274450166573188,0,Normal,0,Mild
train,21036,2133,SA11,SA11:F02_SA11_R05.txt,1,Fall,1,1,1,Severe,0.05138857083382681,0,Normal,1,Severe
train,21037,2134,SA11,SA11:F02_SA11_R05.txt,1,Fall,1,1,1,Severe,0.05524966628740213,0,Normal,1,Severe
train,21038,2135,SA11,SA11:F02_SA11_R05.txt,1,Fall,1,1,1,Severe,0.05991377300168693,0,Normal,1,Severe
train,21039,2136,SA11,SA11:F02_SA11_R05.txt,1,Fall,1,1,1,Severe,0.055791890051782866,0,Normal,1,Severe
train,21052,2137,SA11,SA11:F03_SA11_R01.txt,1,Fall,1,1,1,Severe,0.05131983628049547,0,Normal,1,Severe
train,21053,2138,SA11,SA11:F03_SA11_R01.txt,1,Fall,1,1,1,Severe,0.060772838317561806,0,Normal,1,Severe
train,21054,2139,SA11,SA11:F03_SA11_R01.txt,1,Fall,1,1,1,Severe,0.06253277233292948,0,Normal,1,Severe
train,21055,2140,SA11,SA11:F03_SA11_R01.txt,1,Fall,1,1,1,Severe,0.05617833905899233,0,Normal,1,Severe
train,21067,2141,SA11,SA11:F03_SA11_R02.txt,1,Fall,1,1,1,Severe,0.08926107986385368,0,Normal,1,Severe
train,21068,2142,SA11,SA11:F03_SA11_R02.txt,1,Fall,1,1,1,Severe,0.10488817300715164,0,Normal,1,Severe
train,21069,2143,SA11,SA11:F03_SA11_R02.txt,1,Fall,1,1,1,Severe,0.10808398226215415,0,Normal,1,Severe
train,21070,2144,SA11,SA11:F03_SA11_R02.txt,1,Fall,1,1,1,Severe,0.09438057477263667,0,Normal,1,Severe
train,21082,2145,SA11,SA11:F03_SA11_R03.txt,1,Fall,1,1,1,Severe,0.0514886739120477,0,Normal,1,Severe
train,21083,2146,SA11,SA11:F03_SA11_R03.txt,1,Fall,1,1,1,Severe,0.05210192860112561,0,Normal,1,Severe
train,21084,2147,SA11,SA11:F03_SA11_R03.txt,1,Fall,1,1,1,Severe,0.05372974384690604,0,Normal,1,Severe
train,21085,2148,SA11,SA11:F03_SA11_R03.txt,1,Fall,1,1,1,Severe,0.03838825864847756,0,Normal,1,Severe
train,21097,2149,SA11,SA11:F03_SA11_R04.txt,1,Fall,1,1,1,Severe,0.08431731083309424,0,Normal,1,Severe
train,21098,2150,SA11,SA11:F03_SA11_R04.txt,1,Fall,1,1,1,Severe,0.0933751610896636,0,Normal,1,Severe
train,21099,2151,SA11,SA11:F03_SA11_R04.txt,1,Fall,1,1,1,Severe,0.09169056846303852,0,Normal,1,Severe
train,21100,2152,SA11,SA11:F03_SA11_R04.txt,1,Fall,1,1,1,Severe,0.07164266982375028,0,Normal,1,Severe
train,21112,2153,SA11,SA11:F03_SA11_R05.txt,1,Fall,1,1,1,Severe,0.0959421414684653,0,Normal,1,Severe
train,21113,2154,SA11,SA11:F03_SA11_R05.txt,1,Fall,1,1,1,Severe,0.11654827769352744,0,Normal,1,Severe
train,21114,2155,SA11,SA11:F03_SA11_R05.txt,1,Fall,1,1,1,Severe,0.10656207972742615,0,Normal,1,Severe
train,21115,2156,SA11,SA11:F03_SA11_R05.txt,1,Fall,1,1,1,Severe,0.10796951891708256,0,Normal,1,Severe
train,21129,2157,SA11,SA11:F04_SA11_R01.txt,1,Fall,0,0,0,Mild,0.06224637101203445,0,Normal,0,Mild
train,21130,2158,SA11,SA11:F04_SA11_R01.txt,1,Fall,0,0,0,Mild,0.07357126274438963,0,Normal,0,Mild
train,21131,2159,SA11,SA11:F04_SA11_R01.txt,1,Fall,0,0,0,Mild,0.0643049811504785,0,Normal,0,Mild
train,21132,2160,SA11,SA11:F04_SA11_R01.txt,1,Fall,0,0,0,Mild,0.0335869471325827,0,Normal,0,Mild
train,21144,2161,SA11,SA11:F04_SA11_R02.txt,1,Fall,0,0,0,Mild,0.08922496131697794,0,Normal,0,Mild
train,21145,2162,SA11,SA11:F04_SA11_R02.txt,1,Fall,0,0,0,Mild,0.08944679603427658,0,Normal,0,Mild
train,21146,2163,SA11,SA11:F04_SA11_R02.txt,1,Fall,0,0,0,Mild,0.08144369146147434,0,Normal,0,Mild
train,21147,2164,SA11,SA11:F04_SA11_R02.txt,1,Fall,0,0,0,Mild,0.03934159368367873,0,Normal,0,Mild
train,21159,2165,SA11,SA11:F04_SA11_R03.txt,1,Fall,0,0,0,Mild,0.09995377462449845,0,Normal,0,Mild
train,21160,2166,SA11,SA11:F04_SA11_R03.txt,1,Fall,0,0,0,Mild,0.10171575316622211,0,Normal,0,Mild
train,21161,2167,SA11,SA11:F04_SA11_R03.txt,1,Fall,0,0,0,Mild,0.09786794943929683,0,Normal,0,Mild
train,21162,2168,SA11,SA11:F04_SA11_R03.txt,1,Fall,0,0,0,Mild,0.052158196611209795,0,Normal,0,Mild
train,21174,2169,SA11,SA11:F04_SA11_R04.txt,1,Fall,0,0,0,Mild,0.10057200356807289,0,Normal,0,Mild
train,21175,2170,SA11,SA11:F04_SA11_R04.txt,1,Fall,0,0,0,Mild,0.10280581804365024,0,Normal,0,Mild
train,21176,2171,SA11,SA11:F04_SA11_R04.txt,1,Fall,0,0,0,Mild,0.10149016279138401,0,Normal,0,Mild
train,21177,2172,SA11,SA11:F04_SA11_R04.txt,1,Fall,0,0,0,Mild,0.0862406503731436,0,Normal,0,Mild
train,21189,2173,SA11,SA11:F04_SA11_R05.txt,1,Fall,1,1,1,Severe,0.08014315979481162,0,Normal,1,Severe
train,21190,2174,SA11,SA11:F04_SA11_R05.txt,1,Fall,1,1,1,Severe,0.08360881842478657,0,Normal,1,Severe
train,21191,2175,SA11,SA11:F04_SA11_R05.txt,1,Fall,1,1,1,Severe,0.06682226367905592,0,Normal,1,Severe
train,21192,2176,SA11,SA11:F04_SA11_R05.txt,1,Fall,1,1,1,Severe,0.05313542725591791,0,Normal,1,Severe
train,21204,2177,SA11,SA11:F05_SA11_R01.txt,1,Fall,0,0,0,Mild,0.09563544027481602,0,Normal,0,Mild
train,21205,2178,SA11,SA11:F05_SA11_R01.txt,1,Fall,0,0,0,Mild,0.10393235254586475,0,Normal,0,Mild
train,21206,2179,SA11,SA11:F05_SA11_R01.txt,1,Fall,0,0,0,Mild,0.10179228863851503,0,Normal,0,Mild
train,21207,2180,SA11,SA11:F05_SA11_R01.txt,1,Fall,0,0,0,Mild,0.04718158853541776,0,Normal,0,Mild
train,21218,2181,SA11,SA11:F05_SA11_R02.txt,1,Fall,1,1,1,Severe,0.04457189996241795,0,Normal,1,Severe
train,21219,2182,SA11,SA11:F05_SA11_R02.txt,1,Fall,1,1,1,Severe,0.04692715149609922,0,Normal,1,Severe
train,21220,2183,SA11,SA11:F05_SA11_R02.txt,1,Fall,1,1,1,Severe,0.06070738025888511,0,Normal,1,Severe
train,21221,2184,SA11,SA11:F05_SA11_R02.txt,1,Fall,1,1,1,Severe,0.05783065975771762,0,Normal,1,Severe
train,21234,2185,SA11,SA11:F05_SA11_R03.txt,1,Fall,1,1,1,Severe,0.06309677780785145,0,Normal,1,Severe
train,21235,2186,SA11,SA11:F05_SA11_R03.txt,1,Fall,1,1,1,Severe,0.07643183338279474,0,Normal,1,Severe
train,21236,2187,SA11,SA11:F05_SA11_R03.txt,1,Fall,0,0,0,Mild,0.08321454610128115,0,Normal,0,Mild
train,21237,2188,SA11,SA11:F05_SA11_R03.txt,1,Fall,0,0,0,Mild,0.08437483319878564,0,Normal,0,Mild
train,21249,2189,SA11,SA11:F05_SA11_R04.txt,1,Fall,1,1,1,Severe,0.0939656636798109,0,Normal,1,Severe
train,21250,2190,SA11,SA11:F05_SA11_R04.txt,1,Fall,1,1,1,Severe,0.1109870651505056,0,Normal,1,Severe
train,21251,2191,SA11,SA11:F05_SA11_R04.txt,1,Fall,1,1,1,Severe,0.1007255307261547,0,Normal,1,Severe
train,21252,2192,SA11,SA11:F05_SA11_R04.txt,1,Fall,0,0,0,Mild,0.046126963565567114,0,Normal,0,Mild
train,21264,2193,SA11,SA11:F05_SA11_R05.txt,1,Fall,1,1,1,Severe,0.07897753346261877,0,Normal,1,Severe
train,21265,2194,SA11,SA11:F05_SA11_R05.txt,1,Fall,0,0,0,Mild,0.09648944732001902,0,Normal,0,Mild
train,21266,2195,SA11,SA11:F05_SA11_R05.txt,1,Fall,0,0,0,Mild,0.10147321745744453,0,Normal,0,Mild
train,21267,2196,SA11,SA11:F05_SA11_R05.txt,1,Fall,0,0,0,Mild,0.06657174426714418,0,Normal,0,Mild
train,21279,2197,SA11,SA11:F06_SA11_R01.txt,1,Fall,1,1,1,Severe,0.09962828262870593,0,Normal,1,Severe
train,21280,2198,SA11,SA11:F06_SA11_R01.txt,1,Fall,1,1,1,Severe,0.11832871197021355,0,Normal,1,Severe
train,21281,2199,SA11,SA11:F06_SA11_R01.txt,1,Fall,1,1,1,Severe,0.11616344305486975,0,Normal,1,Severe
train,21282,2200,SA11,SA11:F06_SA11_R01.txt,1,Fall,1,1,1,Severe,0.11346416479767435,0,Normal,1,Severe
train,21295,2201,SA11,SA11:F06_SA11_R02.txt,1,Fall,1,1,1,Severe,0.01704258190279162,0,Normal,1,Severe
train,21296,2202,SA11,SA11:F06_SA11_R02.txt,1,Fall,1,1,1,Severe,0.022592081543723053,0,Normal,1,Severe
train,21297,2203,SA11,SA11:F06_SA11_R02.txt,1,Fall,1,1,1,Severe,0.016448184561181245,0,Normal,1,Severe
train,21298,2204,SA11,SA11:F06_SA11_R02.txt,1,Fall,1,1,1,Severe,0.006859388182893222,0,Normal,1,Severe
train,21309,2205,SA11,SA11:F06_SA11_R03.txt,1,Fall,1,1,1,Severe,0.07860360715683312,0,Normal,1,Severe
train,21310,2206,SA11,SA11:F06_SA11_R03.txt,1,Fall,1,1,1,Severe,0.07981161143524096,0,Normal,1,Severe
train,21311,2207,SA11,SA11:F06_SA11_R03.txt,1,Fall,1,1,1,Severe,0.07929648628752989,0,Normal,1,Severe
train,21312,2208,SA11,SA11:F06_SA11_R03.txt,1,Fall,1,1,1,Severe,0.06154547996045501,0,Normal,1,Severe
train,21325,2209,SA11,SA11:F06_SA11_R04.txt,1,Fall,1,1,1,Severe,0.0868999817352602,0,Normal,1,Severe
train,21326,2210,SA11,SA11:F06_SA11_R04.txt,1,Fall,1,1,1,Severe,0.0999866033377097,0,Normal,1,Severe
train,21327,2211,SA11,SA11:F06_SA11_R04.txt,1,Fall,1,1,1,Severe,0.10493083969619438,0,Normal,1,Severe
train,21328,2212,SA11,SA11:F06_SA11_R04.txt,1,Fall,1,1,1,Severe,0.09314982830982771,0,Normal,1,Severe
train,21340,2213,SA11,SA11:F06_SA11_R05.txt,1,Fall,1,1,1,Severe,0.09854858400263744,0,Normal,1,Severe
train,21341,2214,SA11,SA11:F06_SA11_R05.txt,1,Fall,1,1,1,Severe,0.11091971790209348,0,Normal,1,Severe
train,21342,2215,SA11,SA11:F06_SA11_R05.txt,1,Fall,1,1,1,Severe,0.0966158242989244,0,Normal,1,Severe
train,21343,2216,SA11,SA11:F06_SA11_R05.txt,1,Fall,1,1,1,Severe,0.0834315026548863,0,Normal,1,Severe
train,21354,2217,SA11,SA11:F07_SA11_R01.txt,1,Fall,1,1,1,Severe,0.061245673005962065,0,Normal,1,Severe
train,21355,2218,SA11,SA11:F07_SA11_R01.txt,1,Fall,1,1,1,Severe,0.06424163064991972,0,Normal,1,Severe
train,21356,2219,SA11,SA11:F07_SA11_R01.txt,1,Fall,1,1,1,Severe,0.05221430628395207,0,Normal,1,Severe
train,21357,2220,SA11,SA11:F07_SA11_R01.txt,1,Fall,1,1,1,Severe,0.06035774756696316,0,Normal,1,Severe
train,21369,2221,SA11,SA11:F07_SA11_R02.txt,1,Fall,1,1,1,Severe,0.09201204919192474,0,Normal,1,Severe
train,21370,2222,SA11,SA11:F07_SA11_R02.txt,1,Fall,1,1,1,Severe,0.0806410586569612,0,Normal,1,Severe
train,21371,2223,SA11,SA11:F07_SA11_R02.txt,1,Fall,1,1,1,Severe,0.0658584114374523,0,Normal,1,Severe
train,21372,2224,SA11,SA11:F07_SA11_R02.txt,1,Fall,1,1,1,Severe,0.047583809422647616,0,Normal,1,Severe
train,21384,2225,SA11,SA11:F07_SA11_R03.txt,1,Fall,1,1,1,Severe,0.11348581708208988,0,Normal,1,Severe
train,21385,2226,SA11,SA11:F07_SA11_R03.txt,1,Fall,1,1,1,Severe,0.10823950268593685,0,Normal,1,Severe
train,21386,2227,SA11,SA11:F07_SA11_R03.txt,1,Fall,1,1,1,Severe,0.08684536314889552,0,Normal,1,Severe
train,21387,2228,SA11,SA11:F07_SA11_R03.txt,1,Fall,1,1,1,Severe,0.06880242200422715,0,Normal,1,Severe
train,21398,2229,SA11,SA11:F07_SA11_R04.txt,1,Fall,1,1,1,Severe,0.11411894048202281,0,Normal,1,Severe
train,21399,2230,SA11,SA11:F07_SA11_R04.txt,1,Fall,1,1,1,Severe,0.1034927208980751,0,Normal,1,Severe
train,21400,2231,SA11,SA11:F07_SA11_R04.txt,1,Fall,1,1,1,Severe,0.08470944363626592,0,Normal,1,Severe
train,21401,2232,SA11,SA11:F07_SA11_R04.txt,1,Fall,1,1,1,Severe,0.06966770466093614,0,Normal,1,Severe
train,21414,2233,SA11,SA11:F07_SA11_R05.txt,1,Fall,1,1,1,Severe,0.1004111633390058,0,Normal,1,Severe
train,21415,2234,SA11,SA11:F07_SA11_R05.txt,1,Fall,1,1,1,Severe,0.09382204486939816,0,Normal,1,Severe
train,21416,2235,SA11,SA11:F07_SA11_R05.txt,1,Fall,1,1,1,Severe,0.08883963190396327,0,Normal,1,Severe
train,21417,2236,SA11,SA11:F07_SA11_R05.txt,1,Fall,1,1,1,Severe,0.06759783391021695,0,Normal,1,Severe
train,21429,2237,SA11,SA11:F08_SA11_R01.txt,1,Fall,0,0,0,Mild,0.10407827781698042,0,Normal,0,Mild
train,21430,2238,SA11,SA11:F08_SA11_R01.txt,1,Fall,0,0,0,Mild,0.10574269811672349,0,Normal,0,Mild
train,21431,2239,SA11,SA11:F08_SA11_R01.txt,1,Fall,0,0,0,Mild,0.10454587860734815,0,Normal,0,Mild
train,21432,2240,SA11,SA11:F08_SA11_R01.txt,1,Fall,0,0,0,Mild,0.09086336025066583,0,Normal,0,Mild
train,21445,2241,SA11,SA11:F08_SA11_R02.txt,1,Fall,0,0,0,Mild,0.046562373375475086,0,Normal,0,Mild
train,21446,2242,SA11,SA11:F08_SA11_R02.txt,1,Fall,0,0,0,Mild,0.10068868883026205,0,Normal,0,Mild
train,21447,2243,SA11,SA11:F08_SA11_R02.txt,1,Fall,0,0,0,Mild,0.10143018369579376,0,Normal,0,Mild
train,21448,2244,SA11,SA11:F08_SA11_R02.txt,1,Fall,0,0,0,Mild,0.10151529663662484,0,Normal,0,Mild
train,21460,2245,SA11,SA11:F08_SA11_R03.txt,1,Fall,0,0,0,Mild,0.09361671432875468,0,Normal,0,Mild
train,21461,2246,SA11,SA11:F08_SA11_R03.txt,1,Fall,0,0,0,Mild,0.11170909268352974,0,Normal,0,Mild
train,21462,2247,SA11,SA11:F08_SA11_R03.txt,1,Fall,0,0,0,Mild,0.12097306712818134,0,Normal,0,Mild
train,21463,2248,SA11,SA11:F08_SA11_R03.txt,1,Fall,0,0,0,Mild,0.11654545851951703,0,Normal,0,Mild
train,21475,2249,SA11,SA11:F08_SA11_R04.txt,1,Fall,0,0,0,Mild,0.08999158696049142,0,Normal,0,Mild
train,21476,2250,SA11,SA11:F08_SA11_R04.txt,1,Fall,0,0,0,Mild,0.0921258113333202,0,Normal,0,Mild
train,21477,2251,SA11,SA11:F08_SA11_R04.txt,1,Fall,0,0,0,Mild,0.0875156962298414,0,Normal,0,Mild
train,21478,2252,SA11,SA11:F08_SA11_R04.txt,1,Fall,0,0,0,Mild,0.0566105914424776,0,Normal,0,Mild
train,21490,2253,SA11,SA11:F08_SA11_R05.txt,1,Fall,0,0,0,Mild,0.07142489036835087,0,Normal,0,Mild
train,21491,2254,SA11,SA11:F08_SA11_R05.txt,1,Fall,0,0,0,Mild,0.0669019543997435,0,Normal,0,Mild
train,21492,2255,SA11,SA11:F08_SA11_R05.txt,1,Fall,0,0,0,Mild,0.07044478944315274,0,Normal,0,Mild
train,21493,2256,SA11,SA11:F08_SA11_R05.txt,1,Fall,0,0,0,Mild,0.06987203786260099,0,Normal,0,Mild
train,21503,2257,SA11,SA11:F09_SA11_R01.txt,1,Fall,1,1,1,Severe,0.10986767789208146,0,Normal,1,Severe
train,21504,2258,SA11,SA11:F09_SA11_R01.txt,1,Fall,1,1,1,Severe,0.11817262471094647,0,Normal,1,Severe
train,21505,2259,SA11,SA11:F09_SA11_R01.txt,1,Fall,1,1,1,Severe,0.11054153333464661,0,Normal,1,Severe
train,21506,2260,SA11,SA11:F09_SA11_R01.txt,1,Fall,1,1,1,Severe,0.08359875809085676,0,Normal,1,Severe
train,21520,2261,SA11,SA11:F09_SA11_R02.txt,1,Fall,1,1,1,Severe,0.11543593318372386,0,Normal,1,Severe
train,21521,2262,SA11,SA11:F09_SA11_R02.txt,1,Fall,1,1,1,Severe,0.11545265317418996,0,Normal,1,Severe
train,21522,2263,SA11,SA11:F09_SA11_R02.txt,1,Fall,1,1,1,Severe,0.10609122653050046,0,Normal,1,Severe
train,21523,2264,SA11,SA11:F09_SA11_R02.txt,1,Fall,1,1,1,Severe,0.06553040732196497,0,Normal,1,Severe
train,21535,2265,SA11,SA11:F09_SA11_R03.txt,1,Fall,1,1,1,Severe,0.09710757541211462,0,Normal,1,Severe
train,21536,2266,SA11,SA11:F09_SA11_R03.txt,1,Fall,1,1,1,Severe,0.10104550344142466,0,Normal,1,Severe
train,21537,2267,SA11,SA11:F09_SA11_R03.txt,1,Fall,1,1,1,Severe,0.09655416506615616,0,Normal,1,Severe
train,21538,2268,SA11,SA11:F09_SA11_R03.txt,1,Fall,1,1,1,Severe,0.07332897197926413,0,Normal,1,Severe
train,21549,2269,SA11,SA11:F09_SA11_R04.txt,1,Fall,1,1,1,Severe,0.09091718288863043,0,Normal,1,Severe
train,21550,2270,SA11,SA11:F09_SA11_R04.txt,1,Fall,1,1,1,Severe,0.08265399219812236,0,Normal,1,Severe
train,21551,2271,SA11,SA11:F09_SA11_R04.txt,1,Fall,1,1,1,Severe,0.0708989171467434,0,Normal,1,Severe
train,21552,2272,SA11,SA11:F09_SA11_R04.txt,1,Fall,1,1,1,Severe,0.054738253499437006,0,Normal,1,Severe
train,21564,2273,SA11,SA11:F09_SA11_R05.txt,1,Fall,1,1,1,Severe,0.06736509107565236,0,Normal,1,Severe
train,21565,2274,SA11,SA11:F09_SA11_R05.txt,1,Fall,1,1,1,Severe,0.06335710898181296,0,Normal,1,Severe
train,21566,2275,SA11,SA11:F09_SA11_R05.txt,1,Fall,1,1,1,Severe,0.05934883038475308,0,Normal,1,Severe
train,21567,2276,SA11,SA11:F09_SA11_R05.txt,1,Fall,1,1,1,Severe,0.05133701445369204,0,Normal,1,Severe
train,21576,2277,SA11,SA11:F10_SA11_R01.txt,1,Fall,1,1,1,Severe,0.07783655603384859,0,Normal,1,Severe
train,21577,2278,SA11,SA11:F10_SA11_R01.txt,1,Fall,1,1,1,Severe,0.07075148843929935,0,Normal,1,Severe
train,21578,2279,SA11,SA11:F10_SA11_R01.txt,1,Fall,1,1,1,Severe,0.05354559295627581,0,Normal,1,Severe
train,21579,2280,SA11,SA11:F10_SA11_R01.txt,1,Fall,1,1,1,Severe,0.03623216567026222,0,Normal,1,Severe
train,21590,2281,SA11,SA11:F10_SA11_R02.txt,1,Fall,1,1,1,Severe,0.09687806788832837,0,Normal,1,Severe
train,21591,2282,SA11,SA11:F10_SA11_R02.txt,1,Fall,1,1,1,Severe,0.08709655442237885,0,Normal,1,Severe
train,21592,2283,SA11,SA11:F10_SA11_R02.txt,1,Fall,1,1,1,Severe,0.06665206180425343,0,Normal,1,Severe
train,21593,2284,SA11,SA11:F10_SA11_R02.txt,1,Fall,1,1,1,Severe,0.0003162195730838091,0,Normal,1,Severe
train,21608,2285,SA11,SA11:F10_SA11_R03.txt,1,Fall,1,1,1,Severe,0.1031970325621665,0,Normal,1,Severe
train,21609,2286,SA11,SA11:F10_SA11_R03.txt,1,Fall,1,1,1,Severe,0.10473910349314258,0,Normal,1,Severe
train,21610,2287,SA11,SA11:F10_SA11_R03.txt,1,Fall,1,1,1,Severe,0.09521539634224202,0,Normal,1,Severe
train,21611,2288,SA11,SA11:F10_SA11_R03.txt,1,Fall,1,1,1,Severe,0.06878912103459212,0,Normal,1,Severe
train,21623,2289,SA11,SA11:F10_SA11_R04.txt,1,Fall,0,0,0,Mild,0.10825466530659644,0,Normal,0,Mild
train,21624,2290,SA11,SA11:F10_SA11_R04.txt,1,Fall,0,0,0,Mild,0.12403710809165558,0,Normal,0,Mild
train,21625,2291,SA11,SA11:F10_SA11_R04.txt,1,Fall,0,0,0,Mild,0.1257067313789344,0,Normal,0,Mild
train,21626,2292,SA11,SA11:F10_SA11_R04.txt,1,Fall,0,0,0,Mild,0.10986980445269207,0,Normal,0,Mild
train,21636,2293,SA11,SA11:F10_SA11_R05.txt,1,Fall,0,0,0,Mild,0.10647983976883202,0,Normal,0,Mild
train,21637,2294,SA11,SA11:F10_SA11_R05.txt,1,Fall,0,0,0,Mild,0.1059470808465926,0,Normal,0,Mild
train,21638,2295,SA11,SA11:F10_SA11_R05.txt,1,Fall,1,1,1,Severe,0.08525934975678023,0,Normal,1,Severe
train,21639,2296,SA11,SA11:F10_SA11_R05.txt,1,Fall,0,0,0,Mild,0.07369696211756199,0,Normal,0,Mild
train,21653,2297,SA11,SA11:F11_SA11_R01.txt,1,Fall,0,0,0,Mild,-0.0086068773264385,1,Anomalous,-1,Non-applicable
train,21654,2298,SA11,SA11:F11_SA11_R01.txt,1,Fall,0,0,0,Mild,-0.014347381348267851,1,Anomalous,-1,Non-applicable
train,21655,2299,SA11,SA11:F11_SA11_R01.txt,1,Fall,0,0,0,Mild,-0.01927782232719566,1,Anomalous,-1,Non-applicable
train,21656,2300,SA11,SA11:F11_SA11_R01.txt,1,Fall,0,0,0,Mild,-0.025596943903039793,1,Anomalous,-1,Non-applicable
train,21667,2301,SA11,SA11:F11_SA11_R02.txt,1,Fall,0,0,0,Mild,-0.016318045004693915,1,Anomalous,-1,Non-applicable
train,21668,2302,SA11,SA11:F11_SA11_R02.txt,1,Fall,0,0,0,Mild,-0.02677030154156157,1,Anomalous,-1,Non-applicable
train,21669,2303,SA11,SA11:F11_SA11_R02.txt,1,Fall,0,0,0,Mild,-0.027982265581279364,1,Anomalous,-1,Non-applicable
train,21670,2304,SA11,SA11:F11_SA11_R02.txt,1,Fall,0,0,0,Mild,-0.03375255100264696,1,Anomalous,-1,Non-applicable
train,21681,2305,SA11,SA11:F11_SA11_R03.txt,1,Fall,0,0,0,Mild,-0.00866446512625818,1,Anomalous,-1,Non-applicable
train,21682,2306,SA11,SA11:F11_SA11_R03.txt,1,Fall,0,0,0,Mild,-0.014090207221507445,1,Anomalous,-1,Non-applicable
train,21683,2307,SA11,SA11:F11_SA11_R03.txt,1,Fall,0,0,0,Mild,-0.021218631577286318,1,Anomalous,-1,Non-applicable
train,21684,2308,SA11,SA11:F11_SA11_R03.txt,1,Fall,0,0,0,Mild,-0.015895162934116414,1,Anomalous,-1,Non-applicable
train,21696,2309,SA11,SA11:F11_SA11_R04.txt,1,Fall,0,0,0,Mild,-0.01015642281989615,1,Anomalous,-1,Non-applicable
train,21697,2310,SA11,SA11:F11_SA11_R04.txt,1,Fall,0,0,0,Mild,-0.016423319105019263,1,Anomalous,-1,Non-applicable
train,21698,2311,SA11,SA11:F11_SA11_R04.txt,1,Fall,0,0,0,Mild,-0.022103058354218996,1,Anomalous,-1,Non-applicable
train,21699,2312,SA11,SA11:F11_SA11_R04.txt,1,Fall,0,0,0,Mild,-0.020492138214382227,1,Anomalous,-1,Non-applicable
train,21714,2313,SA11,SA11:F11_SA11_R05.txt,1,Fall,0,0,0,Mild,-0.01776188577503479,1,Anomalous,-1,Non-applicable
train,21715,2314,SA11,SA11:F11_SA11_R05.txt,1,Fall,0,0,0,Mild,-0.02932346692409582,1,Anomalous,-1,Non-applicable
train,21716,2315,SA11,SA11:F11_SA11_R05.txt,1,Fall,0,0,0,Mild,-0.03356424006276448,1,Anomalous,-1,Non-applicable
train,21717,2316,SA11,SA11:F11_SA11_R05.txt,1,Fall,0,0,0,Mild,-0.03451690716472,1,Anomalous,-1,Non-applicable
train,21726,2317,SA11,SA11:F12_SA11_R01.txt,1,Fall,0,0,0,Mild,0.10102438423814875,0,Normal,0,Mild
train,21727,2318,SA11,SA11:F12_SA11_R01.txt,1,Fall,1,1,1,Severe,0.11668358829383835,0,Normal,1,Severe
train,21728,2319,SA11,SA11:F12_SA11_R01.txt,1,Fall,1,1,1,Severe,0.11523177387309685,0,Normal,1,Severe
train,21729,2320,SA11,SA11:F12_SA11_R01.txt,1,Fall,1,1,1,Severe,0.10056151225031795,0,Normal,1,Severe
train,21742,2321,SA11,SA11:F12_SA11_R02.txt,1,Fall,1,1,1,Severe,0.09894773824538022,0,Normal,1,Severe
train,21743,2322,SA11,SA11:F12_SA11_R02.txt,1,Fall,1,1,1,Severe,0.10201566904814718,0,Normal,1,Severe
train,21744,2323,SA11,SA11:F12_SA11_R02.txt,1,Fall,1,1,1,Severe,0.09832466365015835,0,Normal,1,Severe
train,21745,2324,SA11,SA11:F12_SA11_R02.txt,1,Fall,1,1,1,Severe,0.07424819825890278,0,Normal,1,Severe
train,21757,2325,SA11,SA11:F12_SA11_R03.txt,1,Fall,1,1,1,Severe,0.08153924912585087,0,Normal,1,Severe
train,21758,2326,SA11,SA11:F12_SA11_R03.txt,1,Fall,1,1,1,Severe,0.10583002792383905,0,Normal,1,Severe
train,21759,2327,SA11,SA11:F12_SA11_R03.txt,1,Fall,1,1,1,Severe,0.10590824369751106,0,Normal,1,Severe
train,21760,2328,SA11,SA11:F12_SA11_R03.txt,1,Fall,1,1,1,Severe,0.08445012776943223,0,Normal,1,Severe
train,21769,2329,SA11,SA11:F12_SA11_R04.txt,1,Fall,1,1,1,Severe,0.042193795477709906,0,Normal,1,Severe
train,21770,2330,SA11,SA11:F12_SA11_R04.txt,1,Fall,1,1,1,Severe,0.07419529256755286,0,Normal,1,Severe
train,21771,2331,SA11,SA11:F12_SA11_R04.txt,1,Fall,1,1,1,Severe,0.06725583935321411,0,Normal,1,Severe
train,21772,2332,SA11,SA11:F12_SA11_R04.txt,1,Fall,1,1,1,Severe,0.048852561410674566,0,Normal,1,Severe
train,21787,2333,SA11,SA11:F12_SA11_R05.txt,1,Fall,1,1,1,Severe,0.04226234780210503,0,Normal,1,Severe
train,21788,2334,SA11,SA11:F12_SA11_R05.txt,1,Fall,1,1,1,Severe,0.08206298529128697,0,Normal,1,Severe
train,21789,2335,SA11,SA11:F12_SA11_R05.txt,1,Fall,1,1,1,Severe,0.07890867575012916,0,Normal,1,Severe
train,21790,2336,SA11,SA11:F12_SA11_R05.txt,1,Fall,1,1,1,Severe,0.0651111073462069,0,Normal,1,Severe
train,21801,2337,SA11,SA11:F13_SA11_R01.txt,1,Fall,0,0,0,Mild,0.07458382649024436,0,Normal,0,Mild
train,21802,2338,SA11,SA11:F13_SA11_R01.txt,1,Fall,0,0,0,Mild,0.06899710753671129,0,Normal,0,Mild
train,21803,2339,SA11,SA11:F13_SA11_R01.txt,1,Fall,0,0,0,Mild,0.0596503627956983,0,Normal,0,Mild
train,21804,2340,SA11,SA11:F13_SA11_R01.txt,1,Fall,0,0,0,Mild,0.048178027198929996,0,Normal,0,Mild
train,21817,2341,SA11,SA11:F13_SA11_R02.txt,1,Fall,0,0,0,Mild,0.11096384163974538,0,Normal,0,Mild
train,21818,2342,SA11,SA11:F13_SA11_R02.txt,1,Fall,0,0,0,Mild,0.11042977471266574,0,Normal,0,Mild
train,21819,2343,SA11,SA11:F13_SA11_R02.txt,1,Fall,0,0,0,Mild,0.10377023593528745,0,Normal,0,Mild
train,21820,2344,SA11,SA11:F13_SA11_R02.txt,1,Fall,0,0,0,Mild,0.053317567477902006,0,Normal,0,Mild
train,21831,2345,SA11,SA11:F13_SA11_R03.txt,1,Fall,0,0,0,Mild,0.1192324873320545,0,Normal,0,Mild
train,21832,2346,SA11,SA11:F13_SA11_R03.txt,1,Fall,1,1,1,Severe,0.11167520162805927,0,Normal,1,Severe
train,21833,2347,SA11,SA11:F13_SA11_R03.txt,1,Fall,1,1,1,Severe,0.09317783230805038,0,Normal,1,Severe
train,21834,2348,SA11,SA11:F13_SA11_R03.txt,1,Fall,1,1,1,Severe,0.056695399329308005,0,Normal,1,Severe
train,21845,2349,SA11,SA11:F13_SA11_R04.txt,1,Fall,1,1,1,Severe,0.11818635085700113,0,Normal,1,Severe
train,21846,2350,SA11,SA11:F13_SA11_R04.txt,1,Fall,1,1,1,Severe,0.09934388492153551,0,Normal,1,Severe
train,21847,2351,SA11,SA11:F13_SA11_R04.txt,1,Fall,1,1,1,Severe,0.08036407298335385,0,Normal,1,Severe
train,21848,2352,SA11,SA11:F13_SA11_R04.txt,1,Fall,1,1,1,Severe,0.05397141523685023,0,Normal,1,Severe
train,21864,2353,SA11,SA11:F13_SA11_R05.txt,1,Fall,1,1,1,Severe,0.10385014477552934,0,Normal,1,Severe
train,21865,2354,SA11,SA11:F13_SA11_R05.txt,1,Fall,1,1,1,Severe,0.09717277543861697,0,Normal,1,Severe
train,21866,2355,SA11,SA11:F13_SA11_R05.txt,1,Fall,1,1,1,Severe,0.08244944335850407,0,Normal,1,Severe
train,21867,2356,SA11,SA11:F13_SA11_R05.txt,1,Fall,1,1,1,Severe,0.06911151473619742,0,Normal,1,Severe
train,21876,2357,SA11,SA11:F14_SA11_R01.txt,1,Fall,0,0,0,Mild,0.055614210567405065,0,Normal,0,Mild
train,21877,2358,SA11,SA11:F14_SA11_R01.txt,1,Fall,0,0,0,Mild,0.05809103767732521,0,Normal,0,Mild
train,21878,2359,SA11,SA11:F14_SA11_R01.txt,1,Fall,0,0,0,Mild,0.06648890172366573,0,Normal,0,Mild
train,21879,2360,SA11,SA11:F14_SA11_R01.txt,1,Fall,0,0,0,Mild,0.05638231272229138,0,Normal,0,Mild
train,21893,2361,SA11,SA11:F14_SA11_R02.txt,1,Fall,0,0,0,Mild,0.05131021369025163,0,Normal,0,Mild
train,21894,2362,SA11,SA11:F14_SA11_R02.txt,1,Fall,0,0,0,Mild,0.043940318922078725,0,Normal,0,Mild
train,21895,2363,SA11,SA11:F14_SA11_R02.txt,1,Fall,0,0,0,Mild,0.05162010018116714,0,Normal,0,Mild
train,21896,2364,SA11,SA11:F14_SA11_R02.txt,1,Fall,0,0,0,Mild,0.05098986125855359,0,Normal,0,Mild
train,21909,2365,SA11,SA11:F14_SA11_R03.txt,1,Fall,0,0,0,Mild,0.06653911762057424,0,Normal,0,Mild
train,21910,2366,SA11,SA11:F14_SA11_R03.txt,1,Fall,0,0,0,Mild,0.07204717061336241,0,Normal,0,Mild
train,21911,2367,SA11,SA11:F14_SA11_R03.txt,1,Fall,0,0,0,Mild,0.07648338830831536,0,Normal,0,Mild
train,21912,2368,SA11,SA11:F14_SA11_R03.txt,1,Fall,0,0,0,Mild,0.06588939930296356,0,Normal,0,Mild
train,21922,2369,SA11,SA11:F14_SA11_R04.txt,1,Fall,0,0,0,Mild,0.07607735581416325,0,Normal,0,Mild
train,21923,2370,SA11,SA11:F14_SA11_R04.txt,1,Fall,0,0,0,Mild,0.08024525461952065,0,Normal,0,Mild
train,21924,2371,SA11,SA11:F14_SA11_R04.txt,1,Fall,0,0,0,Mild,0.07861081327070496,0,Normal,0,Mild
train,21925,2372,SA11,SA11:F14_SA11_R04.txt,1,Fall,0,0,0,Mild,0.079286692175007,0,Normal,0,Mild
train,21939,2373,SA11,SA11:F14_SA11_R05.txt,1,Fall,0,0,0,Mild,0.06263833910823957,0,Normal,0,Mild
train,21940,2374,SA11,SA11:F14_SA11_R05.txt,1,Fall,0,0,0,Mild,0.05334928751660106,0,Normal,0,Mild
train,21941,2375,SA11,SA11:F14_SA11_R05.txt,1,Fall,0,0,0,Mild,0.06009083724981984,0,Normal,0,Mild
train,21942,2376,SA11,SA11:F14_SA11_R05.txt,1,Fall,0,0,0,Mild,0.05049792780959933,0,Normal,0,Mild
train,21953,2377,SA11,SA11:F15_SA11_R01.txt,1,Fall,1,1,1,Severe,0.05056307306261215,0,Normal,1,Severe
train,21954,2378,SA11,SA11:F15_SA11_R01.txt,1,Fall,1,1,1,Severe,0.0450087634705964,0,Normal,1,Severe
train,21955,2379,SA11,SA11:F15_SA11_R01.txt,1,Fall,1,1,1,Severe,0.020922202047116034,0,Normal,1,Severe
train,21956,2380,SA11,SA11:F15_SA11_R01.txt,1,Fall,1,1,1,Severe,-0.013298045996888108,1,Anomalous,-1,Non-applicable
train,21969,2381,SA11,SA11:F15_SA11_R02.txt,1,Fall,1,1,1,Severe,0.10911581433892553,0,Normal,1,Severe
train,21970,2382,SA11,SA11:F15_SA11_R02.txt,1,Fall,1,1,1,Severe,0.09876767352217375,0,Normal,1,Severe
train,21971,2383,SA11,SA11:F15_SA11_R02.txt,1,Fall,1,1,1,Severe,0.09971245129252598,0,Normal,1,Severe
train,21972,2384,SA11,SA11:F15_SA11_R02.txt,1,Fall,1,1,1,Severe,0.09357390380912772,0,Normal,1,Severe
train,21981,2385,SA11,SA11:F15_SA11_R03.txt,1,Fall,1,1,1,Severe,0.09038620313872026,0,Normal,1,Severe
train,21982,2386,SA11,SA11:F15_SA11_R03.txt,1,Fall,1,1,1,Severe,0.07777620949564257,0,Normal,1,Severe
train,21983,2387,SA11,SA11:F15_SA11_R03.txt,1,Fall,1,1,1,Severe,0.0577451057547147,0,Normal,1,Severe
train,21984,2388,SA11,SA11:F15_SA11_R03.txt,1,Fall,1,1,1,Severe,0.03423125312153524,0,Normal,1,Severe
train,21999,2389,SA11,SA11:F15_SA11_R04.txt,1,Fall,1,1,1,Severe,0.09815993528867006,0,Normal,1,Severe
train,22000,2390,SA11,SA11:F15_SA11_R04.txt,1,Fall,1,1,1,Severe,0.08993726461682033,0,Normal,1,Severe
train,22001,2391,SA11,SA11:F15_SA11_R04.txt,1,Fall,1,1,1,Severe,0.060203657111435604,0,Normal,1,Severe
train,22002,2392,SA11,SA11:F15_SA11_R04.txt,1,Fall,1,1,1,Severe,0.047640694882296886,0,Normal,1,Severe
train,22012,2393,SA11,SA11:F15_SA11_R05.txt,1,Fall,1,1,1,Severe,0.06328196445959561,0,Normal,1,Severe
train,22013,2394,SA11,SA11:F15_SA11_R05.txt,1,Fall,1,1,1,Severe,0.062430243117120754,0,Normal,1,Severe
train,22014,2395,SA11,SA11:F15_SA11_R05.txt,1,Fall,1,1,1,Severe,0.04543317337992936,0,Normal,1,Severe
train,22015,2396,SA11,SA11:F15_SA11_R05.txt,1,Fall,1,1,1,Severe,0.015135621738654792,0,Normal,1,Severe
train,23657,2397,SA16,SA16:F01_SA16_R01.txt,1,Fall,0,0,0,Mild,0.09270693564251409,0,Normal,0,Mild
train,23658,2398,SA16,SA16:F01_SA16_R01.txt,1,Fall,0,0,0,Mild,0.10805799724276272,0,Normal,0,Mild
train,23659,2399,SA16,SA16:F01_SA16_R01.txt,1,Fall,0,0,0,Mild,0.10736388721594126,0,Normal,0,Mild
train,23660,2400,SA16,SA16:F01_SA16_R01.txt,1,Fall,0,0,0,Mild,0.09404312277287169,0,Normal,0,Mild
train,23672,2401,SA16,SA16:F01_SA16_R02.txt,1,Fall,0,0,0,Mild,0.09679110604105512,0,Normal,0,Mild
train,23673,2402,SA16,SA16:F01_SA16_R02.txt,1,Fall,0,0,0,Mild,0.10808358162698334,0,Normal,0,Mild
train,23674,2403,SA16,SA16:F01_SA16_R02.txt,1,Fall,0,0,0,Mild,0.10221785704082748,0,Normal,0,Mild
train,23675,2404,SA16,SA16:F01_SA16_R02.txt,1,Fall,0,0,0,Mild,0.07513063411144316,0,Normal,0,Mild
train,23686,2405,SA16,SA16:F01_SA16_R03.txt,1,Fall,1,1,1,Severe,0.09939735141050543,0,Normal,1,Severe
train,23687,2406,SA16,SA16:F01_SA16_R03.txt,1,Fall,1,1,1,Severe,0.10712488395897185,0,Normal,1,Severe
train,23688,2407,SA16,SA16:F01_SA16_R03.txt,1,Fall,1,1,1,Severe,0.10762622439952813,0,Normal,1,Severe
train,23689,2408,SA16,SA16:F01_SA16_R03.txt,1,Fall,1,1,1,Severe,0.07793967794267415,0,Normal,1,Severe
train,23702,2409,SA16,SA16:F01_SA16_R04.txt,1,Fall,0,0,0,Mild,0.11364115613796505,0,Normal,0,Mild
train,23703,2410,SA16,SA16:F01_SA16_R04.txt,1,Fall,0,0,0,Mild,0.12525724855714454,0,Normal,0,Mild
train,23704,2411,SA16,SA16:F01_SA16_R04.txt,1,Fall,0,0,0,Mild,0.12791079275667028,0,Normal,0,Mild
train,23705,2412,SA16,SA16:F01_SA16_R04.txt,1,Fall,0,0,0,Mild,0.12123046923190761,0,Normal,0,Mild
train,23718,2413,SA16,SA16:F01_SA16_R05.txt,1,Fall,0,0,0,Mild,0.10403578491356208,0,Normal,0,Mild
train,23719,2414,SA16,SA16:F01_SA16_R05.txt,1,Fall,0,0,0,Mild,0.10768102724849749,0,Normal,0,Mild
train,23720,2415,SA16,SA16:F01_SA16_R05.txt,1,Fall,0,0,0,Mild,0.10392630677725889,0,Normal,0,Mild
train,23721,2416,SA16,SA16:F01_SA16_R05.txt,1,Fall,0,0,0,Mild,0.045232856632778484,0,Normal,0,Mild
train,23731,2417,SA16,SA16:F02_SA16_R01.txt,1,Fall,0,0,0,Mild,0.08155463798865081,0,Normal,0,Mild
train,23732,2418,SA16,SA16:F02_SA16_R01.txt,1,Fall,0,0,0,Mild,0.09221108596710575,0,Normal,0,Mild
train,23733,2419,SA16,SA16:F02_SA16_R01.txt,1,Fall,0,0,0,Mild,0.0898011304085507,0,Normal,0,Mild
train,23734,2420,SA16,SA16:F02_SA16_R01.txt,1,Fall,0,0,0,Mild,0.08299290004851856,0,Normal,0,Mild
train,23746,2421,SA16,SA16:F02_SA16_R02.txt,1,Fall,0,0,0,Mild,0.10658582019126706,0,Normal,0,Mild
train,23747,2422,SA16,SA16:F02_SA16_R02.txt,1,Fall,0,0,0,Mild,0.10927664874642107,0,Normal,0,Mild
train,23748,2423,SA16,SA16:F02_SA16_R02.txt,1,Fall,0,0,0,Mild,0.09907807034527466,0,Normal,0,Mild
train,23749,2424,SA16,SA16:F02_SA16_R02.txt,1,Fall,0,0,0,Mild,0.025466608121795797,0,Normal,0,Mild
train,23760,2425,SA16,SA16:F02_SA16_R03.txt,1,Fall,0,0,0,Mild,0.0899070674514379,0,Normal,0,Mild
train,23761,2426,SA16,SA16:F02_SA16_R03.txt,1,Fall,0,0,0,Mild,0.10367962152383042,0,Normal,0,Mild
train,23762,2427,SA16,SA16:F02_SA16_R03.txt,1,Fall,0,0,0,Mild,0.09792500147815364,0,Normal,0,Mild
train,23763,2428,SA16,SA16:F02_SA16_R03.txt,1,Fall,0,0,0,Mild,0.08512875134289288,0,Normal,0,Mild
train,23774,2429,SA16,SA16:F02_SA16_R04.txt,1,Fall,0,0,0,Mild,0.07081485154873263,0,Normal,0,Mild
train,23775,2430,SA16,SA16:F02_SA16_R04.txt,1,Fall,0,0,0,Mild,0.09081997460357766,0,Normal,0,Mild
train,23776,2431,SA16,SA16:F02_SA16_R04.txt,1,Fall,0,0,0,Mild,0.08165538968311353,0,Normal,0,Mild
train,23777,2432,SA16,SA16:F02_SA16_R04.txt,1,Fall,0,0,0,Mild,0.06946072589642588,0,Normal,0,Mild
train,23789,2433,SA16,SA16:F02_SA16_R05.txt,1,Fall,0,0,0,Mild,0.08511939711571848,0,Normal,0,Mild
train,23790,2434,SA16,SA16:F02_SA16_R05.txt,1,Fall,0,0,0,Mild,0.09976126532797353,0,Normal,0,Mild
train,23791,2435,SA16,SA16:F02_SA16_R05.txt,1,Fall,0,0,0,Mild,0.0980328340099696,0,Normal,0,Mild
train,23792,2436,SA16,SA16:F02_SA16_R05.txt,1,Fall,0,0,0,Mild,0.08936227772457128,0,Normal,0,Mild
train,23808,2437,SA16,SA16:F03_SA16_R01.txt,1,Fall,1,1,1,Severe,0.07066225840714546,0,Normal,1,Severe
train,23809,2438,SA16,SA16:F03_SA16_R01.txt,1,Fall,1,1,1,Severe,0.08493674446671595,0,Normal,1,Severe
train,23810,2439,SA16,SA16:F03_SA16_R01.txt,1,Fall,1,1,1,Severe,0.08419500706094546,0,Normal,1,Severe
train,23811,2440,SA16,SA16:F03_SA16_R01.txt,1,Fall,1,1,1,Severe,0.03801660818908026,0,Normal,1,Severe
train,23822,2441,SA16,SA16:F03_SA16_R02.txt,1,Fall,1,1,1,Severe,0.08968650912246728,0,Normal,1,Severe
train,23823,2442,SA16,SA16:F03_SA16_R02.txt,1,Fall,1,1,1,Severe,0.10005747203449039,0,Normal,1,Severe
train,23824,2443,SA16,SA16:F03_SA16_R02.txt,1,Fall,1,1,1,Severe,0.10066766533224569,0,Normal,1,Severe
train,23825,2444,SA16,SA16:F03_SA16_R02.txt,1,Fall,1,1,1,Severe,0.056048285410160326,0,Normal,1,Severe
train,23835,2445,SA16,SA16:F03_SA16_R03.txt,1,Fall,1,1,1,Severe,0.0721543943534409,0,Normal,1,Severe
train,23836,2446,SA16,SA16:F03_SA16_R03.txt,1,Fall,1,1,1,Severe,0.08635368824465584,0,Normal,1,Severe
train,23837,2447,SA16,SA16:F03_SA16_R03.txt,1,Fall,1,1,1,Severe,0.08948782817857359,0,Normal,1,Severe
train,23838,2448,SA16,SA16:F03_SA16_R03.txt,1,Fall,1,1,1,Severe,0.07910682755027038,0,Normal,1,Severe
train,23850,2449,SA16,SA16:F03_SA16_R04.txt,1,Fall,1,1,1,Severe,0.07343014343871856,0,Normal,1,Severe
train,23851,2450,SA16,SA16:F03_SA16_R04.txt,1,Fall,1,1,1,Severe,0.0906949347332997,0,Normal,1,Severe
train,23852,2451,SA16,SA16:F03_SA16_R04.txt,1,Fall,1,1,1,Severe,0.09233662264111309,0,Normal,1,Severe
train,23853,2452,SA16,SA16:F03_SA16_R04.txt,1,Fall,1,1,1,Severe,0.08462648641879489,0,Normal,1,Severe
train,23867,2453,SA16,SA16:F03_SA16_R05.txt,1,Fall,1,1,1,Severe,0.08431882165255478,0,Normal,1,Severe
train,23868,2454,SA16,SA16:F03_SA16_R05.txt,1,Fall,1,1,1,Severe,0.09458008005681484,0,Normal,1,Severe
train,23869,2455,SA16,SA16:F03_SA16_R05.txt,1,Fall,1,1,1,Severe,0.0982715119214182,0,Normal,1,Severe
train,23870,2456,SA16,SA16:F03_SA16_R05.txt,1,Fall,1,1,1,Severe,0.05448863625941419,0,Normal,1,Severe
train,23881,2457,SA16,SA16:F04_SA16_R01.txt,1,Fall,0,0,0,Mild,0.05809301032426045,0,Normal,0,Mild
train,23882,2458,SA16,SA16:F04_SA16_R01.txt,1,Fall,0,0,0,Mild,0.08723622495329081,0,Normal,0,Mild
train,23883,2459,SA16,SA16:F04_SA16_R01.txt,1,Fall,0,0,0,Mild,0.08667949919375684,0,Normal,0,Mild
train,23884,2460,SA16,SA16:F04_SA16_R01.txt,1,Fall,0,0,0,Mild,0.08319603721995295,0,Normal,0,Mild
train,23896,2461,SA16,SA16:F04_SA16_R02.txt,1,Fall,0,0,0,Mild,0.0767756387984363,0,Normal,0,Mild
train,23897,2462,SA16,SA16:F04_SA16_R02.txt,1,Fall,0,0,0,Mild,0.09697364279841181,0,Normal,0,Mild
train,23898,2463,SA16,SA16:F04_SA16_R02.txt,1,Fall,0,0,0,Mild,0.0907631370864529,0,Normal,0,Mild
train,23899,2464,SA16,SA16:F04_SA16_R02.txt,1,Fall,0,0,0,Mild,0.08776780766873743,0,Normal,0,Mild
train,23911,2465,SA16,SA16:F04_SA16_R03.txt,1,Fall,0,0,0,Mild,0.08244139931948663,0,Normal,0,Mild
train,23912,2466,SA16,SA16:F04_SA16_R03.txt,1,Fall,0,0,0,Mild,0.09310764133784483,0,Normal,0,Mild
train,23913,2467,SA16,SA16:F04_SA16_R03.txt,1,Fall,0,0,0,Mild,0.07591333529041888,0,Normal,0,Mild
train,23914,2468,SA16,SA16:F04_SA16_R03.txt,1,Fall,0,0,0,Mild,0.056475588814501376,0,Normal,0,Mild
train,23925,2469,SA16,SA16:F04_SA16_R04.txt,1,Fall,0,0,0,Mild,0.039035180391243096,0,Normal,0,Mild
train,23926,2470,SA16,SA16:F04_SA16_R04.txt,1,Fall,1,1,1,Severe,0.08940636642079952,0,Normal,1,Severe
train,23927,2471,SA16,SA16:F04_SA16_R04.txt,1,Fall,1,1,1,Severe,0.09180735438052623,0,Normal,1,Severe
train,23928,2472,SA16,SA16:F04_SA16_R04.txt,1,Fall,1,1,1,Severe,0.0865098758703769,0,Normal,1,Severe
train,23940,2473,SA16,SA16:F04_SA16_R05.txt,1,Fall,0,0,0,Mild,0.09501097518224477,0,Normal,0,Mild
train,23941,2474,SA16,SA16:F04_SA16_R05.txt,1,Fall,0,0,0,Mild,0.11448000712574846,0,Normal,0,Mild
train,23942,2475,SA16,SA16:F04_SA16_R05.txt,1,Fall,0,0,0,Mild,0.11956219262850976,0,Normal,0,Mild
train,23943,2476,SA16,SA16:F04_SA16_R05.txt,1,Fall,0,0,0,Mild,0.11515853993574043,0,Normal,0,Mild
train,23955,2477,SA16,SA16:F05_SA16_R01.txt,1,Fall,0,0,0,Mild,0.05148636491524722,0,Normal,0,Mild
train,23956,2478,SA16,SA16:F05_SA16_R01.txt,1,Fall,0,0,0,Mild,0.06434965541360044,0,Normal,0,Mild
train,23957,2479,SA16,SA16:F05_SA16_R01.txt,1,Fall,0,0,0,Mild,0.0659552660471679,0,Normal,0,Mild
train,23958,2480,SA16,SA16:F05_SA16_R01.txt,1,Fall,0,0,0,Mild,0.02589318800757301,0,Normal,0,Mild
train,23970,2481,SA16,SA16:F05_SA16_R02.txt,1,Fall,0,0,0,Mild,0.06599764355049581,0,Normal,0,Mild
train,23971,2482,SA16,SA16:F05_SA16_R02.txt,1,Fall,0,0,0,Mild,0.08378213625093961,0,Normal,0,Mild
train,23972,2483,SA16,SA16:F05_SA16_R02.txt,1,Fall,0,0,0,Mild,0.09028306389776997,0,Normal,0,Mild
train,23973,2484,SA16,SA16:F05_SA16_R02.txt,1,Fall,0,0,0,Mild,0.06141047180576931,0,Normal,0,Mild
train,23984,2485,SA16,SA16:F05_SA16_R03.txt,1,Fall,0,0,0,Mild,0.08749959195079293,0,Normal,0,Mild
train,23985,2486,SA16,SA16:F05_SA16_R03.txt,1,Fall,0,0,0,Mild,0.09971027539492155,0,Normal,0,Mild
train,23986,2487,SA16,SA16:F05_SA16_R03.txt,1,Fall,0,0,0,Mild,0.10385064580663111,0,Normal,0,Mild
train,23987,2488,SA16,SA16:F05_SA16_R03.txt,1,Fall,0,0,0,Mild,0.09956998260151378,0,Normal,0,Mild
train,23999,2489,SA16,SA16:F05_SA16_R04.txt,1,Fall,0,0,0,Mild,0.0687038357503546,0,Normal,0,Mild
train,24000,2490,SA16,SA16:F05_SA16_R04.txt,1,Fall,0,0,0,Mild,0.07647965469114654,0,Normal,0,Mild
train,24001,2491,SA16,SA16:F05_SA16_R04.txt,1,Fall,0,0,0,Mild,0.08428750512587646,0,Normal,0,Mild
train,24002,2492,SA16,SA16:F05_SA16_R04.txt,1,Fall,0,0,0,Mild,0.08292125711193671,0,Normal,0,Mild
train,24015,2493,SA16,SA16:F05_SA16_R05.txt,1,Fall,0,0,0,Mild,0.08005372413265782,0,Normal,0,Mild
train,24016,2494,SA16,SA16:F05_SA16_R05.txt,1,Fall,0,0,0,Mild,0.08454495671881929,0,Normal,0,Mild
train,24017,2495,SA16,SA16:F05_SA16_R05.txt,1,Fall,0,0,0,Mild,0.07895685760805893,0,Normal,0,Mild
train,24018,2496,SA16,SA16:F05_SA16_R05.txt,1,Fall,0,0,0,Mild,-0.009758297630419577,1,Anomalous,-1,Non-applicable
train,24030,2497,SA16,SA16:F06_SA16_R01.txt,1,Fall,1,1,1,Severe,0.05553115347502252,0,Normal,1,Severe
train,24031,2498,SA16,SA16:F06_SA16_R01.txt,1,Fall,1,1,1,Severe,0.0763806721393323,0,Normal,1,Severe
train,24032,2499,SA16,SA16:F06_SA16_R01.txt,1,Fall,1,1,1,Severe,0.07907260006822153,0,Normal,1,Severe
train,24033,2500,SA16,SA16:F06_SA16_R01.txt,1,Fall,1,1,1,Severe,0.08062146149314725,0,Normal,1,Severe
train,24047,2501,SA16,SA16:F06_SA16_R02.txt,1,Fall,1,1,1,Severe,0.06305008632977654,0,Normal,1,Severe
train,24048,2502,SA16,SA16:F06_SA16_R02.txt,1,Fall,1,1,1,Severe,0.10682076520917694,0,Normal,1,Severe
train,24049,2503,SA16,SA16:F06_SA16_R02.txt,1,Fall,1,1,1,Severe,0.10240797558325526,0,Normal,1,Severe
train,24050,2504,SA16,SA16:F06_SA16_R02.txt,1,Fall,1,1,1,Severe,0.10886837624627033,0,Normal,1,Severe
train,24061,2505,SA16,SA16:F06_SA16_R03.txt,1,Fall,1,1,1,Severe,0.07595486149019665,0,Normal,1,Severe
train,24062,2506,SA16,SA16:F06_SA16_R03.txt,1,Fall,1,1,1,Severe,0.09814045799154952,0,Normal,1,Severe
train,24063,2507,SA16,SA16:F06_SA16_R03.txt,1,Fall,1,1,1,Severe,0.10101430453552235,0,Normal,1,Severe
train,24064,2508,SA16,SA16:F06_SA16_R03.txt,1,Fall,1,1,1,Severe,0.09285085645178637,0,Normal,1,Severe
train,24077,2509,SA16,SA16:F06_SA16_R04.txt,1,Fall,1,1,1,Severe,0.09499659435633218,0,Normal,1,Severe
train,24078,2510,SA16,SA16:F06_SA16_R04.txt,1,Fall,1,1,1,Severe,0.10001190150171924,0,Normal,1,Severe
train,24079,2511,SA16,SA16:F06_SA16_R04.txt,1,Fall,1,1,1,Severe,0.09618887141542776,0,Normal,1,Severe
train,24080,2512,SA16,SA16:F06_SA16_R04.txt,1,Fall,1,1,1,Severe,0.0668013518426756,0,Normal,1,Severe
train,24092,2513,SA16,SA16:F06_SA16_R05.txt,1,Fall,1,1,1,Severe,0.09498831573894473,0,Normal,1,Severe
train,24093,2514,SA16,SA16:F06_SA16_R05.txt,1,Fall,1,1,1,Severe,0.10451744221710957,0,Normal,1,Severe
train,24094,2515,SA16,SA16:F06_SA16_R05.txt,1,Fall,1,1,1,Severe,0.10417606903882615,0,Normal,1,Severe
train,24095,2516,SA16,SA16:F06_SA16_R05.txt,1,Fall,1,1,1,Severe,0.08259209505731402,0,Normal,1,Severe
train,24106,2517,SA16,SA16:F07_SA16_R01.txt,1,Fall,1,1,1,Severe,0.11128431664108018,0,Normal,1,Severe
train,24107,2518,SA16,SA16:F07_SA16_R01.txt,1,Fall,1,1,1,Severe,0.1273877091322007,0,Normal,1,Severe
train,24108,2519,SA16,SA16:F07_SA16_R01.txt,1,Fall,1,1,1,Severe,0.12592909878886982,0,Normal,1,Severe
train,24109,2520,SA16,SA16:F07_SA16_R01.txt,1,Fall,1,1,1,Severe,0.10310481388940773,0,Normal,1,Severe
train,24122,2521,SA16,SA16:F07_SA16_R02.txt,1,Fall,1,1,1,Severe,0.12191249072320193,0,Normal,1,Severe
train,24123,2522,SA16,SA16:F07_SA16_R02.txt,1,Fall,1,1,1,Severe,0.12748922418253217,0,Normal,1,Severe
train,24124,2523,SA16,SA16:F07_SA16_R02.txt,1,Fall,1,1,1,Severe,0.1153846037385095,0,Normal,1,Severe
train,24125,2524,SA16,SA16:F07_SA16_R02.txt,1,Fall,1,1,1,Severe,0.07989869699981061,0,Normal,1,Severe
train,24137,2525,SA16,SA16:F07_SA16_R03.txt,1,Fall,1,1,1,Severe,0.13380431484685834,0,Normal,1,Severe
train,24138,2526,SA16,SA16:F07_SA16_R03.txt,1,Fall,1,1,1,Severe,0.1391455225158129,0,Normal,1,Severe
train,24139,2527,SA16,SA16:F07_SA16_R03.txt,1,Fall,1,1,1,Severe,0.12236351276310031,0,Normal,1,Severe
train,24140,2528,SA16,SA16:F07_SA16_R03.txt,1,Fall,1,1,1,Severe,0.07238092352448222,0,Normal,1,Severe
train,24152,2529,SA16,SA16:F07_SA16_R04.txt,1,Fall,1,1,1,Severe,0.09812807593962192,0,Normal,1,Severe
train,24153,2530,SA16,SA16:F07_SA16_R04.txt,1,Fall,1,1,1,Severe,0.1252913621542751,0,Normal,1,Severe
train,24154,2531,SA16,SA16:F07_SA16_R04.txt,1,Fall,1,1,1,Severe,0.1306795853225955,0,Normal,1,Severe
train,24155,2532,SA16,SA16:F07_SA16_R04.txt,1,Fall,1,1,1,Severe,0.10584323138123941,0,Normal,1,Severe
train,24167,2533,SA16,SA16:F07_SA16_R05.txt,1,Fall,1,1,1,Severe,0.09375702141026648,0,Normal,1,Severe
train,24168,2534,SA16,SA16:F07_SA16_R05.txt,1,Fall,1,1,1,Severe,0.1234252194138803,0,Normal,1,Severe
train,24169,2535,SA16,SA16:F07_SA16_R05.txt,1,Fall,1,1,1,Severe,0.12030041534120633,0,Normal,1,Severe
train,24170,2536,SA16,SA16:F07_SA16_R05.txt,1,Fall,1,1,1,Severe,0.09882084519352868,0,Normal,1,Severe
train,24182,2537,SA16,SA16:F08_SA16_R01.txt,1,Fall,1,1,1,Severe,0.11932298078528092,0,Normal,1,Severe
train,24183,2538,SA16,SA16:F08_SA16_R01.txt,1,Fall,1,1,1,Severe,0.12121807507637183,0,Normal,1,Severe
train,24184,2539,SA16,SA16:F08_SA16_R01.txt,1,Fall,1,1,1,Severe,0.11173395414891557,0,Normal,1,Severe
train,24185,2540,SA16,SA16:F08_SA16_R01.txt,1,Fall,1,1,1,Severe,0.08059316070740574,0,Normal,1,Severe
train,24198,2541,SA16,SA16:F08_SA16_R02.txt,1,Fall,1,1,1,Severe,0.122063215905312,0,Normal,1,Severe
train,24199,2542,SA16,SA16:F08_SA16_R02.txt,1,Fall,1,1,1,Severe,0.12308432174994155,0,Normal,1,Severe
train,24200,2543,SA16,SA16:F08_SA16_R02.txt,1,Fall,1,1,1,Severe,0.1273310124957665,0,Normal,1,Severe
train,24201,2544,SA16,SA16:F08_SA16_R02.txt,1,Fall,1,1,1,Severe,0.11107157337325907,0,Normal,1,Severe
train,24213,2545,SA16,SA16:F08_SA16_R03.txt,1,Fall,1,1,1,Severe,0.10301323974087573,0,Normal,1,Severe
train,24214,2546,SA16,SA16:F08_SA16_R03.txt,1,Fall,1,1,1,Severe,0.11273653795511623,0,Normal,1,Severe
train,24215,2547,SA16,SA16:F08_SA16_R03.txt,1,Fall,1,1,1,Severe,0.10557795431434003,0,Normal,1,Severe
train,24216,2548,SA16,SA16:F08_SA16_R03.txt,1,Fall,1,1,1,Severe,0.056520022526287406,0,Normal,1,Severe
train,24226,2549,SA16,SA16:F08_SA16_R04.txt,1,Fall,0,0,0,Mild,0.11365260872339217,0,Normal,0,Mild
train,24227,2550,SA16,SA16:F08_SA16_R04.txt,1,Fall,0,0,0,Mild,0.11826389214517097,0,Normal,0,Mild
train,24228,2551,SA16,SA16:F08_SA16_R04.txt,1,Fall,0,0,0,Mild,0.10391822785378269,0,Normal,0,Mild
train,24229,2552,SA16,SA16:F08_SA16_R04.txt,1,Fall,0,0,0,Mild,0.09446925370940401,0,Normal,0,Mild
train,24242,2553,SA16,SA16:F08_SA16_R05.txt,1,Fall,0,0,0,Mild,0.09461505219239053,0,Normal,0,Mild
train,24243,2554,SA16,SA16:F08_SA16_R05.txt,1,Fall,0,0,0,Mild,0.10600919942311382,0,Normal,0,Mild
train,24244,2555,SA16,SA16:F08_SA16_R05.txt,1,Fall,0,0,0,Mild,0.11849198351508339,0,Normal,0,Mild
train,24245,2556,SA16,SA16:F08_SA16_R05.txt,1,Fall,0,0,0,Mild,0.11089188669537858,0,Normal,0,Mild
train,24256,2557,SA16,SA16:F09_SA16_R01.txt,1,Fall,1,1,1,Severe,0.07657274469205166,0,Normal,1,Severe
train,24257,2558,SA16,SA16:F09_SA16_R01.txt,1,Fall,1,1,1,Severe,0.08614893871897067,0,Normal,1,Severe
train,24258,2559,SA16,SA16:F09_SA16_R01.txt,1,Fall,1,1,1,Severe,0.09786840503791777,0,Normal,1,Severe
train,24259,2560,SA16,SA16:F09_SA16_R01.txt,1,Fall,1,1,1,Severe,0.08869084535988309,0,Normal,1,Severe
train,24272,2561,SA16,SA16:F09_SA16_R02.txt,1,Fall,1,1,1,Severe,0.096269021512426,0,Normal,1,Severe
train,24273,2562,SA16,SA16:F09_SA16_R02.txt,1,Fall,1,1,1,Severe,0.10604578039984452,0,Normal,1,Severe
train,24274,2563,SA16,SA16:F09_SA16_R02.txt,1,Fall,1,1,1,Severe,0.11760034586249074,0,Normal,1,Severe
train,24275,2564,SA16,SA16:F09_SA16_R02.txt,1,Fall,1,1,1,Severe,0.10601248866883212,0,Normal,1,Severe
train,24288,2565,SA16,SA16:F09_SA16_R03.txt,1,Fall,1,1,1,Severe,0.08534084668822534,0,Normal,1,Severe
train,24289,2566,SA16,SA16:F09_SA16_R03.txt,1,Fall,1,1,1,Severe,0.0878305487219434,0,Normal,1,Severe
train,24290,2567,SA16,SA16:F09_SA16_R03.txt,1,Fall,1,1,1,Severe,0.11096991063429118,0,Normal,1,Severe
train,24291,2568,SA16,SA16:F09_SA16_R03.txt,1,Fall,1,1,1,Severe,0.10081763473932104,0,Normal,1,Severe
train,24305,2569,SA16,SA16:F09_SA16_R04.txt,1,Fall,1,1,1,Severe,0.08799687828176933,0,Normal,1,Severe
train,24306,2570,SA16,SA16:F09_SA16_R04.txt,1,Fall,1,1,1,Severe,0.11432975741402607,0,Normal,1,Severe
train,24307,2571,SA16,SA16:F09_SA16_R04.txt,1,Fall,1,1,1,Severe,0.10872854613267435,0,Normal,1,Severe
train,24308,2572,SA16,SA16:F09_SA16_R04.txt,1,Fall,1,1,1,Severe,0.10561082856546389,0,Normal,1,Severe
train,24319,2573,SA16,SA16:F09_SA16_R05.txt,1,Fall,1,1,1,Severe,0.10248789026056515,0,Normal,1,Severe
train,24320,2574,SA16,SA16:F09_SA16_R05.txt,1,Fall,1,1,1,Severe,0.10492860364461276,0,Normal,1,Severe
train,24321,2575,SA16,SA16:F09_SA16_R05.txt,1,Fall,1,1,1,Severe,0.09987891459210907,0,Normal,1,Severe
train,24322,2576,SA16,SA16:F09_SA16_R05.txt,1,Fall,1,1,1,Severe,0.05521034031543298,0,Normal,1,Severe
train,24329,2577,SA16,SA16:F10_SA16_R01.txt,1,Fall,1,1,1,Severe,0.11850823730510202,0,Normal,1,Severe
train,24330,2578,SA16,SA16:F10_SA16_R01.txt,1,Fall,1,1,1,Severe,0.11266375119337374,0,Normal,1,Severe
train,24331,2579,SA16,SA16:F10_SA16_R01.txt,1,Fall,1,1,1,Severe,0.09525905570210663,0,Normal,1,Severe
train,24332,2580,SA16,SA16:F10_SA16_R01.txt,1,Fall,1,1,1,Severe,0.023788273901501733,0,Normal,1,Severe
train,24344,2581,SA16,SA16:F10_SA16_R02.txt,1,Fall,0,0,0,Mild,0.1150608955384218,0,Normal,0,Mild
train,24345,2582,SA16,SA16:F10_SA16_R02.txt,1,Fall,0,0,0,Mild,0.11213245692034118,0,Normal,0,Mild
train,24346,2583,SA16,SA16:F10_SA16_R02.txt,1,Fall,0,0,0,Mild,0.10641740321676058,0,Normal,0,Mild
train,24347,2584,SA16,SA16:F10_SA16_R02.txt,1,Fall,0,0,0,Mild,0.02901437053546263,0,Normal,0,Mild
train,24358,2585,SA16,SA16:F10_SA16_R03.txt,1,Fall,0,0,0,Mild,0.08292947733990624,0,Normal,0,Mild
train,24359,2586,SA16,SA16:F10_SA16_R03.txt,1,Fall,1,1,1,Severe,0.0973980638113277,0,Normal,1,Severe
train,24360,2587,SA16,SA16:F10_SA16_R03.txt,1,Fall,1,1,1,Severe,0.08749763724197901,0,Normal,1,Severe
train,24361,2588,SA16,SA16:F10_SA16_R03.txt,1,Fall,1,1,1,Severe,0.07192878986078433,0,Normal,1,Severe
train,24372,2589,SA16,SA16:F10_SA16_R04.txt,1,Fall,1,1,1,Severe,0.07257187473791876,0,Normal,1,Severe
train,24373,2590,SA16,SA16:F10_SA16_R04.txt,1,Fall,1,1,1,Severe,0.08397575772567106,0,Normal,1,Severe
train,24374,2591,SA16,SA16:F10_SA16_R04.txt,1,Fall,1,1,1,Severe,0.0789165336379603,0,Normal,1,Severe
train,24375,2592,SA16,SA16:F10_SA16_R04.txt,1,Fall,1,1,1,Severe,0.076027012765646,0,Normal,1,Severe
train,24389,2593,SA16,SA16:F10_SA16_R05.txt,1,Fall,1,1,1,Severe,0.12347590202159692,0,Normal,1,Severe
train,24390,2594,SA16,SA16:F10_SA16_R05.txt,1,Fall,1,1,1,Severe,0.1257825086433133,0,Normal,1,Severe
train,24391,2595,SA16,SA16:F10_SA16_R05.txt,1,Fall,1,1,1,Severe,0.11933900681881454,0,Normal,1,Severe
train,24392,2596,SA16,SA16:F10_SA16_R05.txt,1,Fall,1,1,1,Severe,0.09080760343748123,0,Normal,1,Severe
train,24402,2597,SA16,SA16:F11_SA16_R01.txt,1,Fall,0,0,0,Mild,0.030250815885803917,0,Normal,0,Mild
train,24403,2598,SA16,SA16:F11_SA16_R01.txt,1,Fall,0,0,0,Mild,0.03805210711200879,0,Normal,0,Mild
train,24404,2599,SA16,SA16:F11_SA16_R01.txt,1,Fall,0,0,0,Mild,0.027081670151199444,0,Normal,0,Mild
train,24405,2600,SA16,SA16:F11_SA16_R01.txt,1,Fall,0,0,0,Mild,0.02050625181547483,0,Normal,0,Mild
train,24417,2601,SA16,SA16:F11_SA16_R02.txt,1,Fall,0,0,0,Mild,0.051771687093969454,0,Normal,0,Mild
train,24418,2602,SA16,SA16:F11_SA16_R02.txt,1,Fall,0,0,0,Mild,0.05345102693446263,0,Normal,0,Mild
train,24419,2603,SA16,SA16:F11_SA16_R02.txt,1,Fall,0,0,0,Mild,0.042817602404784716,0,Normal,0,Mild
train,24420,2604,SA16,SA16:F11_SA16_R02.txt,1,Fall,0,0,0,Mild,0.03706104165555396,0,Normal,0,Mild
train,24432,2605,SA16,SA16:F11_SA16_R03.txt,1,Fall,0,0,0,Mild,0.07500521399113269,0,Normal,0,Mild
train,24433,2606,SA16,SA16:F11_SA16_R03.txt,1,Fall,0,0,0,Mild,0.08373164485866225,0,Normal,0,Mild
train,24434,2607,SA16,SA16:F11_SA16_R03.txt,1,Fall,0,0,0,Mild,0.0767117862727022,0,Normal,0,Mild
train,24435,2608,SA16,SA16:F11_SA16_R03.txt,1,Fall,0,0,0,Mild,0.05676044092016397,0,Normal,0,Mild
train,24447,2609,SA16,SA16:F11_SA16_R04.txt,1,Fall,0,0,0,Mild,0.0662560748970189,0,Normal,0,Mild
train,24448,2610,SA16,SA16:F11_SA16_R04.txt,1,Fall,0,0,0,Mild,0.07740563147388507,0,Normal,0,Mild
train,24449,2611,SA16,SA16:F11_SA16_R04.txt,1,Fall,0,0,0,Mild,0.07403974803062013,0,Normal,0,Mild
train,24450,2612,SA16,SA16:F11_SA16_R04.txt,1,Fall,0,0,0,Mild,0.050504434391445197,0,Normal,0,Mild
train,24463,2613,SA16,SA16:F11_SA16_R05.txt,1,Fall,0,0,0,Mild,0.08141381990817409,0,Normal,0,Mild
train,24464,2614,SA16,SA16:F11_SA16_R05.txt,1,Fall,0,0,0,Mild,0.08239043252231609,0,Normal,0,Mild
train,24465,2615,SA16,SA16:F11_SA16_R05.txt,1,Fall,0,0,0,Mild,0.07021054499114754,0,Normal,0,Mild
train,24466,2616,SA16,SA16:F11_SA16_R05.txt,1,Fall,0,0,0,Mild,0.05333118407153892,0,Normal,0,Mild
train,24479,2617,SA16,SA16:F12_SA16_R01.txt,1,Fall,1,1,1,Severe,0.07239932839312418,0,Normal,1,Severe
train,24480,2618,SA16,SA16:F12_SA16_R01.txt,1,Fall,1,1,1,Severe,0.10241959433849618,0,Normal,1,Severe
train,24481,2619,SA16,SA16:F12_SA16_R01.txt,1,Fall,1,1,1,Severe,0.10435664252778898,0,Normal,1,Severe
train,24482,2620,SA16,SA16:F12_SA16_R01.txt,1,Fall,1,1,1,Severe,0.09852454995779253,0,Normal,1,Severe
train,24494,2621,SA16,SA16:F12_SA16_R02.txt,1,Fall,1,1,1,Severe,0.1019458932846049,0,Normal,1,Severe
train,24495,2622,SA16,SA16:F12_SA16_R02.txt,1,Fall,1,1,1,Severe,0.12045249414464582,0,Normal,1,Severe
train,24496,2623,SA16,SA16:F12_SA16_R02.txt,1,Fall,1,1,1,Severe,0.11948966604804279,0,Normal,1,Severe
train,24497,2624,SA16,SA16:F12_SA16_R02.txt,1,Fall,1,1,1,Severe,0.10518437348196613,0,Normal,1,Severe
train,24509,2625,SA16,SA16:F12_SA16_R03.txt,1,Fall,1,1,1,Severe,0.07342967706277609,0,Normal,1,Severe
train,24510,2626,SA16,SA16:F12_SA16_R03.txt,1,Fall,1,1,1,Severe,0.11599147181128977,0,Normal,1,Severe
train,24511,2627,SA16,SA16:F12_SA16_R03.txt,1,Fall,1,1,1,Severe,0.1165429415777699,0,Normal,1,Severe
train,24512,2628,SA16,SA16:F12_SA16_R03.txt,1,Fall,1,1,1,Severe,0.10943452374085055,0,Normal,1,Severe
train,24524,2629,SA16,SA16:F12_SA16_R04.txt,1,Fall,1,1,1,Severe,0.09020806734004139,0,Normal,1,Severe
train,24525,2630,SA16,SA16:F12_SA16_R04.txt,1,Fall,1,1,1,Severe,0.1002280039092241,0,Normal,1,Severe
train,24526,2631,SA16,SA16:F12_SA16_R04.txt,1,Fall,1,1,1,Severe,0.09710379028708754,0,Normal,1,Severe
train,24527,2632,SA16,SA16:F12_SA16_R04.txt,1,Fall,1,1,1,Severe,0.09220167492273595,0,Normal,1,Severe
train,24539,2633,SA16,SA16:F12_SA16_R05.txt,1,Fall,1,1,1,Severe,0.08921904504439193,0,Normal,1,Severe
train,24540,2634,SA16,SA16:F12_SA16_R05.txt,1,Fall,1,1,1,Severe,0.10007780604296196,0,Normal,1,Severe
train,24541,2635,SA16,SA16:F12_SA16_R05.txt,1,Fall,1,1,1,Severe,0.09542305855039313,0,Normal,1,Severe
train,24542,2636,SA16,SA16:F12_SA16_R05.txt,1,Fall,1,1,1,Severe,0.08407737323406211,0,Normal,1,Severe
train,24556,2637,SA16,SA16:F13_SA16_R01.txt,1,Fall,1,1,1,Severe,0.11065985897379249,0,Normal,1,Severe
train,24557,2638,SA16,SA16:F13_SA16_R01.txt,1,Fall,1,1,1,Severe,0.1162380519748587,0,Normal,1,Severe
train,24558,2639,SA16,SA16:F13_SA16_R01.txt,1,Fall,1,1,1,Severe,0.11699530395092222,0,Normal,1,Severe
train,24559,2640,SA16,SA16:F13_SA16_R01.txt,1,Fall,1,1,1,Severe,0.10128717270002219,0,Normal,1,Severe
train,24572,2641,SA16,SA16:F13_SA16_R02.txt,1,Fall,1,1,1,Severe,0.11886845366574333,0,Normal,1,Severe
train,24573,2642,SA16,SA16:F13_SA16_R02.txt,1,Fall,1,1,1,Severe,0.12075997851152664,0,Normal,1,Severe
train,24574,2643,SA16,SA16:F13_SA16_R02.txt,1,Fall,1,1,1,Severe,0.11650136066561861,0,Normal,1,Severe
train,24575,2644,SA16,SA16:F13_SA16_R02.txt,1,Fall,1,1,1,Severe,0.06109920570267141,0,Normal,1,Severe
train,24588,2645,SA16,SA16:F13_SA16_R03.txt,1,Fall,1,1,1,Severe,0.12650373321199654,0,Normal,1,Severe
train,24589,2646,SA16,SA16:F13_SA16_R03.txt,1,Fall,1,1,1,Severe,0.12275966914815717,0,Normal,1,Severe
train,24590,2647,SA16,SA16:F13_SA16_R03.txt,1,Fall,1,1,1,Severe,0.12143720012796339,0,Normal,1,Severe
train,24591,2648,SA16,SA16:F13_SA16_R03.txt,1,Fall,1,1,1,Severe,0.039320398268741785,0,Normal,1,Severe
train,24601,2649,SA16,SA16:F13_SA16_R04.txt,1,Fall,1,1,1,Severe,0.103156200784209,0,Normal,1,Severe
train,24602,2650,SA16,SA16:F13_SA16_R04.txt,1,Fall,1,1,1,Severe,0.10198354818195782,0,Normal,1,Severe
train,24603,2651,SA16,SA16:F13_SA16_R04.txt,1,Fall,1,1,1,Severe,0.10068254527104203,0,Normal,1,Severe
train,24604,2652,SA16,SA16:F13_SA16_R04.txt,1,Fall,1,1,1,Severe,0.0629899610584122,0,Normal,1,Severe
train,24618,2653,SA16,SA16:F13_SA16_R05.txt,1,Fall,1,1,1,Severe,0.114291907662186,0,Normal,1,Severe
train,24619,2654,SA16,SA16:F13_SA16_R05.txt,1,Fall,1,1,1,Severe,0.10968672005999058,0,Normal,1,Severe
train,24620,2655,SA16,SA16:F13_SA16_R05.txt,1,Fall,1,1,1,Severe,0.10632393568053755,0,Normal,1,Severe
train,24621,2656,SA16,SA16:F13_SA16_R05.txt,1,Fall,1,1,1,Severe,0.07933505963457799,0,Normal,1,Severe
train,24632,2657,SA16,SA16:F14_SA16_R01.txt,1,Fall,0,0,0,Mild,0.05351832149304481,0,Normal,0,Mild
train,24633,2658,SA16,SA16:F14_SA16_R01.txt,1,Fall,0,0,0,Mild,0.051515583952515875,0,Normal,0,Mild
train,24634,2659,SA16,SA16:F14_SA16_R01.txt,1,Fall,0,0,0,Mild,0.03971313215742739,0,Normal,0,Mild
train,24635,2660,SA16,SA16:F14_SA16_R01.txt,1,Fall,0,0,0,Mild,0.0034069703650210226,0,Normal,0,Mild
train,24650,2661,SA16,SA16:F14_SA16_R02.txt,1,Fall,0,0,0,Mild,0.060803200078624775,0,Normal,0,Mild
train,24651,2662,SA16,SA16:F14_SA16_R02.txt,1,Fall,0,0,0,Mild,0.05527237356020248,0,Normal,0,Mild
train,24652,2663,SA16,SA16:F14_SA16_R02.txt,1,Fall,0,0,0,Mild,0.045572991158532083,0,Normal,0,Mild
train,24653,2664,SA16,SA16:F14_SA16_R02.txt,1,Fall,0,0,0,Mild,0.031807755480574684,0,Normal,0,Mild
train,24663,2665,SA16,SA16:F14_SA16_R03.txt,1,Fall,0,0,0,Mild,0.03158559512740888,0,Normal,0,Mild
train,24664,2666,SA16,SA16:F14_SA16_R03.txt,1,Fall,0,0,0,Mild,0.0520265693636639,0,Normal,0,Mild
train,24665,2667,SA16,SA16:F14_SA16_R03.txt,1,Fall,0,0,0,Mild,0.059856419560278484,0,Normal,0,Mild
train,24666,2668,SA16,SA16:F14_SA16_R03.txt,1,Fall,0,0,0,Mild,0.05240243865246824,0,Normal,0,Mild
train,24679,2669,SA16,SA16:F14_SA16_R04.txt,1,Fall,0,0,0,Mild,0.07002691799437394,0,Normal,0,Mild
train,24680,2670,SA16,SA16:F14_SA16_R04.txt,1,Fall,0,0,0,Mild,0.07336423317062796,0,Normal,0,Mild
train,24681,2671,SA16,SA16:F14_SA16_R04.txt,1,Fall,0,0,0,Mild,0.06787373960978832,0,Normal,0,Mild
train,24682,2672,SA16,SA16:F14_SA16_R04.txt,1,Fall,0,0,0,Mild,0.06066122187391254,0,Normal,0,Mild
train,24692,2673,SA16,SA16:F14_SA16_R05.txt,1,Fall,0,0,0,Mild,0.07674817307016552,0,Normal,0,Mild
train,24693,2674,SA16,SA16:F14_SA16_R05.txt,1,Fall,0,0,0,Mild,0.0778306928167537,0,Normal,0,Mild
train,24694,2675,SA16,SA16:F14_SA16_R05.txt,1,Fall,0,0,0,Mild,0.07397298794828716,0,Normal,0,Mild
train,24695,2676,SA16,SA16:F14_SA16_R05.txt,1,Fall,0,0,0,Mild,0.04278383955847326,0,Normal,0,Mild
train,24706,2677,SA16,SA16:F15_SA16_R01.txt,1,Fall,1,1,1,Severe,0.12390417214388261,0,Normal,1,Severe
train,24707,2678,SA16,SA16:F15_SA16_R01.txt,1,Fall,1,1,1,Severe,0.12935492453444392,0,Normal,1,Severe
train,24708,2679,SA16,SA16:F15_SA16_R01.txt,1,Fall,1,1,1,Severe,0.11099986125263761,0,Normal,1,Severe
train,24709,2680,SA16,SA16:F15_SA16_R01.txt,1,Fall,1,1,1,Severe,0.07179159276414276,0,Normal,1,Severe
train,24724,2681,SA16,SA16:F15_SA16_R02.txt,1,Fall,1,1,1,Severe,0.11584419741981711,0,Normal,1,Severe
train,24725,2682,SA16,SA16:F15_SA16_R02.txt,1,Fall,1,1,1,Severe,0.12076448423644753,0,Normal,1,Severe
train,24726,2683,SA16,SA16:F15_SA16_R02.txt,1,Fall,1,1,1,Severe,0.09581869200099247,0,Normal,1,Severe
train,24727,2684,SA16,SA16:F15_SA16_R02.txt,1,Fall,1,1,1,Severe,0.05819033776070004,0,Normal,1,Severe
train,24738,2685,SA16,SA16:F15_SA16_R03.txt,1,Fall,1,1,1,Severe,0.11340260987957518,0,Normal,1,Severe
train,24739,2686,SA16,SA16:F15_SA16_R03.txt,1,Fall,1,1,1,Severe,0.10673618993856648,0,Normal,1,Severe
train,24740,2687,SA16,SA16:F15_SA16_R03.txt,1,Fall,1,1,1,Severe,0.08902297735341647,0,Normal,1,Severe
train,24741,2688,SA16,SA16:F15_SA16_R03.txt,1,Fall,0,0,0,Mild,0.0009261171503123222,0,Normal,0,Mild
train,24751,2689,SA16,SA16:F15_SA16_R04.txt,1,Fall,1,1,1,Severe,0.06935428829578721,0,Normal,1,Severe
train,24752,2690,SA16,SA16:F15_SA16_R04.txt,1,Fall,1,1,1,Severe,0.08110594167010665,0,Normal,1,Severe
train,24753,2691,SA16,SA16:F15_SA16_R04.txt,1,Fall,1,1,1,Severe,0.085668091933985,0,Normal,1,Severe
train,24754,2692,SA16,SA16:F15_SA16_R04.txt,1,Fall,1,1,1,Severe,0.08085178302279017,0,Normal,1,Severe
train,24765,2693,SA16,SA16:F15_SA16_R05.txt,1,Fall,1,1,1,Severe,0.060220449051701985,0,Normal,1,Severe
train,24766,2694,SA16,SA16:F15_SA16_R05.txt,1,Fall,1,1,1,Severe,0.07316205583339913,0,Normal,1,Severe
train,24767,2695,SA16,SA16:F15_SA16_R05.txt,1,Fall,1,1,1,Severe,0.07736903886683094,0,Normal,1,Severe
train,24768,2696,SA16,SA16:F15_SA16_R05.txt,1,Fall,1,1,1,Severe,0.0728498777859104,0,Normal,1,Severe
train,26383,2697,SA17,SA17:F01_SA17_R01.txt,1,Fall,1,1,1,Severe,0.10007038940769142,0,Normal,1,Severe
train,26384,2698,SA17,SA17:F01_SA17_R01.txt,1,Fall,1,1,1,Severe,0.10488741687032765,0,Normal,1,Severe
train,26385,2699,SA17,SA17:F01_SA17_R01.txt,1,Fall,1,1,1,Severe,0.0943105030235512,0,Normal,1,Severe
train,26386,2700,SA17,SA17:F01_SA17_R01.txt,1,Fall,1,1,1,Severe,0.042952451223570776,0,Normal,1,Severe
train,26397,2701,SA17,SA17:F01_SA17_R02.txt,1,Fall,1,1,1,Severe,0.09591755641397859,0,Normal,1,Severe
train,26398,2702,SA17,SA17:F01_SA17_R02.txt,1,Fall,1,1,1,Severe,0.09686985308371582,0,Normal,1,Severe
train,26399,2703,SA17,SA17:F01_SA17_R02.txt,1,Fall,1,1,1,Severe,0.09939468828401071,0,Normal,1,Severe
train,26400,2704,SA17,SA17:F01_SA17_R02.txt,1,Fall,1,1,1,Severe,0.08647663354647722,0,Normal,1,Severe
train,26413,2705,SA17,SA17:F01_SA17_R03.txt,1,Fall,1,1,1,Severe,0.12671797779821597,0,Normal,1,Severe
train,26414,2706,SA17,SA17:F01_SA17_R03.txt,1,Fall,1,1,1,Severe,0.12975573314952976,0,Normal,1,Severe
train,26415,2707,SA17,SA17:F01_SA17_R03.txt,1,Fall,1,1,1,Severe,0.11817958273837614,0,Normal,1,Severe
train,26416,2708,SA17,SA17:F01_SA17_R03.txt,1,Fall,1,1,1,Severe,0.07864327688010941,0,Normal,1,Severe
train,26428,2709,SA17,SA17:F01_SA17_R04.txt,1,Fall,1,1,1,Severe,0.10658772925617377,0,Normal,1,Severe
train,26429,2710,SA17,SA17:F01_SA17_R04.txt,1,Fall,1,1,1,Severe,0.10638657265199647,0,Normal,1,Severe
train,26430,2711,SA17,SA17:F01_SA17_R04.txt,1,Fall,1,1,1,Severe,0.09507496257738068,0,Normal,1,Severe
train,26431,2712,SA17,SA17:F01_SA17_R04.txt,1,Fall,1,1,1,Severe,0.06805666265530225,0,Normal,1,Severe
train,26442,2713,SA17,SA17:F01_SA17_R05.txt,1,Fall,0,0,0,Mild,0.10978167903329716,0,Normal,0,Mild
train,26443,2714,SA17,SA17:F01_SA17_R05.txt,1,Fall,0,0,0,Mild,0.11279045434253765,0,Normal,0,Mild
train,26444,2715,SA17,SA17:F01_SA17_R05.txt,1,Fall,0,0,0,Mild,0.11934399386354477,0,Normal,0,Mild
train,26445,2716,SA17,SA17:F01_SA17_R05.txt,1,Fall,0,0,0,Mild,0.10060208543343768,0,Normal,0,Mild
train,26460,2717,SA17,SA17:F02_SA17_R01.txt,1,Fall,0,0,0,Mild,0.1104663711273845,0,Normal,0,Mild
train,26461,2718,SA17,SA17:F02_SA17_R01.txt,1,Fall,0,0,0,Mild,0.1138330058687711,0,Normal,0,Mild
train,26462,2719,SA17,SA17:F02_SA17_R01.txt,1,Fall,0,0,0,Mild,0.10726420114395069,0,Normal,0,Mild
train,26463,2720,SA17,SA17:F02_SA17_R01.txt,1,Fall,0,0,0,Mild,0.06334215819129196,0,Normal,0,Mild
train,26474,2721,SA17,SA17:F02_SA17_R02.txt,1,Fall,0,0,0,Mild,0.09779082032504416,0,Normal,0,Mild
train,26475,2722,SA17,SA17:F02_SA17_R02.txt,1,Fall,0,0,0,Mild,0.09834515544517641,0,Normal,0,Mild
train,26476,2723,SA17,SA17:F02_SA17_R02.txt,1,Fall,0,0,0,Mild,0.09366731483814345,0,Normal,0,Mild
train,26477,2724,SA17,SA17:F02_SA17_R02.txt,1,Fall,0,0,0,Mild,0.045651518733260954,0,Normal,0,Mild
train,26488,2725,SA17,SA17:F02_SA17_R03.txt,1,Fall,0,0,0,Mild,0.09888329448349009,0,Normal,0,Mild
train,26489,2726,SA17,SA17:F02_SA17_R03.txt,1,Fall,0,0,0,Mild,0.11646231281909503,0,Normal,0,Mild
train,26490,2727,SA17,SA17:F02_SA17_R03.txt,1,Fall,0,0,0,Mild,0.11788514744930018,0,Normal,0,Mild
train,26491,2728,SA17,SA17:F02_SA17_R03.txt,1,Fall,0,0,0,Mild,0.11071277592034529,0,Normal,0,Mild
train,26502,2729,SA17,SA17:F02_SA17_R04.txt,1,Fall,1,1,1,Severe,0.10232584491381225,0,Normal,1,Severe
train,26503,2730,SA17,SA17:F02_SA17_R04.txt,1,Fall,1,1,1,Severe,0.11363545057905683,0,Normal,1,Severe
train,26504,2731,SA17,SA17:F02_SA17_R04.txt,1,Fall,1,1,1,Severe,0.11204346724736952,0,Normal,1,Severe
train,26505,2732,SA17,SA17:F02_SA17_R04.txt,1,Fall,1,1,1,Severe,0.10775254553143648,0,Normal,1,Severe
train,26517,2733,SA17,SA17:F02_SA17_R05.txt,1,Fall,1,1,1,Severe,0.10114953832198859,0,Normal,1,Severe
train,26518,2734,SA17,SA17:F02_SA17_R05.txt,1,Fall,1,1,1,Severe,0.1089326029405569,0,Normal,1,Severe
train,26519,2735,SA17,SA17:F02_SA17_R05.txt,1,Fall,1,1,1,Severe,0.10905420538043531,0,Normal,1,Severe
train,26520,2736,SA17,SA17:F02_SA17_R05.txt,1,Fall,1,1,1,Severe,0.09812634592559416,0,Normal,1,Severe
train,26532,2737,SA17,SA17:F03_SA17_R01.txt,1,Fall,1,1,1,Severe,-0.01010454308315012,1,Anomalous,-1,Non-applicable
train,26533,2738,SA17,SA17:F03_SA17_R01.txt,1,Fall,1,1,1,Severe,0.010528176654763799,0,Normal,1,Severe
train,26534,2739,SA17,SA17:F03_SA17_R01.txt,1,Fall,1,1,1,Severe,0.01440947277864113,0,Normal,1,Severe
train,26535,2740,SA17,SA17:F03_SA17_R01.txt,1,Fall,1,1,1,Severe,0.012165277208624037,0,Normal,1,Severe
train,26549,2741,SA17,SA17:F03_SA17_R02.txt,1,Fall,1,1,1,Severe,0.029021486302139743,0,Normal,1,Severe
train,26550,2742,SA17,SA17:F03_SA17_R02.txt,1,Fall,1,1,1,Severe,0.04201266268176895,0,Normal,1,Severe
train,26551,2743,SA17,SA17:F03_SA17_R02.txt,1,Fall,1,1,1,Severe,0.04195480574747251,0,Normal,1,Severe
train,26552,2744,SA17,SA17:F03_SA17_R02.txt,1,Fall,1,1,1,Severe,0.03875470990800611,0,Normal,1,Severe
train,26565,2745,SA17,SA17:F03_SA17_R03.txt,1,Fall,1,1,1,Severe,0.06348027902257608,0,Normal,1,Severe
train,26566,2746,SA17,SA17:F03_SA17_R03.txt,1,Fall,1,1,1,Severe,0.07823239042885777,0,Normal,1,Severe
train,26567,2747,SA17,SA17:F03_SA17_R03.txt,1,Fall,1,1,1,Severe,0.08498366216303466,0,Normal,1,Severe
train,26568,2748,SA17,SA17:F03_SA17_R03.txt,1,Fall,1,1,1,Severe,0.07284726028410149,0,Normal,1,Severe
train,26579,2749,SA17,SA17:F03_SA17_R04.txt,1,Fall,1,1,1,Severe,0.05871825339042708,0,Normal,1,Severe
train,26580,2750,SA17,SA17:F03_SA17_R04.txt,1,Fall,1,1,1,Severe,0.06270385976702231,0,Normal,1,Severe
train,26581,2751,SA17,SA17:F03_SA17_R04.txt,1,Fall,1,1,1,Severe,0.06788710308164747,0,Normal,1,Severe
train,26582,2752,SA17,SA17:F03_SA17_R04.txt,1,Fall,1,1,1,Severe,0.06345337340933477,0,Normal,1,Severe
train,26597,2753,SA17,SA17:F03_SA17_R05.txt,1,Fall,1,1,1,Severe,0.06792923943539236,0,Normal,1,Severe
train,26598,2754,SA17,SA17:F03_SA17_R05.txt,1,Fall,1,1,1,Severe,0.0731182350620524,0,Normal,1,Severe
train,26599,2755,SA17,SA17:F03_SA17_R05.txt,1,Fall,1,1,1,Severe,0.06860647238979045,0,Normal,1,Severe
train,26600,2756,SA17,SA17:F03_SA17_R05.txt,1,Fall,1,1,1,Severe,0.041234222595261494,0,Normal,1,Severe
train,26606,2757,SA17,SA17:F04_SA17_R01.txt,1,Fall,1,1,1,Severe,0.09723590473182903,0,Normal,1,Severe
train,26607,2758,SA17,SA17:F04_SA17_R01.txt,1,Fall,1,1,1,Severe,0.09979212265085796,0,Normal,1,Severe
train,26608,2759,SA17,SA17:F04_SA17_R01.txt,1,Fall,1,1,1,Severe,0.104427353212592,0,Normal,1,Severe
train,26609,2760,SA17,SA17:F04_SA17_R01.txt,1,Fall,1,1,1,Severe,0.05502064701447795,0,Normal,1,Severe
train,26621,2761,SA17,SA17:F04_SA17_R02.txt,1,Fall,1,1,1,Severe,0.09879147749249534,0,Normal,1,Severe
train,26622,2762,SA17,SA17:F04_SA17_R02.txt,1,Fall,1,1,1,Severe,0.10731264669231205,0,Normal,1,Severe
train,26623,2763,SA17,SA17:F04_SA17_R02.txt,1,Fall,1,1,1,Severe,0.111887347970343,0,Normal,1,Severe
train,26624,2764,SA17,SA17:F04_SA17_R02.txt,1,Fall,1,1,1,Severe,0.10368542222582255,0,Normal,1,Severe
train,26637,2765,SA17,SA17:F04_SA17_R03.txt,1,Fall,1,1,1,Severe,0.10787848354451612,0,Normal,1,Severe
train,26638,2766,SA17,SA17:F04_SA17_R03.txt,1,Fall,1,1,1,Severe,0.11010715079328537,0,Normal,1,Severe
train,26639,2767,SA17,SA17:F04_SA17_R03.txt,1,Fall,1,1,1,Severe,0.11133204893383053,0,Normal,1,Severe
train,26640,2768,SA17,SA17:F04_SA17_R03.txt,1,Fall,1,1,1,Severe,0.07889967703617817,0,Normal,1,Severe
train,26652,2769,SA17,SA17:F04_SA17_R04.txt,1,Fall,0,0,0,Mild,0.10987710857628119,0,Normal,0,Mild
train,26653,2770,SA17,SA17:F04_SA17_R04.txt,1,Fall,0,0,0,Mild,0.11508460203276377,0,Normal,0,Mild
train,26654,2771,SA17,SA17:F04_SA17_R04.txt,1,Fall,0,0,0,Mild,0.11888919952398491,0,Normal,0,Mild
train,26655,2772,SA17,SA17:F04_SA17_R04.txt,1,Fall,0,0,0,Mild,0.10679801639752318,0,Normal,0,Mild
train,26666,2773,SA17,SA17:F04_SA17_R05.txt,1,Fall,1,1,1,Severe,0.10594993735069247,0,Normal,1,Severe
train,26667,2774,SA17,SA17:F04_SA17_R05.txt,1,Fall,1,1,1,Severe,0.11527645072557952,0,Normal,1,Severe
train,26668,2775,SA17,SA17:F04_SA17_R05.txt,1,Fall,1,1,1,Severe,0.11483011617044692,0,Normal,1,Severe
train,26669,2776,SA17,SA17:F04_SA17_R05.txt,1,Fall,1,1,1,Severe,0.10474354814159836,0,Normal,1,Severe
train,26680,2777,SA17,SA17:F05_SA17_R01.txt,1,Fall,1,1,1,Severe,0.06786018151277773,0,Normal,1,Severe
train,26681,2778,SA17,SA17:F05_SA17_R01.txt,1,Fall,1,1,1,Severe,0.08291735201233391,0,Normal,1,Severe
train,26682,2779,SA17,SA17:F05_SA17_R01.txt,1,Fall,1,1,1,Severe,0.0861060563223715,0,Normal,1,Severe
train,26683,2780,SA17,SA17:F05_SA17_R01.txt,1,Fall,1,1,1,Severe,0.0666751373051439,0,Normal,1,Severe
train,26694,2781,SA17,SA17:F05_SA17_R02.txt,1,Fall,1,1,1,Severe,0.07076658958834237,0,Normal,1,Severe
train,26695,2782,SA17,SA17:F05_SA17_R02.txt,1,Fall,1,1,1,Severe,0.04987693100589363,0,Normal,1,Severe
train,26696,2783,SA17,SA17:F05_SA17_R02.txt,1,Fall,1,1,1,Severe,0.06544526373658927,0,Normal,1,Severe
train,26697,2784,SA17,SA17:F05_SA17_R02.txt,1,Fall,1,1,1,Severe,0.0697754146845011,0,Normal,1,Severe
train,26710,2785,SA17,SA17:F05_SA17_R03.txt,1,Fall,1,1,1,Severe,0.09611208958586848,0,Normal,1,Severe
train,26711,2786,SA17,SA17:F05_SA17_R03.txt,1,Fall,1,1,1,Severe,0.0963231388444854,0,Normal,1,Severe
train,26712,2787,SA17,SA17:F05_SA17_R03.txt,1,Fall,1,1,1,Severe,0.09995858179269707,0,Normal,1,Severe
train,26713,2788,SA17,SA17:F05_SA17_R03.txt,1,Fall,1,1,1,Severe,0.08568957975800506,0,Normal,1,Severe
train,26725,2789,SA17,SA17:F05_SA17_R04.txt,1,Fall,1,1,1,Severe,0.07626110504563377,0,Normal,1,Severe
train,26726,2790,SA17,SA17:F05_SA17_R04.txt,1,Fall,1,1,1,Severe,0.08337882343871073,0,Normal,1,Severe
train,26727,2791,SA17,SA17:F05_SA17_R04.txt,1,Fall,1,1,1,Severe,0.0859957516556828,0,Normal,1,Severe
train,26728,2792,SA17,SA17:F05_SA17_R04.txt,1,Fall,1,1,1,Severe,0.07776102729430057,0,Normal,1,Severe
train,26740,2793,SA17,SA17:F05_SA17_R05.txt,1,Fall,1,1,1,Severe,0.06938912233007988,0,Normal,1,Severe
train,26741,2794,SA17,SA17:F05_SA17_R05.txt,1,Fall,1,1,1,Severe,0.07411075240468468,0,Normal,1,Severe
train,26742,2795,SA17,SA17:F05_SA17_R05.txt,1,Fall,1,1,1,Severe,0.07243497609341149,0,Normal,1,Severe
train,26743,2796,SA17,SA17:F05_SA17_R05.txt,1,Fall,1,1,1,Severe,0.04784501477965919,0,Normal,1,Severe
train,26758,2797,SA17,SA17:F06_SA17_R01.txt,1,Fall,1,1,1,Severe,0.10553757920906665,0,Normal,1,Severe
train,26759,2798,SA17,SA17:F06_SA17_R01.txt,1,Fall,1,1,1,Severe,0.10756373778438305,0,Normal,1,Severe
train,26760,2799,SA17,SA17:F06_SA17_R01.txt,1,Fall,1,1,1,Severe,0.11219570710551557,0,Normal,1,Severe
train,26761,2800,SA17,SA17:F06_SA17_R01.txt,1,Fall,1,1,1,Severe,0.07782354214661169,0,Normal,1,Severe
train,26774,2801,SA17,SA17:F06_SA17_R02.txt,1,Fall,0,0,0,Mild,0.08973846210136527,0,Normal,0,Mild
train,26775,2802,SA17,SA17:F06_SA17_R02.txt,1,Fall,0,0,0,Mild,0.10795939249406722,0,Normal,0,Mild
train,26776,2803,SA17,SA17:F06_SA17_R02.txt,1,Fall,0,0,0,Mild,0.1097918462973892,0,Normal,0,Mild
train,26777,2804,SA17,SA17:F06_SA17_R02.txt,1,Fall,0,0,0,Mild,0.10291779250581129,0,Normal,0,Mild
train,26787,2805,SA17,SA17:F06_SA17_R03.txt,1,Fall,0,0,0,Mild,0.08416984172678554,0,Normal,0,Mild
train,26788,2806,SA17,SA17:F06_SA17_R03.txt,1,Fall,0,0,0,Mild,0.10084097045644219,0,Normal,0,Mild
train,26789,2807,SA17,SA17:F06_SA17_R03.txt,1,Fall,0,0,0,Mild,0.10437624273658658,0,Normal,0,Mild
train,26790,2808,SA17,SA17:F06_SA17_R03.txt,1,Fall,0,0,0,Mild,0.09238283872362962,0,Normal,0,Mild
train,26802,2809,SA17,SA17:F06_SA17_R04.txt,1,Fall,1,1,1,Severe,0.050516146949410756,0,Normal,1,Severe
train,26803,2810,SA17,SA17:F06_SA17_R04.txt,1,Fall,1,1,1,Severe,0.08900549844967948,0,Normal,1,Severe
train,26804,2811,SA17,SA17:F06_SA17_R04.txt,1,Fall,1,1,1,Severe,0.0924245295578296,0,Normal,1,Severe
train,26805,2812,SA17,SA17:F06_SA17_R04.txt,1,Fall,1,1,1,Severe,0.08888494171098488,0,Normal,1,Severe
train,26818,2813,SA17,SA17:F06_SA17_R05.txt,1,Fall,1,1,1,Severe,0.0891869981960382,0,Normal,1,Severe
train,26819,2814,SA17,SA17:F06_SA17_R05.txt,1,Fall,1,1,1,Severe,0.09940049023689801,0,Normal,1,Severe
train,26820,2815,SA17,SA17:F06_SA17_R05.txt,1,Fall,1,1,1,Severe,0.09453767423605408,0,Normal,1,Severe
train,26821,2816,SA17,SA17:F06_SA17_R05.txt,1,Fall,1,1,1,Severe,0.087027739395454,0,Normal,1,Severe
train,26832,2817,SA17,SA17:F07_SA17_R01.txt,1,Fall,1,1,1,Severe,0.10289116053617348,0,Normal,1,Severe
train,26833,2818,SA17,SA17:F07_SA17_R01.txt,1,Fall,1,1,1,Severe,0.1131835181246601,0,Normal,1,Severe
train,26834,2819,SA17,SA17:F07_SA17_R01.txt,1,Fall,1,1,1,Severe,0.11051489756866106,0,Normal,1,Severe
train,26835,2820,SA17,SA17:F07_SA17_R01.txt,1,Fall,1,1,1,Severe,0.08647342596417651,0,Normal,1,Severe
train,26847,2821,SA17,SA17:F07_SA17_R02.txt,1,Fall,1,1,1,Severe,0.08162428774357705,0,Normal,1,Severe
train,26848,2822,SA17,SA17:F07_SA17_R02.txt,1,Fall,1,1,1,Severe,0.11837541805587154,0,Normal,1,Severe
train,26849,2823,SA17,SA17:F07_SA17_R02.txt,1,Fall,1,1,1,Severe,0.12716503456196893,0,Normal,1,Severe
train,26850,2824,SA17,SA17:F07_SA17_R02.txt,1,Fall,1,1,1,Severe,0.11590909265205412,0,Normal,1,Severe
train,26862,2825,SA17,SA17:F07_SA17_R03.txt,1,Fall,1,1,1,Severe,0.1075592135528568,0,Normal,1,Severe
train,26863,2826,SA17,SA17:F07_SA17_R03.txt,1,Fall,1,1,1,Severe,0.12001591792796606,0,Normal,1,Severe
train,26864,2827,SA17,SA17:F07_SA17_R03.txt,1,Fall,1,1,1,Severe,0.12089131591820185,0,Normal,1,Severe
train,26865,2828,SA17,SA17:F07_SA17_R03.txt,1,Fall,1,1,1,Severe,0.0939309262459761,0,Normal,1,Severe
train,26877,2829,SA17,SA17:F07_SA17_R04.txt,1,Fall,1,1,1,Severe,0.11665607825156382,0,Normal,1,Severe
train,26878,2830,SA17,SA17:F07_SA17_R04.txt,1,Fall,1,1,1,Severe,0.12485330703529923,0,Normal,1,Severe
train,26879,2831,SA17,SA17:F07_SA17_R04.txt,1,Fall,1,1,1,Severe,0.12225592280332531,0,Normal,1,Severe
train,26880,2832,SA17,SA17:F07_SA17_R04.txt,1,Fall,1,1,1,Severe,0.10344275877121695,0,Normal,1,Severe
train,26893,2833,SA17,SA17:F07_SA17_R05.txt,1,Fall,1,1,1,Severe,0.11257593856439913,0,Normal,1,Severe
train,26894,2834,SA17,SA17:F07_SA17_R05.txt,1,Fall,1,1,1,Severe,0.12151645288137952,0,Normal,1,Severe
train,26895,2835,SA17,SA17:F07_SA17_R05.txt,1,Fall,1,1,1,Severe,0.10359137709271626,0,Normal,1,Severe
train,26896,2836,SA17,SA17:F07_SA17_R05.txt,1,Fall,1,1,1,Severe,0.07802155139152545,0,Normal,1,Severe
train,26908,2837,SA17,SA17:F08_SA17_R01.txt,1,Fall,1,1,1,Severe,0.11656726343672574,0,Normal,1,Severe
train,26909,2838,SA17,SA17:F08_SA17_R01.txt,1,Fall,1,1,1,Severe,0.10895924330141882,0,Normal,1,Severe
train,26910,2839,SA17,SA17:F08_SA17_R01.txt,1,Fall,1,1,1,Severe,0.10351391272094329,0,Normal,1,Severe
train,26911,2840,SA17,SA17:F08_SA17_R01.txt,1,Fall,1,1,1,Severe,0.06036590757330401,0,Normal,1,Severe
train,26923,2841,SA17,SA17:F08_SA17_R02.txt,1,Fall,1,1,1,Severe,0.0714706274988054,0,Normal,1,Severe
train,26924,2842,SA17,SA17:F08_SA17_R02.txt,1,Fall,1,1,1,Severe,0.06255035572955153,0,Normal,1,Severe
train,26925,2843,SA17,SA17:F08_SA17_R02.txt,1,Fall,1,1,1,Severe,0.06032247207692781,0,Normal,1,Severe
train,26926,2844,SA17,SA17:F08_SA17_R02.txt,1,Fall,1,1,1,Severe,0.04486991268748575,0,Normal,1,Severe
train,26938,2845,SA17,SA17:F08_SA17_R03.txt,1,Fall,1,1,1,Severe,0.011142481607143373,0,Normal,1,Severe
train,26939,2846,SA17,SA17:F08_SA17_R03.txt,1,Fall,1,1,1,Severe,0.0025199330782466056,0,Normal,1,Severe
train,26940,2847,SA17,SA17:F08_SA17_R03.txt,1,Fall,1,1,1,Severe,-0.0054892815810551054,1,Anomalous,-1,Non-applicable
train,26941,2848,SA17,SA17:F08_SA17_R03.txt,1,Fall,1,1,1,Severe,-0.013143036348007953,1,Anomalous,-1,Non-applicable
train,26952,2849,SA17,SA17:F08_SA17_R04.txt,1,Fall,1,1,1,Severe,0.09119067041401002,0,Normal,1,Severe
train,26953,2850,SA17,SA17:F08_SA17_R04.txt,1,Fall,1,1,1,Severe,0.07431303495488811,0,Normal,1,Severe
train,26954,2851,SA17,SA17:F08_SA17_R04.txt,1,Fall,1,1,1,Severe,0.06870291969076675,0,Normal,1,Severe
train,26955,2852,SA17,SA17:F08_SA17_R04.txt,1,Fall,1,1,1,Severe,0.05066619160340691,0,Normal,1,Severe
train,26967,2853,SA17,SA17:F08_SA17_R05.txt,1,Fall,0,0,0,Mild,0.07604995175365759,0,Normal,0,Mild
train,26968,2854,SA17,SA17:F08_SA17_R05.txt,1,Fall,1,1,1,Severe,0.06398428784292665,0,Normal,1,Severe
train,26969,2855,SA17,SA17:F08_SA17_R05.txt,1,Fall,1,1,1,Severe,0.05531219484704791,0,Normal,1,Severe
train,26970,2856,SA17,SA17:F08_SA17_R05.txt,1,Fall,1,1,1,Severe,0.04767175768676779,0,Normal,1,Severe
train,26981,2857,SA17,SA17:F09_SA17_R01.txt,1,Fall,1,1,1,Severe,0.09637439411730986,0,Normal,1,Severe
train,26982,2858,SA17,SA17:F09_SA17_R01.txt,1,Fall,1,1,1,Severe,0.09960553042349579,0,Normal,1,Severe
train,26983,2859,SA17,SA17:F09_SA17_R01.txt,1,Fall,1,1,1,Severe,0.09791478402067211,0,Normal,1,Severe
train,26984,2860,SA17,SA17:F09_SA17_R01.txt,1,Fall,1,1,1,Severe,0.07402182092359649,0,Normal,1,Severe
train,26996,2861,SA17,SA17:F09_SA17_R02.txt,1,Fall,1,1,1,Severe,0.10000486067852887,0,Normal,1,Severe
train,26997,2862,SA17,SA17:F09_SA17_R02.txt,1,Fall,1,1,1,Severe,0.09192334764206533,0,Normal,1,Severe
train,26998,2863,SA17,SA17:F09_SA17_R02.txt,1,Fall,1,1,1,Severe,0.09051268064267332,0,Normal,1,Severe
train,26999,2864,SA17,SA17:F09_SA17_R02.txt,1,Fall,1,1,1,Severe,0.08555805336073435,0,Normal,1,Severe
train,27011,2865,SA17,SA17:F09_SA17_R03.txt,1,Fall,1,1,1,Severe,0.08109797159537308,0,Normal,1,Severe
train,27012,2866,SA17,SA17:F09_SA17_R03.txt,1,Fall,1,1,1,Severe,0.08800796269272265,0,Normal,1,Severe
train,27013,2867,SA17,SA17:F09_SA17_R03.txt,1,Fall,1,1,1,Severe,0.08566991665323792,0,Normal,1,Severe
train,27014,2868,SA17,SA17:F09_SA17_R03.txt,1,Fall,1,1,1,Severe,0.08827876790415529,0,Normal,1,Severe
train,27026,2869,SA17,SA17:F09_SA17_R04.txt,1,Fall,1,1,1,Severe,0.10075199512942246,0,Normal,1,Severe
train,27027,2870,SA17,SA17:F09_SA17_R04.txt,1,Fall,1,1,1,Severe,0.09293669093903656,0,Normal,1,Severe
train,27028,2871,SA17,SA17:F09_SA17_R04.txt,1,Fall,1,1,1,Severe,0.09725812630719755,0,Normal,1,Severe
train,27029,2872,SA17,SA17:F09_SA17_R04.txt,1,Fall,1,1,1,Severe,0.08754234128767119,0,Normal,1,Severe
train,27042,2873,SA17,SA17:F09_SA17_R05.txt,1,Fall,1,1,1,Severe,0.09685201958416934,0,Normal,1,Severe
train,27043,2874,SA17,SA17:F09_SA17_R05.txt,1,Fall,1,1,1,Severe,0.08421898049840032,0,Normal,1,Severe
train,27044,2875,SA17,SA17:F09_SA17_R05.txt,1,Fall,1,1,1,Severe,0.08302404781924011,0,Normal,1,Severe
train,27045,2876,SA17,SA17:F09_SA17_R05.txt,1,Fall,1,1,1,Severe,0.06955146748321878,0,Normal,1,Severe
train,27054,2877,SA17,SA17:F10_SA17_R01.txt,1,Fall,0,0,0,Mild,0.10302528649921838,0,Normal,0,Mild
train,27055,2878,SA17,SA17:F10_SA17_R01.txt,1,Fall,0,0,0,Mild,0.09330328841812058,0,Normal,0,Mild
train,27056,2879,SA17,SA17:F10_SA17_R01.txt,1,Fall,0,0,0,Mild,0.07951832293044614,0,Normal,0,Mild
train,27057,2880,SA17,SA17:F10_SA17_R01.txt,1,Fall,0,0,0,Mild,0.033166507315341875,0,Normal,0,Mild
train,27068,2881,SA17,SA17:F10_SA17_R02.txt,1,Fall,1,1,1,Severe,0.07985077405964558,0,Normal,1,Severe
train,27069,2882,SA17,SA17:F10_SA17_R02.txt,1,Fall,1,1,1,Severe,0.07653074048169284,0,Normal,1,Severe
train,27070,2883,SA17,SA17:F10_SA17_R02.txt,1,Fall,1,1,1,Severe,0.0639957029733722,0,Normal,1,Severe
train,27071,2884,SA17,SA17:F10_SA17_R02.txt,1,Fall,1,1,1,Severe,0.039035993096078636,0,Normal,1,Severe
train,27084,2885,SA17,SA17:F10_SA17_R03.txt,1,Fall,0,0,0,Mild,0.09577545461827264,0,Normal,0,Mild
train,27085,2886,SA17,SA17:F10_SA17_R03.txt,1,Fall,0,0,0,Mild,0.09827239675265681,0,Normal,0,Mild
train,27086,2887,SA17,SA17:F10_SA17_R03.txt,1,Fall,0,0,0,Mild,0.09351903519492,0,Normal,0,Mild
train,27087,2888,SA17,SA17:F10_SA17_R03.txt,1,Fall,0,0,0,Mild,0.0739586872430627,0,Normal,0,Mild
train,27098,2889,SA17,SA17:F10_SA17_R04.txt,1,Fall,0,0,0,Mild,0.077925757520941,0,Normal,0,Mild
train,27099,2890,SA17,SA17:F10_SA17_R04.txt,1,Fall,0,0,0,Mild,0.07813159680199594,0,Normal,0,Mild
train,27100,2891,SA17,SA17:F10_SA17_R04.txt,1,Fall,0,0,0,Mild,0.06502900226786956,0,Normal,0,Mild
train,27101,2892,SA17,SA17:F10_SA17_R04.txt,1,Fall,0,0,0,Mild,0.037145830440198924,0,Normal,0,Mild
train,27113,2893,SA17,SA17:F10_SA17_R05.txt,1,Fall,0,0,0,Mild,0.08558525192229055,0,Normal,0,Mild
train,27114,2894,SA17,SA17:F10_SA17_R05.txt,1,Fall,0,0,0,Mild,0.09354894648507989,0,Normal,0,Mild
train,27115,2895,SA17,SA17:F10_SA17_R05.txt,1,Fall,0,0,0,Mild,0.08299080773209061,0,Normal,0,Mild
train,27116,2896,SA17,SA17:F10_SA17_R05.txt,1,Fall,0,0,0,Mild,0.06779799755237148,0,Normal,0,Mild
train,27128,2897,SA17,SA17:F11_SA17_R01.txt,1,Fall,0,0,0,Mild,0.055384795820196786,0,Normal,0,Mild
train,27129,2898,SA17,SA17:F11_SA17_R01.txt,1,Fall,0,0,0,Mild,0.04941246733933452,0,Normal,0,Mild
train,27130,2899,SA17,SA17:F11_SA17_R01.txt,1,Fall,0,0,0,Mild,0.03849365266134175,0,Normal,0,Mild
train,27131,2900,SA17,SA17:F11_SA17_R01.txt,1,Fall,0,0,0,Mild,0.04370085375180077,0,Normal,0,Mild
train,27143,2901,SA17,SA17:F11_SA17_R02.txt,1,Fall,0,0,0,Mild,0.037603718144447074,0,Normal,0,Mild
train,27144,2902,SA17,SA17:F11_SA17_R02.txt,1,Fall,0,0,0,Mild,0.0444168460294202,0,Normal,0,Mild
train,27145,2903,SA17,SA17:F11_SA17_R02.txt,1,Fall,0,0,0,Mild,0.0462785216308943,0,Normal,0,Mild
train,27146,2904,SA17,SA17:F11_SA17_R02.txt,1,Fall,0,0,0,Mild,0.031105201197481724,0,Normal,0,Mild
train,27160,2905,SA17,SA17:F11_SA17_R03.txt,1,Fall,0,0,0,Mild,0.05520769202089332,0,Normal,0,Mild
train,27161,2906,SA17,SA17:F11_SA17_R03.txt,1,Fall,0,0,0,Mild,0.06494538123219568,0,Normal,0,Mild
train,27162,2907,SA17,SA17:F11_SA17_R03.txt,1,Fall,0,0,0,Mild,0.0590260465729846,0,Normal,0,Mild
train,27163,2908,SA17,SA17:F11_SA17_R03.txt,1,Fall,0,0,0,Mild,0.014990026795331346,0,Normal,0,Mild
train,27173,2909,SA17,SA17:F11_SA17_R04.txt,1,Fall,0,0,0,Mild,0.06923658720980375,0,Normal,0,Mild
train,27174,2910,SA17,SA17:F11_SA17_R04.txt,1,Fall,0,0,0,Mild,0.06673422120308897,0,Normal,0,Mild
train,27175,2911,SA17,SA17:F11_SA17_R04.txt,1,Fall,0,0,0,Mild,0.061995362388137965,0,Normal,0,Mild
train,27176,2912,SA17,SA17:F11_SA17_R04.txt,1,Fall,0,0,0,Mild,0.05445129744123928,0,Normal,0,Mild
train,27187,2913,SA17,SA17:F11_SA17_R05.txt,1,Fall,0,0,0,Mild,0.03460429109090174,0,Normal,0,Mild
train,27188,2914,SA17,SA17:F11_SA17_R05.txt,1,Fall,0,0,0,Mild,0.0532036963754281,0,Normal,0,Mild
train,27189,2915,SA17,SA17:F11_SA17_R05.txt,1,Fall,0,0,0,Mild,0.05946089557890294,0,Normal,0,Mild
train,27190,2916,SA17,SA17:F11_SA17_R05.txt,1,Fall,0,0,0,Mild,0.05241743388698272,0,Normal,0,Mild
train,27203,2917,SA17,SA17:F12_SA17_R01.txt,1,Fall,1,1,1,Severe,0.09353583684070133,0,Normal,1,Severe
train,27204,2918,SA17,SA17:F12_SA17_R01.txt,1,Fall,1,1,1,Severe,0.1219771101650402,0,Normal,1,Severe
train,27205,2919,SA17,SA17:F12_SA17_R01.txt,1,Fall,1,1,1,Severe,0.11587386012370088,0,Normal,1,Severe
train,27206,2920,SA17,SA17:F12_SA17_R01.txt,1,Fall,1,1,1,Severe,0.11335469333274623,0,Normal,1,Severe
train,27219,2921,SA17,SA17:F12_SA17_R02.txt,1,Fall,1,1,1,Severe,0.10011589389707254,0,Normal,1,Severe
train,27220,2922,SA17,SA17:F12_SA17_R02.txt,1,Fall,1,1,1,Severe,0.09519175769374122,0,Normal,1,Severe
train,27221,2923,SA17,SA17:F12_SA17_R02.txt,1,Fall,1,1,1,Severe,0.08963310049741252,0,Normal,1,Severe
train,27222,2924,SA17,SA17:F12_SA17_R02.txt,1,Fall,1,1,1,Severe,0.07454359567362367,0,Normal,1,Severe
train,27235,2925,SA17,SA17:F12_SA17_R03.txt,1,Fall,1,1,1,Severe,0.09623925210145373,0,Normal,1,Severe
train,27236,2926,SA17,SA17:F12_SA17_R03.txt,1,Fall,1,1,1,Severe,0.09390266480235632,0,Normal,1,Severe
train,27237,2927,SA17,SA17:F12_SA17_R03.txt,1,Fall,1,1,1,Severe,0.0797369133646772,0,Normal,1,Severe
train,27238,2928,SA17,SA17:F12_SA17_R03.txt,1,Fall,1,1,1,Severe,0.07021744752595921,0,Normal,1,Severe
train,27248,2929,SA17,SA17:F12_SA17_R04.txt,1,Fall,1,1,1,Severe,0.12748622297077117,0,Normal,1,Severe
train,27249,2930,SA17,SA17:F12_SA17_R04.txt,1,Fall,1,1,1,Severe,0.1220052748878539,0,Normal,1,Severe
train,27250,2931,SA17,SA17:F12_SA17_R04.txt,1,Fall,1,1,1,Severe,0.1132372592068947,0,Normal,1,Severe
train,27251,2932,SA17,SA17:F12_SA17_R04.txt,1,Fall,1,1,1,Severe,0.0874596775847416,0,Normal,1,Severe
train,27264,2933,SA17,SA17:F12_SA17_R05.txt,1,Fall,1,1,1,Severe,0.12892672355948476,0,Normal,1,Severe
train,27265,2934,SA17,SA17:F12_SA17_R05.txt,1,Fall,1,1,1,Severe,0.12487014990243805,0,Normal,1,Severe
train,27266,2935,SA17,SA17:F12_SA17_R05.txt,1,Fall,1,1,1,Severe,0.12013394044897141,0,Normal,1,Severe
train,27267,2936,SA17,SA17:F12_SA17_R05.txt,1,Fall,1,1,1,Severe,0.1008033491945185,0,Normal,1,Severe
train,27279,2937,SA17,SA17:F13_SA17_R01.txt,1,Fall,1,1,1,Severe,0.11752760578389376,0,Normal,1,Severe
train,27280,2938,SA17,SA17:F13_SA17_R01.txt,1,Fall,1,1,1,Severe,0.11532863981699948,0,Normal,1,Severe
train,27281,2939,SA17,SA17:F13_SA17_R01.txt,1,Fall,1,1,1,Severe,0.09024187260253685,0,Normal,1,Severe
train,27282,2940,SA17,SA17:F13_SA17_R01.txt,1,Fall,1,1,1,Severe,0.056204482006709744,0,Normal,1,Severe
train,27297,2941,SA17,SA17:F13_SA17_R02.txt,1,Fall,1,1,1,Severe,0.10956139555712796,0,Normal,1,Severe
train,27298,2942,SA17,SA17:F13_SA17_R02.txt,1,Fall,1,1,1,Severe,0.0981727950811565,0,Normal,1,Severe
train,27299,2943,SA17,SA17:F13_SA17_R02.txt,1,Fall,1,1,1,Severe,0.08981784479259658,0,Normal,1,Severe
train,27300,2944,SA17,SA17:F13_SA17_R02.txt,1,Fall,1,1,1,Severe,0.08541646118135171,0,Normal,1,Severe
train,27312,2945,SA17,SA17:F13_SA17_R03.txt,1,Fall,1,1,1,Severe,0.10101974356135568,0,Normal,1,Severe
train,27313,2946,SA17,SA17:F13_SA17_R03.txt,1,Fall,1,1,1,Severe,0.1025497406024426,0,Normal,1,Severe
train,27314,2947,SA17,SA17:F13_SA17_R03.txt,1,Fall,1,1,1,Severe,0.09430166089432573,0,Normal,1,Severe
train,27315,2948,SA17,SA17:F13_SA17_R03.txt,1,Fall,1,1,1,Severe,0.07391450653151005,0,Normal,1,Severe
train,27326,2949,SA17,SA17:F13_SA17_R04.txt,1,Fall,1,1,1,Severe,0.0973437348578518,0,Normal,1,Severe
train,27327,2950,SA17,SA17:F13_SA17_R04.txt,1,Fall,1,1,1,Severe,0.09473798414860574,0,Normal,1,Severe
train,27328,2951,SA17,SA17:F13_SA17_R04.txt,1,Fall,1,1,1,Severe,0.0884810351630258,0,Normal,1,Severe
train,27329,2952,SA17,SA17:F13_SA17_R04.txt,1,Fall,1,1,1,Severe,0.06745986384656033,0,Normal,1,Severe
train,27342,2953,SA17,SA17:F13_SA17_R05.txt,1,Fall,1,1,1,Severe,0.08988054799801803,0,Normal,1,Severe
train,27343,2954,SA17,SA17:F13_SA17_R05.txt,1,Fall,1,1,1,Severe,0.08326613311791631,0,Normal,1,Severe
train,27344,2955,SA17,SA17:F13_SA17_R05.txt,1,Fall,1,1,1,Severe,0.07130805396475565,0,Normal,1,Severe
train,27345,2956,SA17,SA17:F13_SA17_R05.txt,1,Fall,1,1,1,Severe,0.0349986737544028,0,Normal,1,Severe
train,27354,2957,SA17,SA17:F14_SA17_R01.txt,1,Fall,0,0,0,Mild,0.030757951136529127,0,Normal,0,Mild
train,27355,2958,SA17,SA17:F14_SA17_R01.txt,1,Fall,0,0,0,Mild,0.05710697103109419,0,Normal,0,Mild
train,27356,2959,SA17,SA17:F14_SA17_R01.txt,1,Fall,0,0,0,Mild,0.06295877244458242,0,Normal,0,Mild
train,27357,2960,SA17,SA17:F14_SA17_R01.txt,1,Fall,0,0,0,Mild,0.05329743941997944,0,Normal,0,Mild
train,27370,2961,SA17,SA17:F14_SA17_R02.txt,1,Fall,0,0,0,Mild,0.058899190999728845,0,Normal,0,Mild
train,27371,2962,SA17,SA17:F14_SA17_R02.txt,1,Fall,0,0,0,Mild,0.06900950098679687,0,Normal,0,Mild
train,27372,2963,SA17,SA17:F14_SA17_R02.txt,1,Fall,0,0,0,Mild,0.06873335337211711,0,Normal,0,Mild
train,27373,2964,SA17,SA17:F14_SA17_R02.txt,1,Fall,0,0,0,Mild,0.05564869050983173,0,Normal,0,Mild
train,27386,2965,SA17,SA17:F14_SA17_R03.txt,1,Fall,0,0,0,Mild,0.04569301842384721,0,Normal,0,Mild
train,27387,2966,SA17,SA17:F14_SA17_R03.txt,1,Fall,0,0,0,Mild,0.05590107577023584,0,Normal,0,Mild
train,27388,2967,SA17,SA17:F14_SA17_R03.txt,1,Fall,0,0,0,Mild,0.06169493463727421,0,Normal,0,Mild
train,27389,2968,SA17,SA17:F14_SA17_R03.txt,1,Fall,0,0,0,Mild,0.04449596855854332,0,Normal,0,Mild
train,27402,2969,SA17,SA17:F14_SA17_R04.txt,1,Fall,0,0,0,Mild,0.031603898468724245,0,Normal,0,Mild
train,27403,2970,SA17,SA17:F14_SA17_R04.txt,1,Fall,0,0,0,Mild,0.07195291332306597,0,Normal,0,Mild
train,27404,2971,SA17,SA17:F14_SA17_R04.txt,1,Fall,0,0,0,Mild,0.07540365411067729,0,Normal,0,Mild
train,27405,2972,SA17,SA17:F14_SA17_R04.txt,1,Fall,0,0,0,Mild,0.06758808890502027,0,Normal,0,Mild
train,27417,2973,SA17,SA17:F14_SA17_R05.txt,1,Fall,0,0,0,Mild,0.021855752307981313,0,Normal,0,Mild
train,27418,2974,SA17,SA17:F14_SA17_R05.txt,1,Fall,0,0,0,Mild,0.06966458222282862,0,Normal,0,Mild
train,27419,2975,SA17,SA17:F14_SA17_R05.txt,1,Fall,0,0,0,Mild,0.06925843219983935,0,Normal,0,Mild
train,27420,2976,SA17,SA17:F14_SA17_R05.txt,1,Fall,0,0,0,Mild,0.05904728950312582,0,Normal,0,Mild
train,27430,2977,SA17,SA17:F15_SA17_R01.txt,1,Fall,1,1,1,Severe,0.1102564990372853,0,Normal,1,Severe
train,27431,2978,SA17,SA17:F15_SA17_R01.txt,1,Fall,1,1,1,Severe,0.11607586090259037,0,Normal,1,Severe
train,27432,2979,SA17,SA17:F15_SA17_R01.txt,1,Fall,1,1,1,Severe,0.11072336845645969,0,Normal,1,Severe
train,27433,2980,SA17,SA17:F15_SA17_R01.txt,1,Fall,1,1,1,Severe,0.08055143253696251,0,Normal,1,Severe
train,27448,2981,SA17,SA17:F15_SA17_R02.txt,1,Fall,1,1,1,Severe,0.07747481197799894,0,Normal,1,Severe
train,27449,2982,SA17,SA17:F15_SA17_R02.txt,1,Fall,1,1,1,Severe,0.1137487201708372,0,Normal,1,Severe
train,27450,2983,SA17,SA17:F15_SA17_R02.txt,1,Fall,1,1,1,Severe,0.11500055774271362,0,Normal,1,Severe
train,27451,2984,SA17,SA17:F15_SA17_R02.txt,1,Fall,1,1,1,Severe,0.09766140615973451,0,Normal,1,Severe
train,27463,2985,SA17,SA17:F15_SA17_R03.txt,1,Fall,1,1,1,Severe,0.11176470163292535,0,Normal,1,Severe
train,27464,2986,SA17,SA17:F15_SA17_R03.txt,1,Fall,1,1,1,Severe,0.12206970652267812,0,Normal,1,Severe
train,27465,2987,SA17,SA17:F15_SA17_R03.txt,1,Fall,1,1,1,Severe,0.11401129617572459,0,Normal,1,Severe
train,27466,2988,SA17,SA17:F15_SA17_R03.txt,1,Fall,1,1,1,Severe,0.08555028407446041,0,Normal,1,Severe
train,27473,2989,SA17,SA17:F15_SA17_R04.txt,1,Fall,1,1,1,Severe,0.06807743820184908,0,Normal,1,Severe
train,27474,2990,SA17,SA17:F15_SA17_R04.txt,1,Fall,1,1,1,Severe,0.10089741133515673,0,Normal,1,Severe
train,27475,2991,SA17,SA17:F15_SA17_R04.txt,1,Fall,1,1,1,Severe,0.10076703366439771,0,Normal,1,Severe
train,27476,2992,SA17,SA17:F15_SA17_R04.txt,1,Fall,1,1,1,Severe,0.08328870061280941,0,Normal,1,Severe
train,27491,2993,SA17,SA17:F15_SA17_R05.txt,1,Fall,1,1,1,Severe,0.034474660727442374,0,Normal,1,Severe
train,27492,2994,SA17,SA17:F15_SA17_R05.txt,1,Fall,1,1,1,Severe,0.08354269714504575,0,Normal,1,Severe
train,27493,2995,SA17,SA17:F15_SA17_R05.txt,1,Fall,1,1,1,Severe,0.08513438173899579,0,Normal,1,Severe
train,27494,2996,SA17,SA17:F15_SA17_R05.txt,1,Fall,1,1,1,Severe,0.0769634927033157,0,Normal,1,Severe
train,29135,2997,SA19,SA19:F01_SA19_R01.txt,1,Fall,1,1,1,Severe,0.07095523192873249,0,Normal,1,Severe
train,29136,2998,SA19,SA19:F01_SA19_R01.txt,1,Fall,1,1,1,Severe,0.0910504615160651,0,Normal,1,Severe
train,29137,2999,SA19,SA19:F01_SA19_R01.txt,1,Fall,1,1,1,Severe,0.08659530813906308,0,Normal,1,Severe
train,29138,3000,SA19,SA19:F01_SA19_R01.txt,1,Fall,1,1,1,Severe,0.06534155118094614,0,Normal,1,Severe
train,29150,3001,SA19,SA19:F01_SA19_R02.txt,1,Fall,1,1,1,Severe,0.08615941758928058,0,Normal,1,Severe
train,29151,3002,SA19,SA19:F01_SA19_R02.txt,1,Fall,1,1,1,Severe,0.09340090764092357,0,Normal,1,Severe
train,29152,3003,SA19,SA19:F01_SA19_R02.txt,1,Fall,1,1,1,Severe,0.0898253168039474,0,Normal,1,Severe
train,29153,3004,SA19,SA19:F01_SA19_R02.txt,1,Fall,1,1,1,Severe,0.056248952520958184,0,Normal,1,Severe
train,29164,3005,SA19,SA19:F01_SA19_R03.txt,1,Fall,1,1,1,Severe,0.04391296954832474,0,Normal,1,Severe
train,29165,3006,SA19,SA19:F01_SA19_R03.txt,1,Fall,1,1,1,Severe,0.05328018878791807,0,Normal,1,Severe
train,29166,3007,SA19,SA19:F01_SA19_R03.txt,1,Fall,1,1,1,Severe,0.0485654205624928,0,Normal,1,Severe
train,29167,3008,SA19,SA19:F01_SA19_R03.txt,1,Fall,1,1,1,Severe,0.02872674249569085,0,Normal,1,Severe
train,29181,3009,SA19,SA19:F01_SA19_R04.txt,1,Fall,1,1,1,Severe,0.08906989642465507,0,Normal,1,Severe
train,29182,3010,SA19,SA19:F01_SA19_R04.txt,1,Fall,1,1,1,Severe,0.08480232801281112,0,Normal,1,Severe
train,29183,3011,SA19,SA19:F01_SA19_R04.txt,1,Fall,1,1,1,Severe,0.07933358504324273,0,Normal,1,Severe
train,29184,3012,SA19,SA19:F01_SA19_R04.txt,1,Fall,1,1,1,Severe,0.021164754263584773,0,Normal,1,Severe
train,29195,3013,SA19,SA19:F01_SA19_R05.txt,1,Fall,1,1,1,Severe,0.028430522586388896,0,Normal,1,Severe
train,29196,3014,SA19,SA19:F01_SA19_R05.txt,1,Fall,1,1,1,Severe,0.023306137562611462,0,Normal,1,Severe
train,29197,3015,SA19,SA19:F01_SA19_R05.txt,1,Fall,1,1,1,Severe,0.020834513088545115,0,Normal,1,Severe
train,29198,3016,SA19,SA19:F01_SA19_R05.txt,1,Fall,1,1,1,Severe,0.007038631395421047,0,Normal,1,Severe
train,29210,3017,SA19,SA19:F02_SA19_R01.txt,1,Fall,0,0,0,Mild,0.05922319274245674,0,Normal,0,Mild
train,29211,3018,SA19,SA19:F02_SA19_R01.txt,1,Fall,0,0,0,Mild,0.078657247962854,0,Normal,0,Mild
train,29212,3019,SA19,SA19:F02_SA19_R01.txt,1,Fall,0,0,0,Mild,0.07556906314998074,0,Normal,0,Mild
train,29213,3020,SA19,SA19:F02_SA19_R01.txt,1,Fall,0,0,0,Mild,0.06051894758571563,0,Normal,0,Mild
train,29228,3021,SA19,SA19:F02_SA19_R02.txt,1,Fall,0,0,0,Mild,0.0968956476382436,0,Normal,0,Mild
train,29229,3022,SA19,SA19:F02_SA19_R02.txt,1,Fall,0,0,0,Mild,0.089543610221266,0,Normal,0,Mild
train,29230,3023,SA19,SA19:F02_SA19_R02.txt,1,Fall,0,0,0,Mild,0.09098177904756244,0,Normal,0,Mild
train,29231,3024,SA19,SA19:F02_SA19_R02.txt,1,Fall,0,0,0,Mild,0.047940318622255174,0,Normal,0,Mild
train,29241,3025,SA19,SA19:F02_SA19_R03.txt,1,Fall,0,0,0,Mild,0.07846602516949125,0,Normal,0,Mild
train,29242,3026,SA19,SA19:F02_SA19_R03.txt,1,Fall,0,0,0,Mild,0.10701266507878321,0,Normal,0,Mild
train,29243,3027,SA19,SA19:F02_SA19_R03.txt,1,Fall,0,0,0,Mild,0.10925168400919022,0,Normal,0,Mild
train,29244,3028,SA19,SA19:F02_SA19_R03.txt,1,Fall,0,0,0,Mild,0.10127926326587727,0,Normal,0,Mild
train,29257,3029,SA19,SA19:F02_SA19_R04.txt,1,Fall,0,0,0,Mild,0.10906739755973749,0,Normal,0,Mild
train,29258,3030,SA19,SA19:F02_SA19_R04.txt,1,Fall,0,0,0,Mild,0.10841061174515937,0,Normal,0,Mild
train,29259,3031,SA19,SA19:F02_SA19_R04.txt,1,Fall,0,0,0,Mild,0.10461677094178806,0,Normal,0,Mild
train,29260,3032,SA19,SA19:F02_SA19_R04.txt,1,Fall,0,0,0,Mild,0.05462127349820828,0,Normal,0,Mild
train,29272,3033,SA19,SA19:F02_SA19_R05.txt,1,Fall,0,0,0,Mild,0.049588366548625806,0,Normal,0,Mild
train,29273,3034,SA19,SA19:F02_SA19_R05.txt,1,Fall,0,0,0,Mild,0.07141467353973252,0,Normal,0,Mild
train,29274,3035,SA19,SA19:F02_SA19_R05.txt,1,Fall,0,0,0,Mild,0.06675515226733575,0,Normal,0,Mild
train,29275,3036,SA19,SA19:F02_SA19_R05.txt,1,Fall,0,0,0,Mild,0.06457795847608294,0,Normal,0,Mild
train,29284,3037,SA19,SA19:F03_SA19_R01.txt,1,Fall,1,1,1,Severe,0.054802177958169385,0,Normal,1,Severe
train,29285,3038,SA19,SA19:F03_SA19_R01.txt,1,Fall,1,1,1,Severe,0.06676089014037723,0,Normal,1,Severe
train,29286,3039,SA19,SA19:F03_SA19_R01.txt,1,Fall,1,1,1,Severe,0.06747666079959336,0,Normal,1,Severe
train,29287,3040,SA19,SA19:F03_SA19_R01.txt,1,Fall,1,1,1,Severe,0.06120663987547892,0,Normal,1,Severe
train,29299,3041,SA19,SA19:F03_SA19_R02.txt,1,Fall,1,1,1,Severe,0.07251609959133376,0,Normal,1,Severe
train,29300,3042,SA19,SA19:F03_SA19_R02.txt,1,Fall,1,1,1,Severe,0.09438202959853487,0,Normal,1,Severe
train,29301,3043,SA19,SA19:F03_SA19_R02.txt,1,Fall,1,1,1,Severe,0.0892285641108807,0,Normal,1,Severe
train,29302,3044,SA19,SA19:F03_SA19_R02.txt,1,Fall,1,1,1,Severe,0.0853234080231931,0,Normal,1,Severe
train,29314,3045,SA19,SA19:F03_SA19_R03.txt,1,Fall,1,1,1,Severe,0.08396963963413379,0,Normal,1,Severe
train,29315,3046,SA19,SA19:F03_SA19_R03.txt,1,Fall,1,1,1,Severe,0.09888362829383729,0,Normal,1,Severe
train,29316,3047,SA19,SA19:F03_SA19_R03.txt,1,Fall,1,1,1,Severe,0.1060738216467097,0,Normal,1,Severe
train,29317,3048,SA19,SA19:F03_SA19_R03.txt,1,Fall,1,1,1,Severe,0.10155116953294968,0,Normal,1,Severe
train,29330,3049,SA19,SA19:F03_SA19_R04.txt,1,Fall,1,1,1,Severe,0.08198072300274989,0,Normal,1,Severe
train,29331,3050,SA19,SA19:F03_SA19_R04.txt,1,Fall,1,1,1,Severe,0.09364721046271468,0,Normal,1,Severe
train,29332,3051,SA19,SA19:F03_SA19_R04.txt,1,Fall,1,1,1,Severe,0.09631582251400878,0,Normal,1,Severe
train,29333,3052,SA19,SA19:F03_SA19_R04.txt,1,Fall,1,1,1,Severe,0.09466395629212299,0,Normal,1,Severe
train,29345,3053,SA19,SA19:F03_SA19_R05.txt,1,Fall,1,1,1,Severe,0.06740444866707573,0,Normal,1,Severe
train,29346,3054,SA19,SA19:F03_SA19_R05.txt,1,Fall,1,1,1,Severe,0.06860309370331402,0,Normal,1,Severe
train,29347,3055,SA19,SA19:F03_SA19_R05.txt,1,Fall,1,1,1,Severe,0.07068967976830326,0,Normal,1,Severe
train,29348,3056,SA19,SA19:F03_SA19_R05.txt,1,Fall,1,1,1,Severe,0.03552636839937373,0,Normal,1,Severe
train,29359,3057,SA19,SA19:F04_SA19_R01.txt,1,Fall,1,1,1,Severe,0.09087251714503236,0,Normal,1,Severe
train,29360,3058,SA19,SA19:F04_SA19_R01.txt,1,Fall,1,1,1,Severe,0.09522941550497332,0,Normal,1,Severe
train,29361,3059,SA19,SA19:F04_SA19_R01.txt,1,Fall,1,1,1,Severe,0.09705076583552619,0,Normal,1,Severe
train,29362,3060,SA19,SA19:F04_SA19_R01.txt,1,Fall,1,1,1,Severe,0.08727919199893869,0,Normal,1,Severe
train,29376,3061,SA19,SA19:F04_SA19_R02.txt,1,Fall,1,1,1,Severe,0.05174224052140414,0,Normal,1,Severe
train,29377,3062,SA19,SA19:F04_SA19_R02.txt,1,Fall,1,1,1,Severe,0.05605801391607551,0,Normal,1,Severe
train,29378,3063,SA19,SA19:F04_SA19_R02.txt,1,Fall,1,1,1,Severe,0.06019801623554366,0,Normal,1,Severe
train,29379,3064,SA19,SA19:F04_SA19_R02.txt,1,Fall,1,1,1,Severe,0.02357274868057202,0,Normal,1,Severe
train,29391,3065,SA19,SA19:F04_SA19_R03.txt,1,Fall,1,1,1,Severe,0.10879991182259935,0,Normal,1,Severe
train,29392,3066,SA19,SA19:F04_SA19_R03.txt,1,Fall,1,1,1,Severe,0.11339934232868787,0,Normal,1,Severe
train,29393,3067,SA19,SA19:F04_SA19_R03.txt,1,Fall,1,1,1,Severe,0.11281143438503227,0,Normal,1,Severe
train,29394,3068,SA19,SA19:F04_SA19_R03.txt,1,Fall,1,1,1,Severe,0.08960465821721236,0,Normal,1,Severe
train,29407,3069,SA19,SA19:F04_SA19_R04.txt,1,Fall,1,1,1,Severe,0.092527808527964,0,Normal,1,Severe
train,29408,3070,SA19,SA19:F04_SA19_R04.txt,1,Fall,1,1,1,Severe,0.10182760230760424,0,Normal,1,Severe
train,29409,3071,SA19,SA19:F04_SA19_R04.txt,1,Fall,1,1,1,Severe,0.092226293602724,0,Normal,1,Severe
train,29410,3072,SA19,SA19:F04_SA19_R04.txt,1,Fall,1,1,1,Severe,0.0655783313499288,0,Normal,1,Severe
train,29422,3073,SA19,SA19:F04_SA19_R05.txt,1,Fall,1,1,1,Severe,0.09193668735854077,0,Normal,1,Severe
train,29423,3074,SA19,SA19:F04_SA19_R05.txt,1,Fall,1,1,1,Severe,0.10456200710485974,0,Normal,1,Severe
train,29424,3075,SA19,SA19:F04_SA19_R05.txt,1,Fall,1,1,1,Severe,0.10695984538804637,0,Normal,1,Severe
train,29425,3076,SA19,SA19:F04_SA19_R05.txt,1,Fall,1,1,1,Severe,0.09476531385167786,0,Normal,1,Severe
train,29433,3077,SA19,SA19:F05_SA19_R01.txt,1,Fall,0,0,0,Mild,0.025580162962054454,0,Normal,0,Mild
train,29434,3078,SA19,SA19:F05_SA19_R01.txt,1,Fall,0,0,0,Mild,0.05367252707669873,0,Normal,0,Mild
train,29435,3079,SA19,SA19:F05_SA19_R01.txt,1,Fall,0,0,0,Mild,0.06002320975908726,0,Normal,0,Mild
train,29436,3080,SA19,SA19:F05_SA19_R01.txt,1,Fall,0,0,0,Mild,0.0533401892547104,0,Normal,0,Mild
train,29450,3081,SA19,SA19:F05_SA19_R02.txt,1,Fall,1,1,1,Severe,0.06445977549677911,0,Normal,1,Severe
train,29451,3082,SA19,SA19:F05_SA19_R02.txt,1,Fall,1,1,1,Severe,0.06828100384045821,0,Normal,1,Severe
train,29452,3083,SA19,SA19:F05_SA19_R02.txt,1,Fall,1,1,1,Severe,0.06475841047217229,0,Normal,1,Severe
train,29453,3084,SA19,SA19:F05_SA19_R02.txt,1,Fall,1,1,1,Severe,0.04953103106856155,0,Normal,1,Severe
train,29464,3085,SA19,SA19:F05_SA19_R03.txt,1,Fall,0,0,0,Mild,0.05122821709732883,0,Normal,0,Mild
train,29465,3086,SA19,SA19:F05_SA19_R03.txt,1,Fall,0,0,0,Mild,0.05804797343139395,0,Normal,0,Mild
train,29466,3087,SA19,SA19:F05_SA19_R03.txt,1,Fall,0,0,0,Mild,0.0553299363006412,0,Normal,0,Mild
train,29467,3088,SA19,SA19:F05_SA19_R03.txt,1,Fall,0,0,0,Mild,0.058528969053844415,0,Normal,0,Mild
train,29481,3089,SA19,SA19:F05_SA19_R04.txt,1,Fall,0,0,0,Mild,0.06165755729201067,0,Normal,0,Mild
train,29482,3090,SA19,SA19:F05_SA19_R04.txt,1,Fall,0,0,0,Mild,0.07320019336887595,0,Normal,0,Mild
train,29483,3091,SA19,SA19:F05_SA19_R04.txt,1,Fall,0,0,0,Mild,0.0708382499890341,0,Normal,0,Mild
train,29484,3092,SA19,SA19:F05_SA19_R04.txt,1,Fall,0,0,0,Mild,0.06065157178251973,0,Normal,0,Mild
train,29495,3093,SA19,SA19:F05_SA19_R05.txt,1,Fall,1,1,1,Severe,0.07877891594429132,0,Normal,1,Severe
train,29496,3094,SA19,SA19:F05_SA19_R05.txt,1,Fall,1,1,1,Severe,0.0835289544212211,0,Normal,1,Severe
train,29497,3095,SA19,SA19:F05_SA19_R05.txt,1,Fall,1,1,1,Severe,0.077984761185869,0,Normal,1,Severe
train,29498,3096,SA19,SA19:F05_SA19_R05.txt,1,Fall,0,0,0,Mild,0.037662283250498585,0,Normal,0,Mild
train,29509,3097,SA19,SA19:F06_SA19_R01.txt,1,Fall,1,1,1,Severe,0.050865646747108695,0,Normal,1,Severe
train,29510,3098,SA19,SA19:F06_SA19_R01.txt,1,Fall,1,1,1,Severe,0.08160718260880756,0,Normal,1,Severe
train,29511,3099,SA19,SA19:F06_SA19_R01.txt,1,Fall,1,1,1,Severe,0.0959754040749286,0,Normal,1,Severe
train,29512,3100,SA19,SA19:F06_SA19_R01.txt,1,Fall,1,1,1,Severe,0.09832709601415834,0,Normal,1,Severe
train,29526,3101,SA19,SA19:F06_SA19_R02.txt,1,Fall,1,1,1,Severe,0.06594273859987831,0,Normal,1,Severe
train,29527,3102,SA19,SA19:F06_SA19_R02.txt,1,Fall,1,1,1,Severe,0.0759410887122059,0,Normal,1,Severe
train,29528,3103,SA19,SA19:F06_SA19_R02.txt,1,Fall,1,1,1,Severe,0.07204730053933295,0,Normal,1,Severe
train,29529,3104,SA19,SA19:F06_SA19_R02.txt,1,Fall,1,1,1,Severe,0.018136994696015818,0,Normal,1,Severe
train,29540,3105,SA19,SA19:F06_SA19_R03.txt,1,Fall,1,1,1,Severe,0.05554047173203408,0,Normal,1,Severe
train,29541,3106,SA19,SA19:F06_SA19_R03.txt,1,Fall,1,1,1,Severe,0.08988805552189,0,Normal,1,Severe
train,29542,3107,SA19,SA19:F06_SA19_R03.txt,1,Fall,1,1,1,Severe,0.09812365352760516,0,Normal,1,Severe
train,29543,3108,SA19,SA19:F06_SA19_R03.txt,1,Fall,1,1,1,Severe,0.10032429183336716,0,Normal,1,Severe
train,29556,3109,SA19,SA19:F06_SA19_R04.txt,1,Fall,1,1,1,Severe,0.08269864470162563,0,Normal,1,Severe
train,29557,3110,SA19,SA19:F06_SA19_R04.txt,1,Fall,1,1,1,Severe,0.08967493555490785,0,Normal,1,Severe
train,29558,3111,SA19,SA19:F06_SA19_R04.txt,1,Fall,1,1,1,Severe,0.08397366848815851,0,Normal,1,Severe
train,29559,3112,SA19,SA19:F06_SA19_R04.txt,1,Fall,1,1,1,Severe,0.048058913897232325,0,Normal,1,Severe
train,29571,3113,SA19,SA19:F06_SA19_R05.txt,1,Fall,1,1,1,Severe,0.04929371007799144,0,Normal,1,Severe
train,29572,3114,SA19,SA19:F06_SA19_R05.txt,1,Fall,1,1,1,Severe,0.08514406044930839,0,Normal,1,Severe
train,29573,3115,SA19,SA19:F06_SA19_R05.txt,1,Fall,1,1,1,Severe,0.09719199874738099,0,Normal,1,Severe
train,29574,3116,SA19,SA19:F06_SA19_R05.txt,1,Fall,1,1,1,Severe,0.09095557503134843,0,Normal,1,Severe
train,29584,3117,SA19,SA19:F07_SA19_R01.txt,1,Fall,1,1,1,Severe,0.11966152615439374,0,Normal,1,Severe
train,29585,3118,SA19,SA19:F07_SA19_R01.txt,1,Fall,1,1,1,Severe,0.12225392885216324,0,Normal,1,Severe
train,29586,3119,SA19,SA19:F07_SA19_R01.txt,1,Fall,1,1,1,Severe,0.1176928982583198,0,Normal,1,Severe
train,29587,3120,SA19,SA19:F07_SA19_R01.txt,1,Fall,1,1,1,Severe,0.08740918733743397,0,Normal,1,Severe
train,29600,3121,SA19,SA19:F07_SA19_R02.txt,1,Fall,1,1,1,Severe,0.10007203577319829,0,Normal,1,Severe
train,29601,3122,SA19,SA19:F07_SA19_R02.txt,1,Fall,1,1,1,Severe,0.094325521524397,0,Normal,1,Severe
train,29602,3123,SA19,SA19:F07_SA19_R02.txt,1,Fall,1,1,1,Severe,0.08335266522382834,0,Normal,1,Severe
train,29603,3124,SA19,SA19:F07_SA19_R02.txt,1,Fall,1,1,1,Severe,0.044125298854448713,0,Normal,1,Severe
train,29615,3125,SA19,SA19:F07_SA19_R03.txt,1,Fall,1,1,1,Severe,0.0734996827119625,0,Normal,1,Severe
train,29616,3126,SA19,SA19:F07_SA19_R03.txt,1,Fall,1,1,1,Severe,0.1072789802038906,0,Normal,1,Severe
train,29617,3127,SA19,SA19:F07_SA19_R03.txt,1,Fall,1,1,1,Severe,0.11375078348540557,0,Normal,1,Severe
train,29618,3128,SA19,SA19:F07_SA19_R03.txt,1,Fall,1,1,1,Severe,0.08055023848436593,0,Normal,1,Severe
train,29630,3129,SA19,SA19:F07_SA19_R04.txt,1,Fall,1,1,1,Severe,0.0893120506484783,0,Normal,1,Severe
train,29631,3130,SA19,SA19:F07_SA19_R04.txt,1,Fall,1,1,1,Severe,0.09522656144516045,0,Normal,1,Severe
train,29632,3131,SA19,SA19:F07_SA19_R04.txt,1,Fall,1,1,1,Severe,0.0850959370107941,0,Normal,1,Severe
train,29633,3132,SA19,SA19:F07_SA19_R04.txt,1,Fall,1,1,1,Severe,0.0712257081698563,0,Normal,1,Severe
train,29644,3133,SA19,SA19:F07_SA19_R05.txt,1,Fall,1,1,1,Severe,0.06261620346293822,0,Normal,1,Severe
train,29645,3134,SA19,SA19:F07_SA19_R05.txt,1,Fall,1,1,1,Severe,0.08418580875651294,0,Normal,1,Severe
train,29646,3135,SA19,SA19:F07_SA19_R05.txt,1,Fall,1,1,1,Severe,0.08371210811781604,0,Normal,1,Severe
train,29647,3136,SA19,SA19:F07_SA19_R05.txt,1,Fall,1,1,1,Severe,0.05505457197823571,0,Normal,1,Severe
train,29658,3137,SA19,SA19:F08_SA19_R01.txt,1,Fall,1,1,1,Severe,0.08346574614900659,0,Normal,1,Severe
train,29659,3138,SA19,SA19:F08_SA19_R01.txt,1,Fall,1,1,1,Severe,0.10187265282603064,0,Normal,1,Severe
train,29660,3139,SA19,SA19:F08_SA19_R01.txt,1,Fall,1,1,1,Severe,0.09949353876637523,0,Normal,1,Severe
train,29661,3140,SA19,SA19:F08_SA19_R01.txt,1,Fall,1,1,1,Severe,0.06695691488336858,0,Normal,1,Severe
train,29674,3141,SA19,SA19:F08_SA19_R02.txt,1,Fall,0,0,0,Mild,0.07953022532416931,0,Normal,0,Mild
train,29675,3142,SA19,SA19:F08_SA19_R02.txt,1,Fall,0,0,0,Mild,0.09866422781908224,0,Normal,0,Mild
train,29676,3143,SA19,SA19:F08_SA19_R02.txt,1,Fall,0,0,0,Mild,0.109474362830358,0,Normal,0,Mild
train,29677,3144,SA19,SA19:F08_SA19_R02.txt,1,Fall,0,0,0,Mild,0.09794780576801565,0,Normal,0,Mild
train,29689,3145,SA19,SA19:F08_SA19_R03.txt,1,Fall,0,0,0,Mild,0.09784448220129077,0,Normal,0,Mild
train,29690,3146,SA19,SA19:F08_SA19_R03.txt,1,Fall,0,0,0,Mild,0.1150050584040615,0,Normal,0,Mild
train,29691,3147,SA19,SA19:F08_SA19_R03.txt,1,Fall,1,1,1,Severe,0.1182790737632986,0,Normal,1,Severe
train,29692,3148,SA19,SA19:F08_SA19_R03.txt,1,Fall,0,0,0,Mild,0.1087341863274836,0,Normal,0,Mild
train,29705,3149,SA19,SA19:F08_SA19_R04.txt,1,Fall,1,1,1,Severe,0.09173645203929098,0,Normal,1,Severe
train,29706,3150,SA19,SA19:F08_SA19_R04.txt,1,Fall,1,1,1,Severe,0.085511471439363,0,Normal,1,Severe
train,29707,3151,SA19,SA19:F08_SA19_R04.txt,1,Fall,1,1,1,Severe,0.07597053473541743,0,Normal,1,Severe
train,29708,3152,SA19,SA19:F08_SA19_R04.txt,1,Fall,1,1,1,Severe,0.06378730305370806,0,Normal,1,Severe
train,29720,3153,SA19,SA19:F08_SA19_R05.txt,1,Fall,1,1,1,Severe,0.11651461405741009,0,Normal,1,Severe
train,29721,3154,SA19,SA19:F08_SA19_R05.txt,1,Fall,1,1,1,Severe,0.11578602087675716,0,Normal,1,Severe
train,29722,3155,SA19,SA19:F08_SA19_R05.txt,1,Fall,1,1,1,Severe,0.10108813323478821,0,Normal,1,Severe
train,29723,3156,SA19,SA19:F08_SA19_R05.txt,1,Fall,1,1,1,Severe,0.058117759562560656,0,Normal,1,Severe
train,29734,3157,SA19,SA19:F09_SA19_R01.txt,1,Fall,1,1,1,Severe,0.1313532337392166,0,Normal,1,Severe
train,29735,3158,SA19,SA19:F09_SA19_R01.txt,1,Fall,1,1,1,Severe,0.12956006615949794,0,Normal,1,Severe
train,29736,3159,SA19,SA19:F09_SA19_R01.txt,1,Fall,1,1,1,Severe,0.12353831583060315,0,Normal,1,Severe
train,29737,3160,SA19,SA19:F09_SA19_R01.txt,1,Fall,1,1,1,Severe,0.10080897664267652,0,Normal,1,Severe
train,29749,3161,SA19,SA19:F09_SA19_R02.txt,1,Fall,1,1,1,Severe,0.10087371454296523,0,Normal,1,Severe
train,29750,3162,SA19,SA19:F09_SA19_R02.txt,1,Fall,1,1,1,Severe,0.1253843438229751,0,Normal,1,Severe
train,29751,3163,SA19,SA19:F09_SA19_R02.txt,1,Fall,1,1,1,Severe,0.12368755572315154,0,Normal,1,Severe
train,29752,3164,SA19,SA19:F09_SA19_R02.txt,1,Fall,1,1,1,Severe,0.10375071715497741,0,Normal,1,Severe
train,29766,3165,SA19,SA19:F09_SA19_R03.txt,1,Fall,1,1,1,Severe,0.1385792281509639,0,Normal,1,Severe
train,29767,3166,SA19,SA19:F09_SA19_R03.txt,1,Fall,1,1,1,Severe,0.13319764811465368,0,Normal,1,Severe
train,29768,3167,SA19,SA19:F09_SA19_R03.txt,1,Fall,1,1,1,Severe,0.12759492691748642,0,Normal,1,Severe
train,29769,3168,SA19,SA19:F09_SA19_R03.txt,1,Fall,1,1,1,Severe,0.09837321059894649,0,Normal,1,Severe
train,29779,3169,SA19,SA19:F09_SA19_R04.txt,1,Fall,1,1,1,Severe,0.10072428189383192,0,Normal,1,Severe
train,29780,3170,SA19,SA19:F09_SA19_R04.txt,1,Fall,1,1,1,Severe,0.0929157759219304,0,Normal,1,Severe
train,29781,3171,SA19,SA19:F09_SA19_R04.txt,1,Fall,1,1,1,Severe,0.08202599655497289,0,Normal,1,Severe
train,29782,3172,SA19,SA19:F09_SA19_R04.txt,1,Fall,1,1,1,Severe,0.04263647717597491,0,Normal,1,Severe
train,29795,3173,SA19,SA19:F09_SA19_R05.txt,1,Fall,1,1,1,Severe,0.07402120591413935,0,Normal,1,Severe
train,29796,3174,SA19,SA19:F09_SA19_R05.txt,1,Fall,1,1,1,Severe,0.07203603669372738,0,Normal,1,Severe
train,29797,3175,SA19,SA19:F09_SA19_R05.txt,1,Fall,1,1,1,Severe,0.05786488874629886,0,Normal,1,Severe
train,29798,3176,SA19,SA19:F09_SA19_R05.txt,1,Fall,1,1,1,Severe,0.02896990007445921,0,Normal,1,Severe
train,29809,3177,SA19,SA19:F10_SA19_R01.txt,1,Fall,1,1,1,Severe,0.08661613945011892,0,Normal,1,Severe
train,29810,3178,SA19,SA19:F10_SA19_R01.txt,1,Fall,1,1,1,Severe,0.09775855732217009,0,Normal,1,Severe
train,29811,3179,SA19,SA19:F10_SA19_R01.txt,1,Fall,1,1,1,Severe,0.09357295352336453,0,Normal,1,Severe
train,29812,3180,SA19,SA19:F10_SA19_R01.txt,1,Fall,1,1,1,Severe,0.07365555158541465,0,Normal,1,Severe
train,29825,3181,SA19,SA19:F10_SA19_R02.txt,1,Fall,0,0,0,Mild,0.0861694724854038,0,Normal,0,Mild
train,29826,3182,SA19,SA19:F10_SA19_R02.txt,1,Fall,0,0,0,Mild,0.09363507607136162,0,Normal,0,Mild
train,29827,3183,SA19,SA19:F10_SA19_R02.txt,1,Fall,0,0,0,Mild,0.09206754165157177,0,Normal,0,Mild
train,29828,3184,SA19,SA19:F10_SA19_R02.txt,1,Fall,0,0,0,Mild,0.05772865574175423,0,Normal,0,Mild
train,29839,3185,SA19,SA19:F10_SA19_R03.txt,1,Fall,0,0,0,Mild,0.09660066169884202,0,Normal,0,Mild
train,29840,3186,SA19,SA19:F10_SA19_R03.txt,1,Fall,0,0,0,Mild,0.10249212946913988,0,Normal,0,Mild
train,29841,3187,SA19,SA19:F10_SA19_R03.txt,1,Fall,0,0,0,Mild,0.09837524138555231,0,Normal,0,Mild
train,29842,3188,SA19,SA19:F10_SA19_R03.txt,1,Fall,0,0,0,Mild,0.07169845824276644,0,Normal,0,Mild
train,29855,3189,SA19,SA19:F10_SA19_R04.txt,1,Fall,0,0,0,Mild,0.06850088681215816,0,Normal,0,Mild
train,29856,3190,SA19,SA19:F10_SA19_R04.txt,1,Fall,0,0,0,Mild,0.09299572787628702,0,Normal,0,Mild
train,29857,3191,SA19,SA19:F10_SA19_R04.txt,1,Fall,0,0,0,Mild,0.0940152495230786,0,Normal,0,Mild
train,29858,3192,SA19,SA19:F10_SA19_R04.txt,1,Fall,0,0,0,Mild,0.07860555670747804,0,Normal,0,Mild
train,29869,3193,SA19,SA19:F10_SA19_R05.txt,1,Fall,1,1,1,Severe,0.13065956691799097,0,Normal,1,Severe
train,29870,3194,SA19,SA19:F10_SA19_R05.txt,1,Fall,1,1,1,Severe,0.12543227535915008,0,Normal,1,Severe
train,29871,3195,SA19,SA19:F10_SA19_R05.txt,1,Fall,1,1,1,Severe,0.12114260358783757,0,Normal,1,Severe
train,29872,3196,SA19,SA19:F10_SA19_R05.txt,1,Fall,0,0,0,Mild,0.000725607535850159,0,Normal,0,Mild
train,29885,3197,SA19,SA19:F11_SA19_R01.txt,1,Fall,0,0,0,Mild,0.10068311755345966,0,Normal,0,Mild
train,29886,3198,SA19,SA19:F11_SA19_R01.txt,1,Fall,0,0,0,Mild,0.10742634689223823,0,Normal,0,Mild
train,29887,3199,SA19,SA19:F11_SA19_R01.txt,1,Fall,0,0,0,Mild,0.1048889852412348,0,Normal,0,Mild
train,29888,3200,SA19,SA19:F11_SA19_R01.txt,1,Fall,0,0,0,Mild,0.08970326908701493,0,Normal,0,Mild
train,29898,3201,SA19,SA19:F11_SA19_R02.txt,1,Fall,0,0,0,Mild,0.08396941027974614,0,Normal,0,Mild
train,29899,3202,SA19,SA19:F11_SA19_R02.txt,1,Fall,0,0,0,Mild,0.11256854393123517,0,Normal,0,Mild
train,29900,3203,SA19,SA19:F11_SA19_R02.txt,1,Fall,0,0,0,Mild,0.11027172460176654,0,Normal,0,Mild
train,29901,3204,SA19,SA19:F11_SA19_R02.txt,1,Fall,0,0,0,Mild,0.10700961602444709,0,Normal,0,Mild
train,29914,3205,SA19,SA19:F11_SA19_R03.txt,1,Fall,0,0,0,Mild,0.08378841152522881,0,Normal,0,Mild
train,29915,3206,SA19,SA19:F11_SA19_R03.txt,1,Fall,0,0,0,Mild,0.09351474521988862,0,Normal,0,Mild
train,29916,3207,SA19,SA19:F11_SA19_R03.txt,1,Fall,0,0,0,Mild,0.08996384447403388,0,Normal,0,Mild
train,29917,3208,SA19,SA19:F11_SA19_R03.txt,1,Fall,0,0,0,Mild,0.07896932144134511,0,Normal,0,Mild
train,29929,3209,SA19,SA19:F11_SA19_R04.txt,1,Fall,1,1,1,Severe,0.08442579477223472,0,Normal,1,Severe
train,29930,3210,SA19,SA19:F11_SA19_R04.txt,1,Fall,1,1,1,Severe,0.11777652867236332,0,Normal,1,Severe
train,29931,3211,SA19,SA19:F11_SA19_R04.txt,1,Fall,1,1,1,Severe,0.11909533905118264,0,Normal,1,Severe
train,29932,3212,SA19,SA19:F11_SA19_R04.txt,1,Fall,1,1,1,Severe,0.11263127481126389,0,Normal,1,Severe
train,29945,3213,SA19,SA19:F11_SA19_R05.txt,1,Fall,0,0,0,Mild,0.1118603218829754,0,Normal,0,Mild
train,29946,3214,SA19,SA19:F11_SA19_R05.txt,1,Fall,0,0,0,Mild,0.12220054490802845,0,Normal,0,Mild
train,29947,3215,SA19,SA19:F11_SA19_R05.txt,1,Fall,0,0,0,Mild,0.11747595107951331,0,Normal,0,Mild
train,29948,3216,SA19,SA19:F11_SA19_R05.txt,1,Fall,0,0,0,Mild,0.10317303448781712,0,Normal,0,Mild
train,29959,3217,SA19,SA19:F12_SA19_R01.txt,1,Fall,1,1,1,Severe,0.11227442599008286,0,Normal,1,Severe
train,29960,3218,SA19,SA19:F12_SA19_R01.txt,1,Fall,1,1,1,Severe,0.11413498104222858,0,Normal,1,Severe
train,29961,3219,SA19,SA19:F12_SA19_R01.txt,1,Fall,1,1,1,Severe,0.11249292469594613,0,Normal,1,Severe
train,29962,3220,SA19,SA19:F12_SA19_R01.txt,1,Fall,1,1,1,Severe,0.06899755677387043,0,Normal,1,Severe
train,29973,3221,SA19,SA19:F12_SA19_R02.txt,1,Fall,1,1,1,Severe,0.07658931098461774,0,Normal,1,Severe
train,29974,3222,SA19,SA19:F12_SA19_R02.txt,1,Fall,1,1,1,Severe,0.10262648711039263,0,Normal,1,Severe
train,29975,3223,SA19,SA19:F12_SA19_R02.txt,1,Fall,1,1,1,Severe,0.10717895978874709,0,Normal,1,Severe
train,29976,3224,SA19,SA19:F12_SA19_R02.txt,1,Fall,1,1,1,Severe,0.10374557750645474,0,Normal,1,Severe
train,29988,3225,SA19,SA19:F12_SA19_R03.txt,1,Fall,1,1,1,Severe,0.049198557808631804,0,Normal,1,Severe
train,29989,3226,SA19,SA19:F12_SA19_R03.txt,1,Fall,1,1,1,Severe,0.09056958764755335,0,Normal,1,Severe
train,29990,3227,SA19,SA19:F12_SA19_R03.txt,1,Fall,1,1,1,Severe,0.08887843717257599,0,Normal,1,Severe
train,29991,3228,SA19,SA19:F12_SA19_R03.txt,1,Fall,1,1,1,Severe,0.08169619111490456,0,Normal,1,Severe
train,30003,3229,SA19,SA19:F12_SA19_R04.txt,1,Fall,1,1,1,Severe,0.04201806603647423,0,Normal,1,Severe
train,30004,3230,SA19,SA19:F12_SA19_R04.txt,1,Fall,1,1,1,Severe,0.11944723774374766,0,Normal,1,Severe
train,30005,3231,SA19,SA19:F12_SA19_R04.txt,1,Fall,1,1,1,Severe,0.12330766488762096,0,Normal,1,Severe
train,30006,3232,SA19,SA19:F12_SA19_R04.txt,1,Fall,1,1,1,Severe,0.11974175904821988,0,Normal,1,Severe
train,30019,3233,SA19,SA19:F12_SA19_R05.txt,1,Fall,1,1,1,Severe,0.09333861790820497,0,Normal,1,Severe
train,30020,3234,SA19,SA19:F12_SA19_R05.txt,1,Fall,1,1,1,Severe,0.11789694464624767,0,Normal,1,Severe
train,30021,3235,SA19,SA19:F12_SA19_R05.txt,1,Fall,1,1,1,Severe,0.12011407212746206,0,Normal,1,Severe
train,30022,3236,SA19,SA19:F12_SA19_R05.txt,1,Fall,1,1,1,Severe,0.1058212075409643,0,Normal,1,Severe
train,30035,3237,SA19,SA19:F13_SA19_R01.txt,1,Fall,0,0,0,Mild,0.08528830865312786,0,Normal,0,Mild
train,30036,3238,SA19,SA19:F13_SA19_R01.txt,1,Fall,0,0,0,Mild,0.08953887198580707,0,Normal,0,Mild
train,30037,3239,SA19,SA19:F13_SA19_R01.txt,1,Fall,0,0,0,Mild,0.06775977321930732,0,Normal,0,Mild
train,30038,3240,SA19,SA19:F13_SA19_R01.txt,1,Fall,0,0,0,Mild,-0.004200352578222377,1,Anomalous,-1,Non-applicable
train,30051,3241,SA19,SA19:F13_SA19_R02.txt,1,Fall,1,1,1,Severe,0.11419070509468299,0,Normal,1,Severe
train,30052,3242,SA19,SA19:F13_SA19_R02.txt,1,Fall,1,1,1,Severe,0.11226063957182353,0,Normal,1,Severe
train,30053,3243,SA19,SA19:F13_SA19_R02.txt,1,Fall,1,1,1,Severe,0.09142606527910874,0,Normal,1,Severe
train,30054,3244,SA19,SA19:F13_SA19_R02.txt,1,Fall,1,1,1,Severe,0.03621525390212593,0,Normal,1,Severe
train,30067,3245,SA19,SA19:F13_SA19_R03.txt,1,Fall,1,1,1,Severe,0.11929788629157229,0,Normal,1,Severe
train,30068,3246,SA19,SA19:F13_SA19_R03.txt,1,Fall,1,1,1,Severe,0.11797060435755419,0,Normal,1,Severe
train,30069,3247,SA19,SA19:F13_SA19_R03.txt,1,Fall,1,1,1,Severe,0.0956320534518123,0,Normal,1,Severe
train,30070,3248,SA19,SA19:F13_SA19_R03.txt,1,Fall,1,1,1,Severe,0.05205005346003427,0,Normal,1,Severe
train,30080,3249,SA19,SA19:F13_SA19_R04.txt,1,Fall,1,1,1,Severe,0.09875724115884987,0,Normal,1,Severe
train,30081,3250,SA19,SA19:F13_SA19_R04.txt,1,Fall,1,1,1,Severe,0.09403587663862228,0,Normal,1,Severe
train,30082,3251,SA19,SA19:F13_SA19_R04.txt,1,Fall,1,1,1,Severe,0.06375437092544384,0,Normal,1,Severe
train,30083,3252,SA19,SA19:F13_SA19_R04.txt,1,Fall,1,1,1,Severe,0.00914674159162232,0,Normal,1,Severe
train,30094,3253,SA19,SA19:F13_SA19_R05.txt,1,Fall,0,0,0,Mild,0.100127457270761,0,Normal,0,Mild
train,30095,3254,SA19,SA19:F13_SA19_R05.txt,1,Fall,0,0,0,Mild,0.10593654150516046,0,Normal,0,Mild
train,30096,3255,SA19,SA19:F13_SA19_R05.txt,1,Fall,0,0,0,Mild,0.09855761995557,0,Normal,0,Mild
train,30097,3256,SA19,SA19:F13_SA19_R05.txt,1,Fall,0,0,0,Mild,0.07474193980141114,0,Normal,0,Mild
train,30107,3257,SA19,SA19:F14_SA19_R01.txt,1,Fall,0,0,0,Mild,0.03959101127423498,0,Normal,0,Mild
train,30108,3258,SA19,SA19:F14_SA19_R01.txt,1,Fall,0,0,0,Mild,0.05311878482016297,0,Normal,0,Mild
train,30109,3259,SA19,SA19:F14_SA19_R01.txt,1,Fall,0,0,0,Mild,0.05374656817948459,0,Normal,0,Mild
train,30110,3260,SA19,SA19:F14_SA19_R01.txt,1,Fall,0,0,0,Mild,0.04468405592331065,0,Normal,0,Mild
train,30124,3261,SA19,SA19:F14_SA19_R02.txt,1,Fall,0,0,0,Mild,0.05952685012211034,0,Normal,0,Mild
train,30125,3262,SA19,SA19:F14_SA19_R02.txt,1,Fall,0,0,0,Mild,0.0627961641925282,0,Normal,0,Mild
train,30126,3263,SA19,SA19:F14_SA19_R02.txt,1,Fall,0,0,0,Mild,0.06058999936139259,0,Normal,0,Mild
train,30127,3264,SA19,SA19:F14_SA19_R02.txt,1,Fall,0,0,0,Mild,0.053139330413150054,0,Normal,0,Mild
train,30138,3265,SA19,SA19:F14_SA19_R03.txt,1,Fall,0,0,0,Mild,0.07666435888383444,0,Normal,0,Mild
train,30139,3266,SA19,SA19:F14_SA19_R03.txt,1,Fall,0,0,0,Mild,0.0776667174342362,0,Normal,0,Mild
train,30140,3267,SA19,SA19:F14_SA19_R03.txt,1,Fall,0,0,0,Mild,0.08096635447907846,0,Normal,0,Mild
train,30141,3268,SA19,SA19:F14_SA19_R03.txt,1,Fall,0,0,0,Mild,0.0775766469302534,0,Normal,0,Mild
train,30155,3269,SA19,SA19:F14_SA19_R04.txt,1,Fall,0,0,0,Mild,0.05175094618553422,0,Normal,0,Mild
train,30156,3270,SA19,SA19:F14_SA19_R04.txt,1,Fall,0,0,0,Mild,0.0591446063028917,0,Normal,0,Mild
train,30157,3271,SA19,SA19:F14_SA19_R04.txt,1,Fall,0,0,0,Mild,0.05738738876425131,0,Normal,0,Mild
train,30158,3272,SA19,SA19:F14_SA19_R04.txt,1,Fall,0,0,0,Mild,0.029867056671883274,0,Normal,0,Mild
train,30167,3273,SA19,SA19:F14_SA19_R05.txt,1,Fall,0,0,0,Mild,0.009050330531206185,0,Normal,0,Mild
train,30168,3274,SA19,SA19:F14_SA19_R05.txt,1,Fall,0,0,0,Mild,0.04744726846728353,0,Normal,0,Mild
train,30169,3275,SA19,SA19:F14_SA19_R05.txt,1,Fall,0,0,0,Mild,0.046188170266266704,0,Normal,0,Mild
train,30170,3276,SA19,SA19:F14_SA19_R05.txt,1,Fall,0,0,0,Mild,0.04168917642126668,0,Normal,0,Mild
train,30184,3277,SA19,SA19:F15_SA19_R01.txt,1,Fall,1,1,1,Severe,0.07109657708277467,0,Normal,1,Severe
train,30185,3278,SA19,SA19:F15_SA19_R01.txt,1,Fall,1,1,1,Severe,0.07665850619585496,0,Normal,1,Severe
train,30186,3279,SA19,SA19:F15_SA19_R01.txt,1,Fall,1,1,1,Severe,0.07525092272065415,0,Normal,1,Severe
train,30187,3280,SA19,SA19:F15_SA19_R01.txt,1,Fall,1,1,1,Severe,0.010454914681708782,0,Normal,1,Severe
train,30199,3281,SA19,SA19:F15_SA19_R02.txt,1,Fall,1,1,1,Severe,0.054568391728140375,0,Normal,1,Severe
train,30200,3282,SA19,SA19:F15_SA19_R02.txt,1,Fall,1,1,1,Severe,0.07939990612645281,0,Normal,1,Severe
train,30201,3283,SA19,SA19:F15_SA19_R02.txt,1,Fall,1,1,1,Severe,0.07807522859574184,0,Normal,1,Severe
train,30202,3284,SA19,SA19:F15_SA19_R02.txt,1,Fall,1,1,1,Severe,0.06789485573985626,0,Normal,1,Severe
train,30213,3285,SA19,SA19:F15_SA19_R03.txt,1,Fall,1,1,1,Severe,0.04935873191753526,0,Normal,1,Severe
train,30214,3286,SA19,SA19:F15_SA19_R03.txt,1,Fall,1,1,1,Severe,0.0891509085225527,0,Normal,1,Severe
train,30215,3287,SA19,SA19:F15_SA19_R03.txt,1,Fall,1,1,1,Severe,0.09050207679586658,0,Normal,1,Severe
train,30216,3288,SA19,SA19:F15_SA19_R03.txt,1,Fall,1,1,1,Severe,0.08090966933669708,0,Normal,1,Severe
train,30228,3289,SA19,SA19:F15_SA19_R04.txt,1,Fall,1,1,1,Severe,0.08011337848691563,0,Normal,1,Severe
train,30229,3290,SA19,SA19:F15_SA19_R04.txt,1,Fall,1,1,1,Severe,0.08182203531073384,0,Normal,1,Severe
train,30230,3291,SA19,SA19:F15_SA19_R04.txt,1,Fall,1,1,1,Severe,0.08173471909810165,0,Normal,1,Severe
train,30231,3292,SA19,SA19:F15_SA19_R04.txt,1,Fall,1,1,1,Severe,0.0315600340221277,0,Normal,1,Severe
train,30245,3293,SA19,SA19:F15_SA19_R05.txt,1,Fall,1,1,1,Severe,0.07370853078081319,0,Normal,1,Severe
train,30246,3294,SA19,SA19:F15_SA19_R05.txt,1,Fall,1,1,1,Severe,0.07693841599693735,0,Normal,1,Severe
train,30247,3295,SA19,SA19:F15_SA19_R05.txt,1,Fall,1,1,1,Severe,0.07579906397045649,0,Normal,1,Severe
train,30248,3296,SA19,SA19:F15_SA19_R05.txt,1,Fall,1,1,1,Severe,0.005803374011357998,0,Normal,1,Severe
train,31831,3297,SA20,SA20:F01_SA20_R01.txt,1,Fall,0,0,0,Mild,0.09079508946551951,0,Normal,0,Mild
train,31832,3298,SA20,SA20:F01_SA20_R01.txt,1,Fall,0,0,0,Mild,0.10065043920232103,0,Normal,0,Mild
train,31833,3299,SA20,SA20:F01_SA20_R01.txt,1,Fall,0,0,0,Mild,0.10562859355214688,0,Normal,0,Mild
train,31834,3300,SA20,SA20:F01_SA20_R01.txt,1,Fall,0,0,0,Mild,0.0905386009024779,0,Normal,0,Mild
train,31850,3301,SA20,SA20:F01_SA20_R02.txt,1,Fall,1,1,1,Severe,0.10238141927600036,0,Normal,1,Severe
train,31851,3302,SA20,SA20:F01_SA20_R02.txt,1,Fall,1,1,1,Severe,0.10832036073494611,0,Normal,1,Severe
train,31852,3303,SA20,SA20:F01_SA20_R02.txt,1,Fall,1,1,1,Severe,0.1105524640233373,0,Normal,1,Severe
train,31853,3304,SA20,SA20:F01_SA20_R02.txt,1,Fall,1,1,1,Severe,0.052420980520377414,0,Normal,1,Severe
train,31868,3305,SA20,SA20:F01_SA20_R04.txt,1,Fall,1,1,1,Severe,0.005158861365427092,0,Normal,1,Severe
train,31869,3306,SA20,SA20:F01_SA20_R04.txt,1,Fall,1,1,1,Severe,0.008366646708741099,0,Normal,1,Severe
train,31870,3307,SA20,SA20:F01_SA20_R04.txt,1,Fall,1,1,1,Severe,-0.0023423634783911185,1,Anomalous,-1,Non-applicable
train,31871,3308,SA20,SA20:F01_SA20_R04.txt,1,Fall,1,1,1,Severe,0.0008734095566489408,0,Normal,1,Severe
train,31879,3309,SA20,SA20:F01_SA20_R05.txt,1,Fall,0,0,0,Mild,0.05936007797134646,0,Normal,0,Mild
train,31880,3310,SA20,SA20:F01_SA20_R05.txt,1,Fall,0,0,0,Mild,0.061452272415846,0,Normal,0,Mild
train,31881,3311,SA20,SA20:F01_SA20_R05.txt,1,Fall,0,0,0,Mild,0.05206197031228693,0,Normal,0,Mild
train,31882,3312,SA20,SA20:F01_SA20_R05.txt,1,Fall,0,0,0,Mild,0.022749399436646778,0,Normal,0,Mild
train,31893,3313,SA20,SA20:F02_SA20_R01.txt,1,Fall,0,0,0,Mild,0.08897138589092823,0,Normal,0,Mild
train,31894,3314,SA20,SA20:F02_SA20_R01.txt,1,Fall,0,0,0,Mild,0.09609041488535575,0,Normal,0,Mild
train,31895,3315,SA20,SA20:F02_SA20_R01.txt,1,Fall,0,0,0,Mild,0.08726890452999514,0,Normal,0,Mild
train,31896,3316,SA20,SA20:F02_SA20_R01.txt,1,Fall,0,0,0,Mild,0.07264313113839815,0,Normal,0,Mild
train,31911,3317,SA20,SA20:F02_SA20_R02.txt,1,Fall,1,1,1,Severe,0.08581339851115771,0,Normal,1,Severe
train,31912,3318,SA20,SA20:F02_SA20_R02.txt,1,Fall,1,1,1,Severe,0.0971344750648524,0,Normal,1,Severe
train,31913,3319,SA20,SA20:F02_SA20_R02.txt,1,Fall,1,1,1,Severe,0.09397720085937955,0,Normal,1,Severe
train,31914,3320,SA20,SA20:F02_SA20_R02.txt,1,Fall,1,1,1,Severe,0.09066100546430628,0,Normal,1,Severe
train,31926,3321,SA20,SA20:F02_SA20_R03.txt,1,Fall,1,1,1,Severe,0.1048115477441704,0,Normal,1,Severe
train,31927,3322,SA20,SA20:F02_SA20_R03.txt,1,Fall,1,1,1,Severe,0.11122083806560368,0,Normal,1,Severe
train,31928,3323,SA20,SA20:F02_SA20_R03.txt,1,Fall,1,1,1,Severe,0.10406083756105683,0,Normal,1,Severe
train,31929,3324,SA20,SA20:F02_SA20_R03.txt,1,Fall,1,1,1,Severe,0.09148051034594618,0,Normal,1,Severe
train,31940,3325,SA20,SA20:F02_SA20_R04.txt,1,Fall,0,0,0,Mild,0.10125223163847313,0,Normal,0,Mild
train,31941,3326,SA20,SA20:F02_SA20_R04.txt,1,Fall,0,0,0,Mild,0.1105716978635245,0,Normal,0,Mild
train,31942,3327,SA20,SA20:F02_SA20_R04.txt,1,Fall,0,0,0,Mild,0.10537685059274032,0,Normal,0,Mild
train,31943,3328,SA20,SA20:F02_SA20_R04.txt,1,Fall,0,0,0,Mild,0.10065327457675888,0,Normal,0,Mild
train,31953,3329,SA20,SA20:F02_SA20_R05.txt,1,Fall,1,1,1,Severe,0.09434592994767493,0,Normal,1,Severe
train,31954,3330,SA20,SA20:F02_SA20_R05.txt,1,Fall,1,1,1,Severe,0.1028650967999648,0,Normal,1,Severe
train,31955,3331,SA20,SA20:F02_SA20_R05.txt,1,Fall,1,1,1,Severe,0.10383868761355824,0,Normal,1,Severe
train,31956,3332,SA20,SA20:F02_SA20_R05.txt,1,Fall,1,1,1,Severe,0.09613329110776542,0,Normal,1,Severe
train,31969,3333,SA20,SA20:F03_SA20_R01.txt,1,Fall,1,1,1,Severe,0.09618318727481384,0,Normal,1,Severe
train,31970,3334,SA20,SA20:F03_SA20_R01.txt,1,Fall,1,1,1,Severe,0.10690973414129684,0,Normal,1,Severe
train,31971,3335,SA20,SA20:F03_SA20_R01.txt,1,Fall,1,1,1,Severe,0.10269568281153774,0,Normal,1,Severe
train,31972,3336,SA20,SA20:F03_SA20_R01.txt,1,Fall,1,1,1,Severe,0.09223984040973443,0,Normal,1,Severe
train,31984,3337,SA20,SA20:F03_SA20_R02.txt,1,Fall,1,1,1,Severe,0.026353068927300716,0,Normal,1,Severe
train,31985,3338,SA20,SA20:F03_SA20_R02.txt,1,Fall,1,1,1,Severe,0.042120979118923874,0,Normal,1,Severe
train,31986,3339,SA20,SA20:F03_SA20_R02.txt,1,Fall,1,1,1,Severe,0.036585511397280945,0,Normal,1,Severe
train,31987,3340,SA20,SA20:F03_SA20_R02.txt,1,Fall,1,1,1,Severe,0.021766350136143364,0,Normal,1,Severe
train,32000,3341,SA20,SA20:F03_SA20_R03.txt,1,Fall,1,1,1,Severe,0.07043327826789003,0,Normal,1,Severe
train,32001,3342,SA20,SA20:F03_SA20_R03.txt,1,Fall,1,1,1,Severe,0.07989906589217777,0,Normal,1,Severe
train,32002,3343,SA20,SA20:F03_SA20_R03.txt,1,Fall,1,1,1,Severe,0.08509956428733378,0,Normal,1,Severe
train,32003,3344,SA20,SA20:F03_SA20_R03.txt,1,Fall,1,1,1,Severe,0.08418554387809296,0,Normal,1,Severe
train,32017,3345,SA20,SA20:F03_SA20_R04.txt,1,Fall,1,1,1,Severe,0.07136625883203951,0,Normal,1,Severe
train,32018,3346,SA20,SA20:F03_SA20_R04.txt,1,Fall,1,1,1,Severe,0.07901614341613233,0,Normal,1,Severe
train,32019,3347,SA20,SA20:F03_SA20_R04.txt,1,Fall,1,1,1,Severe,0.07802980266032189,0,Normal,1,Severe
train,32020,3348,SA20,SA20:F03_SA20_R04.txt,1,Fall,1,1,1,Severe,0.0701846096766639,0,Normal,1,Severe
train,32029,3349,SA20,SA20:F03_SA20_R05.txt,1,Fall,1,1,1,Severe,0.04477224574950167,0,Normal,1,Severe
train,32030,3350,SA20,SA20:F03_SA20_R05.txt,1,Fall,1,1,1,Severe,0.06626032075886618,0,Normal,1,Severe
train,32031,3351,SA20,SA20:F03_SA20_R05.txt,1,Fall,1,1,1,Severe,0.06555617425128751,0,Normal,1,Severe
train,32032,3352,SA20,SA20:F03_SA20_R05.txt,1,Fall,1,1,1,Severe,0.05611909705615664,0,Normal,1,Severe
train,32042,3353,SA20,SA20:F04_SA20_R01.txt,1,Fall,1,1,1,Severe,0.08757947907365632,0,Normal,1,Severe
train,32043,3354,SA20,SA20:F04_SA20_R01.txt,1,Fall,1,1,1,Severe,0.09150227083056178,0,Normal,1,Severe
train,32044,3355,SA20,SA20:F04_SA20_R01.txt,1,Fall,1,1,1,Severe,0.08996985453528006,0,Normal,1,Severe
train,32045,3356,SA20,SA20:F04_SA20_R01.txt,1,Fall,1,1,1,Severe,0.07331197420951746,0,Normal,1,Severe
train,32058,3357,SA20,SA20:F04_SA20_R02.txt,1,Fall,0,0,0,Mild,0.03906370661696129,0,Normal,0,Mild
train,32059,3358,SA20,SA20:F04_SA20_R02.txt,1,Fall,0,0,0,Mild,0.04631546014585192,0,Normal,0,Mild
train,32060,3359,SA20,SA20:F04_SA20_R02.txt,1,Fall,0,0,0,Mild,0.04166230989502151,0,Normal,0,Mild
train,32061,3360,SA20,SA20:F04_SA20_R02.txt,1,Fall,0,0,0,Mild,0.021595180951581083,0,Normal,0,Mild
train,32074,3361,SA20,SA20:F04_SA20_R03.txt,1,Fall,0,0,0,Mild,0.06431858234442916,0,Normal,0,Mild
train,32075,3362,SA20,SA20:F04_SA20_R03.txt,1,Fall,0,0,0,Mild,0.07986440864279692,0,Normal,0,Mild
train,32076,3363,SA20,SA20:F04_SA20_R03.txt,1,Fall,0,0,0,Mild,0.07465182892090239,0,Normal,0,Mild
train,32077,3364,SA20,SA20:F04_SA20_R03.txt,1,Fall,0,0,0,Mild,0.03301372718757245,0,Normal,0,Mild
train,32088,3365,SA20,SA20:F04_SA20_R04.txt,1,Fall,0,0,0,Mild,0.06913661550302025,0,Normal,0,Mild
train,32089,3366,SA20,SA20:F04_SA20_R04.txt,1,Fall,0,0,0,Mild,0.0926977443326979,0,Normal,0,Mild
train,32090,3367,SA20,SA20:F04_SA20_R04.txt,1,Fall,0,0,0,Mild,0.09101995628017989,0,Normal,0,Mild
train,32091,3368,SA20,SA20:F04_SA20_R04.txt,1,Fall,0,0,0,Mild,0.07705913339653353,0,Normal,0,Mild
train,32102,3369,SA20,SA20:F04_SA20_R05.txt,1,Fall,1,1,1,Severe,0.09834795487438897,0,Normal,1,Severe
train,32103,3370,SA20,SA20:F04_SA20_R05.txt,1,Fall,1,1,1,Severe,0.1219032041825886,0,Normal,1,Severe
train,32104,3371,SA20,SA20:F04_SA20_R05.txt,1,Fall,1,1,1,Severe,0.12248871658469862,0,Normal,1,Severe
train,32105,3372,SA20,SA20:F04_SA20_R05.txt,1,Fall,1,1,1,Severe,0.1114853459714572,0,Normal,1,Severe
train,32115,3373,SA20,SA20:F05_SA20_R01.txt,1,Fall,1,1,1,Severe,0.059976750174260796,0,Normal,1,Severe
train,32116,3374,SA20,SA20:F05_SA20_R01.txt,1,Fall,1,1,1,Severe,0.06419500060542788,0,Normal,1,Severe
train,32117,3375,SA20,SA20:F05_SA20_R01.txt,1,Fall,1,1,1,Severe,0.0673360127213043,0,Normal,1,Severe
train,32118,3376,SA20,SA20:F05_SA20_R01.txt,1,Fall,1,1,1,Severe,0.04515929050050255,0,Normal,1,Severe
train,32129,3377,SA20,SA20:F05_SA20_R02.txt,1,Fall,1,1,1,Severe,-0.029534179247381775,1,Anomalous,-1,Non-applicable
train,32130,3378,SA20,SA20:F05_SA20_R02.txt,1,Fall,1,1,1,Severe,-0.019810225399572334,1,Anomalous,-1,Non-applicable
train,32131,3379,SA20,SA20:F05_SA20_R02.txt,1,Fall,1,1,1,Severe,-0.010798926095778594,1,Anomalous,-1,Non-applicable
train,32132,3380,SA20,SA20:F05_SA20_R02.txt,1,Fall,1,1,1,Severe,-0.026154867016805694,1,Anomalous,-1,Non-applicable
train,32144,3381,SA20,SA20:F05_SA20_R03.txt,1,Fall,1,1,1,Severe,0.0351224330294711,0,Normal,1,Severe
train,32145,3382,SA20,SA20:F05_SA20_R03.txt,1,Fall,1,1,1,Severe,0.045135442837335116,0,Normal,1,Severe
train,32146,3383,SA20,SA20:F05_SA20_R03.txt,1,Fall,1,1,1,Severe,0.054003520598763344,0,Normal,1,Severe
train,32147,3384,SA20,SA20:F05_SA20_R03.txt,1,Fall,1,1,1,Severe,0.049248183230620746,0,Normal,1,Severe
train,32159,3385,SA20,SA20:F05_SA20_R04.txt,1,Fall,1,1,1,Severe,0.0564542195741517,0,Normal,1,Severe
train,32160,3386,SA20,SA20:F05_SA20_R04.txt,1,Fall,1,1,1,Severe,0.06579144704064399,0,Normal,1,Severe
train,32161,3387,SA20,SA20:F05_SA20_R04.txt,1,Fall,1,1,1,Severe,0.07279316429424626,0,Normal,1,Severe
train,32162,3388,SA20,SA20:F05_SA20_R04.txt,1,Fall,1,1,1,Severe,0.06750495105678966,0,Normal,1,Severe
train,32176,3389,SA20,SA20:F05_SA20_R05.txt,1,Fall,1,1,1,Severe,0.04640421513557347,0,Normal,1,Severe
train,32177,3390,SA20,SA20:F05_SA20_R05.txt,1,Fall,1,1,1,Severe,0.055877024567999534,0,Normal,1,Severe
train,32178,3391,SA20,SA20:F05_SA20_R05.txt,1,Fall,1,1,1,Severe,0.06896220426143179,0,Normal,1,Severe
train,32179,3392,SA20,SA20:F05_SA20_R05.txt,1,Fall,1,1,1,Severe,0.046870296514225196,0,Normal,1,Severe
train,32194,3393,SA20,SA20:F06_SA20_R01.txt,1,Fall,1,1,1,Severe,0.04561096105664869,0,Normal,1,Severe
train,32195,3394,SA20,SA20:F06_SA20_R01.txt,1,Fall,1,1,1,Severe,0.05012355728907336,0,Normal,1,Severe
train,32196,3395,SA20,SA20:F06_SA20_R01.txt,1,Fall,1,1,1,Severe,0.050093852780254744,0,Normal,1,Severe
train,32197,3396,SA20,SA20:F06_SA20_R01.txt,1,Fall,1,1,1,Severe,0.041166634036432725,0,Normal,1,Severe
train,32209,3397,SA20,SA20:F06_SA20_R02.txt,1,Fall,1,1,1,Severe,0.04676194060645761,0,Normal,1,Severe
train,32210,3398,SA20,SA20:F06_SA20_R02.txt,1,Fall,1,1,1,Severe,0.06483462414889124,0,Normal,1,Severe
train,32211,3399,SA20,SA20:F06_SA20_R02.txt,1,Fall,1,1,1,Severe,0.06365152287119485,0,Normal,1,Severe
train,32212,3400,SA20,SA20:F06_SA20_R02.txt,1,Fall,1,1,1,Severe,0.06628566068568936,0,Normal,1,Severe
train,32224,3401,SA20,SA20:F06_SA20_R03.txt,1,Fall,1,1,1,Severe,0.07009454792885161,0,Normal,1,Severe
train,32225,3402,SA20,SA20:F06_SA20_R03.txt,1,Fall,1,1,1,Severe,0.07133686629019481,0,Normal,1,Severe
train,32226,3403,SA20,SA20:F06_SA20_R03.txt,1,Fall,1,1,1,Severe,0.06956944005228693,0,Normal,1,Severe
train,32227,3404,SA20,SA20:F06_SA20_R03.txt,1,Fall,1,1,1,Severe,0.0722086167634311,0,Normal,1,Severe
train,32239,3405,SA20,SA20:F06_SA20_R04.txt,1,Fall,1,1,1,Severe,0.047593188144351206,0,Normal,1,Severe
train,32240,3406,SA20,SA20:F06_SA20_R04.txt,1,Fall,1,1,1,Severe,0.0617662574974297,0,Normal,1,Severe
train,32241,3407,SA20,SA20:F06_SA20_R04.txt,1,Fall,1,1,1,Severe,0.05858749551300968,0,Normal,1,Severe
train,32242,3408,SA20,SA20:F06_SA20_R04.txt,1,Fall,1,1,1,Severe,0.04374773781878799,0,Normal,1,Severe
train,32255,3409,SA20,SA20:F06_SA20_R05.txt,1,Fall,1,1,1,Severe,0.033473892446554354,0,Normal,1,Severe
train,32256,3410,SA20,SA20:F06_SA20_R05.txt,1,Fall,1,1,1,Severe,0.04979379140882273,0,Normal,1,Severe
train,32257,3411,SA20,SA20:F06_SA20_R05.txt,1,Fall,1,1,1,Severe,0.05762298390913928,0,Normal,1,Severe
train,32258,3412,SA20,SA20:F06_SA20_R05.txt,1,Fall,1,1,1,Severe,0.06053630264306936,0,Normal,1,Severe
train,32269,3413,SA20,SA20:F07_SA20_R01.txt,1,Fall,1,1,1,Severe,0.10058938711528753,0,Normal,1,Severe
train,32270,3414,SA20,SA20:F07_SA20_R01.txt,1,Fall,1,1,1,Severe,0.10729206505191502,0,Normal,1,Severe
train,32271,3415,SA20,SA20:F07_SA20_R01.txt,1,Fall,1,1,1,Severe,0.10282607944185651,0,Normal,1,Severe
train,32272,3416,SA20,SA20:F07_SA20_R01.txt,1,Fall,1,1,1,Severe,0.07826219299656428,0,Normal,1,Severe
train,32284,3417,SA20,SA20:F07_SA20_R02.txt,1,Fall,1,1,1,Severe,0.08770642568950054,0,Normal,1,Severe
train,32285,3418,SA20,SA20:F07_SA20_R02.txt,1,Fall,1,1,1,Severe,0.09672322767200614,0,Normal,1,Severe
train,32286,3419,SA20,SA20:F07_SA20_R02.txt,1,Fall,1,1,1,Severe,0.09762634523203678,0,Normal,1,Severe
train,32287,3420,SA20,SA20:F07_SA20_R02.txt,1,Fall,1,1,1,Severe,0.0819666780378745,0,Normal,1,Severe
train,32300,3421,SA20,SA20:F07_SA20_R03.txt,1,Fall,1,1,1,Severe,0.10383913380622262,0,Normal,1,Severe
train,32301,3422,SA20,SA20:F07_SA20_R03.txt,1,Fall,1,1,1,Severe,0.10990256233507734,0,Normal,1,Severe
train,32302,3423,SA20,SA20:F07_SA20_R03.txt,1,Fall,1,1,1,Severe,0.10557122145113895,0,Normal,1,Severe
train,32303,3424,SA20,SA20:F07_SA20_R03.txt,1,Fall,1,1,1,Severe,0.06756093467933383,0,Normal,1,Severe
train,32315,3425,SA20,SA20:F07_SA20_R04.txt,1,Fall,1,1,1,Severe,0.06628841065524016,0,Normal,1,Severe
train,32316,3426,SA20,SA20:F07_SA20_R04.txt,1,Fall,1,1,1,Severe,0.10189500705354732,0,Normal,1,Severe
train,32317,3427,SA20,SA20:F07_SA20_R04.txt,1,Fall,1,1,1,Severe,0.10438710383723532,0,Normal,1,Severe
train,32318,3428,SA20,SA20:F07_SA20_R04.txt,1,Fall,1,1,1,Severe,0.09408335183253352,0,Normal,1,Severe
train,32328,3429,SA20,SA20:F07_SA20_R05.txt,1,Fall,1,1,1,Severe,0.049798371756893445,0,Normal,1,Severe
train,32329,3430,SA20,SA20:F07_SA20_R05.txt,1,Fall,1,1,1,Severe,0.08548610745598956,0,Normal,1,Severe
train,32330,3431,SA20,SA20:F07_SA20_R05.txt,1,Fall,1,1,1,Severe,0.08664902577597416,0,Normal,1,Severe
train,32331,3432,SA20,SA20:F07_SA20_R05.txt,1,Fall,1,1,1,Severe,0.07646900800187606,0,Normal,1,Severe
train,32343,3433,SA20,SA20:F08_SA20_R01.txt,1,Fall,0,0,0,Mild,0.10423999614671353,0,Normal,0,Mild
train,32344,3434,SA20,SA20:F08_SA20_R01.txt,1,Fall,0,0,0,Mild,0.10454010367757094,0,Normal,0,Mild
train,32345,3435,SA20,SA20:F08_SA20_R01.txt,1,Fall,0,0,0,Mild,0.102593308706803,0,Normal,0,Mild
train,32346,3436,SA20,SA20:F08_SA20_R01.txt,1,Fall,0,0,0,Mild,0.06553243374216466,0,Normal,0,Mild
train,32356,3437,SA20,SA20:F08_SA20_R02.txt,1,Fall,0,0,0,Mild,0.09641226257817731,0,Normal,0,Mild
train,32357,3438,SA20,SA20:F08_SA20_R02.txt,1,Fall,0,0,0,Mild,0.11084527374336567,0,Normal,0,Mild
train,32358,3439,SA20,SA20:F08_SA20_R02.txt,1,Fall,0,0,0,Mild,0.11047938855982448,0,Normal,0,Mild
train,32359,3440,SA20,SA20:F08_SA20_R02.txt,1,Fall,0,0,0,Mild,0.10519243559148567,0,Normal,0,Mild
train,32373,3441,SA20,SA20:F08_SA20_R03.txt,1,Fall,0,0,0,Mild,0.10208269947365595,0,Normal,0,Mild
train,32374,3442,SA20,SA20:F08_SA20_R03.txt,1,Fall,0,0,0,Mild,0.10779509419250694,0,Normal,0,Mild
train,32375,3443,SA20,SA20:F08_SA20_R03.txt,1,Fall,0,0,0,Mild,0.11024229676247582,0,Normal,0,Mild
train,32376,3444,SA20,SA20:F08_SA20_R03.txt,1,Fall,0,0,0,Mild,0.09503837715049784,0,Normal,0,Mild
train,32390,3445,SA20,SA20:F08_SA20_R04.txt,1,Fall,0,0,0,Mild,0.1280586264602484,0,Normal,0,Mild
train,32391,3446,SA20,SA20:F08_SA20_R04.txt,1,Fall,0,0,0,Mild,0.1306933886625864,0,Normal,0,Mild
train,32392,3447,SA20,SA20:F08_SA20_R04.txt,1,Fall,0,0,0,Mild,0.1273576346212244,0,Normal,0,Mild
train,32393,3448,SA20,SA20:F08_SA20_R04.txt,1,Fall,0,0,0,Mild,0.029042840230074085,0,Normal,0,Mild
train,32402,3449,SA20,SA20:F08_SA20_R05.txt,1,Fall,0,0,0,Mild,0.05863305731252427,0,Normal,0,Mild
train,32403,3450,SA20,SA20:F08_SA20_R05.txt,1,Fall,0,0,0,Mild,0.0799790658977797,0,Normal,0,Mild
train,32404,3451,SA20,SA20:F08_SA20_R05.txt,1,Fall,0,0,0,Mild,0.09393621270691227,0,Normal,0,Mild
train,32405,3452,SA20,SA20:F08_SA20_R05.txt,1,Fall,0,0,0,Mild,0.08793326701354254,0,Normal,0,Mild
train,32415,3453,SA20,SA20:F09_SA20_R01.txt,1,Fall,1,1,1,Severe,0.09175350414591454,0,Normal,1,Severe
train,32416,3454,SA20,SA20:F09_SA20_R01.txt,1,Fall,1,1,1,Severe,0.11750581897584866,0,Normal,1,Severe
train,32417,3455,SA20,SA20:F09_SA20_R01.txt,1,Fall,1,1,1,Severe,0.12146849799144555,0,Normal,1,Severe
train,32418,3456,SA20,SA20:F09_SA20_R01.txt,1,Fall,1,1,1,Severe,0.11160527616646865,0,Normal,1,Severe
train,32431,3457,SA20,SA20:F09_SA20_R02.txt,1,Fall,1,1,1,Severe,0.10485159108041792,0,Normal,1,Severe
train,32432,3458,SA20,SA20:F09_SA20_R02.txt,1,Fall,1,1,1,Severe,0.11670470417880074,0,Normal,1,Severe
train,32433,3459,SA20,SA20:F09_SA20_R02.txt,1,Fall,1,1,1,Severe,0.12174988841397061,0,Normal,1,Severe
train,32434,3460,SA20,SA20:F09_SA20_R02.txt,1,Fall,1,1,1,Severe,0.11166687545363208,0,Normal,1,Severe
train,32447,3461,SA20,SA20:F09_SA20_R03.txt,1,Fall,1,1,1,Severe,0.09837376331860204,0,Normal,1,Severe
train,32448,3462,SA20,SA20:F09_SA20_R03.txt,1,Fall,1,1,1,Severe,0.1028192006742219,0,Normal,1,Severe
train,32449,3463,SA20,SA20:F09_SA20_R03.txt,1,Fall,1,1,1,Severe,0.10262026762632315,0,Normal,1,Severe
train,32450,3464,SA20,SA20:F09_SA20_R03.txt,1,Fall,1,1,1,Severe,0.05799892999916284,0,Normal,1,Severe
train,32460,3465,SA20,SA20:F09_SA20_R04.txt,1,Fall,1,1,1,Severe,0.08250013340129814,0,Normal,1,Severe
train,32461,3466,SA20,SA20:F09_SA20_R04.txt,1,Fall,1,1,1,Severe,0.10261005570986964,0,Normal,1,Severe
train,32462,3467,SA20,SA20:F09_SA20_R04.txt,1,Fall,1,1,1,Severe,0.10235651722361583,0,Normal,1,Severe
train,32463,3468,SA20,SA20:F09_SA20_R04.txt,1,Fall,1,1,1,Severe,0.0982292071942763,0,Normal,1,Severe
train,32476,3469,SA20,SA20:F09_SA20_R05.txt,1,Fall,1,1,1,Severe,0.06493402968462408,0,Normal,1,Severe
train,32477,3470,SA20,SA20:F09_SA20_R05.txt,1,Fall,1,1,1,Severe,0.08761129768563808,0,Normal,1,Severe
train,32478,3471,SA20,SA20:F09_SA20_R05.txt,1,Fall,1,1,1,Severe,0.08941167153430957,0,Normal,1,Severe
train,32479,3472,SA20,SA20:F09_SA20_R05.txt,1,Fall,1,1,1,Severe,0.08599033466239203,0,Normal,1,Severe
train,32490,3473,SA20,SA20:F10_SA20_R01.txt,1,Fall,0,0,0,Mild,0.09176265878920303,0,Normal,0,Mild
train,32491,3474,SA20,SA20:F10_SA20_R01.txt,1,Fall,0,0,0,Mild,0.10093343580508846,0,Normal,0,Mild
train,32492,3475,SA20,SA20:F10_SA20_R01.txt,1,Fall,0,0,0,Mild,0.10085336300743603,0,Normal,0,Mild
train,32493,3476,SA20,SA20:F10_SA20_R01.txt,1,Fall,0,0,0,Mild,0.07791552492270581,0,Normal,0,Mild
train,32506,3477,SA20,SA20:F10_SA20_R02.txt,1,Fall,0,0,0,Mild,0.10862256851598234,0,Normal,0,Mild
train,32507,3478,SA20,SA20:F10_SA20_R02.txt,1,Fall,0,0,0,Mild,0.11415016961826774,0,Normal,0,Mild
train,32508,3479,SA20,SA20:F10_SA20_R02.txt,1,Fall,0,0,0,Mild,0.1131201813625426,0,Normal,0,Mild
train,32509,3480,SA20,SA20:F10_SA20_R02.txt,1,Fall,0,0,0,Mild,0.06121203935467773,0,Normal,0,Mild
train,32521,3481,SA20,SA20:F10_SA20_R03.txt,1,Fall,0,0,0,Mild,0.08347714424233921,0,Normal,0,Mild
train,32522,3482,SA20,SA20:F10_SA20_R03.txt,1,Fall,0,0,0,Mild,0.09352534447715416,0,Normal,0,Mild
train,32523,3483,SA20,SA20:F10_SA20_R03.txt,1,Fall,0,0,0,Mild,0.09528876924931001,0,Normal,0,Mild
train,32524,3484,SA20,SA20:F10_SA20_R03.txt,1,Fall,0,0,0,Mild,0.07666369542749091,0,Normal,0,Mild
train,32535,3485,SA20,SA20:F10_SA20_R05.txt,1,Fall,0,0,0,Mild,0.04850806609356134,0,Normal,0,Mild
train,32536,3486,SA20,SA20:F10_SA20_R05.txt,1,Fall,0,0,0,Mild,0.08198817781475737,0,Normal,0,Mild
train,32537,3487,SA20,SA20:F10_SA20_R05.txt,1,Fall,0,0,0,Mild,0.08778758627515043,0,Normal,0,Mild
train,32538,3488,SA20,SA20:F10_SA20_R05.txt,1,Fall,0,0,0,Mild,0.08786939198327737,0,Normal,0,Mild
train,32551,3489,SA20,SA20:F11_SA20_R01.txt,1,Fall,0,0,0,Mild,0.0664665624146582,0,Normal,0,Mild
train,32552,3490,SA20,SA20:F11_SA20_R01.txt,1,Fall,0,0,0,Mild,0.07223003594308974,0,Normal,0,Mild
train,32553,3491,SA20,SA20:F11_SA20_R01.txt,1,Fall,0,0,0,Mild,0.0683252257185355,0,Normal,0,Mild
train,32554,3492,SA20,SA20:F11_SA20_R01.txt,1,Fall,0,0,0,Mild,0.03703731058081561,0,Normal,0,Mild
train,32565,3493,SA20,SA20:F11_SA20_R02.txt,1,Fall,0,0,0,Mild,0.04800175419261954,0,Normal,0,Mild
train,32566,3494,SA20,SA20:F11_SA20_R02.txt,1,Fall,0,0,0,Mild,0.10879261587585393,0,Normal,0,Mild
train,32567,3495,SA20,SA20:F11_SA20_R02.txt,1,Fall,0,0,0,Mild,0.11381472522491243,0,Normal,0,Mild
train,32568,3496,SA20,SA20:F11_SA20_R02.txt,1,Fall,0,0,0,Mild,0.10165928562418364,0,Normal,0,Mild
train,32580,3497,SA20,SA20:F11_SA20_R03.txt,1,Fall,0,0,0,Mild,0.07321207024221377,0,Normal,0,Mild
train,32581,3498,SA20,SA20:F11_SA20_R03.txt,1,Fall,0,0,0,Mild,0.09258544189508205,0,Normal,0,Mild
train,32582,3499,SA20,SA20:F11_SA20_R03.txt,1,Fall,0,0,0,Mild,0.08882607292852363,0,Normal,0,Mild
train,32583,3500,SA20,SA20:F11_SA20_R03.txt,1,Fall,0,0,0,Mild,0.0837932065587908,0,Normal,0,Mild
train,32598,3501,SA20,SA20:F11_SA20_R04.txt,1,Fall,0,0,0,Mild,0.050681368194716636,0,Normal,0,Mild
train,32599,3502,SA20,SA20:F11_SA20_R04.txt,1,Fall,0,0,0,Mild,0.09689453418352478,0,Normal,0,Mild
train,32600,3503,SA20,SA20:F11_SA20_R04.txt,1,Fall,0,0,0,Mild,0.10097168633229259,0,Normal,0,Mild
train,32601,3504,SA20,SA20:F11_SA20_R04.txt,1,Fall,0,0,0,Mild,0.09434391863323677,0,Normal,0,Mild
train,32613,3505,SA20,SA20:F11_SA20_R05.txt,1,Fall,0,0,0,Mild,0.05109267370654069,0,Normal,0,Mild
train,32614,3506,SA20,SA20:F11_SA20_R05.txt,1,Fall,0,0,0,Mild,0.06896153584156389,0,Normal,0,Mild
train,32615,3507,SA20,SA20:F11_SA20_R05.txt,1,Fall,0,0,0,Mild,0.06130627285135731,0,Normal,0,Mild
train,32616,3508,SA20,SA20:F11_SA20_R05.txt,1,Fall,0,0,0,Mild,0.043636179704967026,0,Normal,0,Mild
train,32624,3509,SA20,SA20:F12_SA20_R01.txt,1,Fall,1,1,1,Severe,0.07616405853161912,0,Normal,1,Severe
train,32625,3510,SA20,SA20:F12_SA20_R01.txt,1,Fall,1,1,1,Severe,0.11345829741599062,0,Normal,1,Severe
train,32626,3511,SA20,SA20:F12_SA20_R01.txt,1,Fall,1,1,1,Severe,0.1122967084006336,0,Normal,1,Severe
train,32627,3512,SA20,SA20:F12_SA20_R01.txt,1,Fall,1,1,1,Severe,0.10510358306631568,0,Normal,1,Severe
train,32640,3513,SA20,SA20:F12_SA20_R02.txt,1,Fall,1,1,1,Severe,0.11338652026764473,0,Normal,1,Severe
train,32641,3514,SA20,SA20:F12_SA20_R02.txt,1,Fall,1,1,1,Severe,0.12288181367493906,0,Normal,1,Severe
train,32642,3515,SA20,SA20:F12_SA20_R02.txt,1,Fall,1,1,1,Severe,0.1204493101716329,0,Normal,1,Severe
train,32643,3516,SA20,SA20:F12_SA20_R02.txt,1,Fall,1,1,1,Severe,0.09471814682483998,0,Normal,1,Severe
train,32655,3517,SA20,SA20:F12_SA20_R03.txt,1,Fall,1,1,1,Severe,0.07640228973078822,0,Normal,1,Severe
train,32656,3518,SA20,SA20:F12_SA20_R03.txt,1,Fall,1,1,1,Severe,0.11597890364381919,0,Normal,1,Severe
train,32657,3519,SA20,SA20:F12_SA20_R03.txt,1,Fall,1,1,1,Severe,0.11506370903559104,0,Normal,1,Severe
train,32658,3520,SA20,SA20:F12_SA20_R03.txt,1,Fall,1,1,1,Severe,0.1041501514082579,0,Normal,1,Severe
train,32671,3521,SA20,SA20:F12_SA20_R04.txt,1,Fall,1,1,1,Severe,0.035977259350560065,0,Normal,1,Severe
train,32672,3522,SA20,SA20:F12_SA20_R04.txt,1,Fall,1,1,1,Severe,0.07290073547550863,0,Normal,1,Severe
train,32673,3523,SA20,SA20:F12_SA20_R04.txt,1,Fall,1,1,1,Severe,0.07125044606038677,0,Normal,1,Severe
train,32674,3524,SA20,SA20:F12_SA20_R04.txt,1,Fall,1,1,1,Severe,0.06274129793583655,0,Normal,1,Severe
train,32686,3525,SA20,SA20:F12_SA20_R05.txt,1,Fall,1,1,1,Severe,0.07300396955192001,0,Normal,1,Severe
train,32687,3526,SA20,SA20:F12_SA20_R05.txt,1,Fall,1,1,1,Severe,0.09386334003286873,0,Normal,1,Severe
train,32688,3527,SA20,SA20:F12_SA20_R05.txt,1,Fall,1,1,1,Severe,0.08875347376048065,0,Normal,1,Severe
train,32689,3528,SA20,SA20:F12_SA20_R05.txt,1,Fall,1,1,1,Severe,0.07903171435932604,0,Normal,1,Severe
train,32704,3529,SA20,SA20:F13_SA20_R01.txt,1,Fall,1,1,1,Severe,0.12289573379841395,0,Normal,1,Severe
train,32705,3530,SA20,SA20:F13_SA20_R01.txt,1,Fall,1,1,1,Severe,0.12425361419651232,0,Normal,1,Severe
train,32706,3531,SA20,SA20:F13_SA20_R01.txt,1,Fall,1,1,1,Severe,0.11310118772978883,0,Normal,1,Severe
train,32707,3532,SA20,SA20:F13_SA20_R01.txt,1,Fall,1,1,1,Severe,0.01495529852655808,0,Normal,1,Severe
train,32717,3533,SA20,SA20:F13_SA20_R02.txt,1,Fall,1,1,1,Severe,0.09370379846958848,0,Normal,1,Severe
train,32718,3534,SA20,SA20:F13_SA20_R02.txt,1,Fall,1,1,1,Severe,0.09901214523461649,0,Normal,1,Severe
train,32719,3535,SA20,SA20:F13_SA20_R02.txt,1,Fall,1,1,1,Severe,0.09806075127492664,0,Normal,1,Severe
train,32720,3536,SA20,SA20:F13_SA20_R02.txt,1,Fall,1,1,1,Severe,0.06788704874578405,0,Normal,1,Severe
train,32732,3537,SA20,SA20:F13_SA20_R03.txt,1,Fall,1,1,1,Severe,0.08531495640405917,0,Normal,1,Severe
train,32733,3538,SA20,SA20:F13_SA20_R03.txt,1,Fall,1,1,1,Severe,0.1002919052488141,0,Normal,1,Severe
train,32734,3539,SA20,SA20:F13_SA20_R03.txt,1,Fall,1,1,1,Severe,0.10356063525110165,0,Normal,1,Severe
train,32735,3540,SA20,SA20:F13_SA20_R03.txt,1,Fall,1,1,1,Severe,0.08212061099472795,0,Normal,1,Severe
train,32746,3541,SA20,SA20:F13_SA20_R04.txt,1,Fall,1,1,1,Severe,0.0733951177247224,0,Normal,1,Severe
train,32747,3542,SA20,SA20:F13_SA20_R04.txt,1,Fall,1,1,1,Severe,0.0878429055956414,0,Normal,1,Severe
train,32748,3543,SA20,SA20:F13_SA20_R04.txt,1,Fall,1,1,1,Severe,0.09146814901291422,0,Normal,1,Severe
train,32749,3544,SA20,SA20:F13_SA20_R04.txt,1,Fall,1,1,1,Severe,0.076538541608001,0,Normal,1,Severe
train,32760,3545,SA20,SA20:F13_SA20_R05.txt,1,Fall,1,1,1,Severe,0.09068952036319677,0,Normal,1,Severe
train,32761,3546,SA20,SA20:F13_SA20_R05.txt,1,Fall,1,1,1,Severe,0.11280279018617378,0,Normal,1,Severe
train,32762,3547,SA20,SA20:F13_SA20_R05.txt,1,Fall,1,1,1,Severe,0.11564902810685973,0,Normal,1,Severe
train,32763,3548,SA20,SA20:F13_SA20_R05.txt,1,Fall,1,1,1,Severe,0.09895187023831375,0,Normal,1,Severe
train,32774,3549,SA20,SA20:F14_SA20_R01.txt,1,Fall,0,0,0,Mild,0.04586661240017381,0,Normal,0,Mild
train,32775,3550,SA20,SA20:F14_SA20_R01.txt,1,Fall,0,0,0,Mild,0.05953217291111912,0,Normal,0,Mild
train,32776,3551,SA20,SA20:F14_SA20_R01.txt,1,Fall,0,0,0,Mild,0.0631081783543771,0,Normal,0,Mild
train,32777,3552,SA20,SA20:F14_SA20_R01.txt,1,Fall,0,0,0,Mild,0.04295344826766112,0,Normal,0,Mild
train,32787,3553,SA20,SA20:F14_SA20_R02.txt,1,Fall,0,0,0,Mild,0.057624090384502336,0,Normal,0,Mild
train,32788,3554,SA20,SA20:F14_SA20_R02.txt,1,Fall,0,0,0,Mild,0.0694665994950881,0,Normal,0,Mild
train,32789,3555,SA20,SA20:F14_SA20_R02.txt,1,Fall,0,0,0,Mild,0.06410660925207007,0,Normal,0,Mild
train,32790,3556,SA20,SA20:F14_SA20_R02.txt,1,Fall,0,0,0,Mild,0.04341147595912698,0,Normal,0,Mild
train,32804,3557,SA20,SA20:F14_SA20_R03.txt,1,Fall,0,0,0,Mild,0.06424636071814832,0,Normal,0,Mild
train,32805,3558,SA20,SA20:F14_SA20_R03.txt,1,Fall,0,0,0,Mild,0.06454888175745382,0,Normal,0,Mild
train,32806,3559,SA20,SA20:F14_SA20_R03.txt,1,Fall,0,0,0,Mild,0.05284442504373382,0,Normal,0,Mild
train,32807,3560,SA20,SA20:F14_SA20_R03.txt,1,Fall,0,0,0,Mild,0.014104815675114013,0,Normal,0,Mild
train,32820,3561,SA20,SA20:F14_SA20_R04.txt,1,Fall,0,0,0,Mild,0.06562442165008087,0,Normal,0,Mild
train,32821,3562,SA20,SA20:F14_SA20_R04.txt,1,Fall,0,0,0,Mild,0.07949939551321583,0,Normal,0,Mild
train,32822,3563,SA20,SA20:F14_SA20_R04.txt,1,Fall,0,0,0,Mild,0.07375811853260106,0,Normal,0,Mild
train,32823,3564,SA20,SA20:F14_SA20_R04.txt,1,Fall,0,0,0,Mild,0.059967256832736904,0,Normal,0,Mild
train,32836,3565,SA20,SA20:F14_SA20_R05.txt,1,Fall,0,0,0,Mild,0.06011468473541931,0,Normal,0,Mild
train,32837,3566,SA20,SA20:F14_SA20_R05.txt,1,Fall,0,0,0,Mild,0.0637066286085447,0,Normal,0,Mild
train,32838,3567,SA20,SA20:F14_SA20_R05.txt,1,Fall,0,0,0,Mild,0.0688301152100842,0,Normal,0,Mild
train,32839,3568,SA20,SA20:F14_SA20_R05.txt,1,Fall,0,0,0,Mild,0.04385188031603893,0,Normal,0,Mild
train,32850,3569,SA20,SA20:F15_SA20_R01.txt,1,Fall,1,1,1,Severe,0.0993011431069512,0,Normal,1,Severe
train,32851,3570,SA20,SA20:F15_SA20_R01.txt,1,Fall,1,1,1,Severe,0.1065918519426845,0,Normal,1,Severe
train,32852,3571,SA20,SA20:F15_SA20_R01.txt,1,Fall,1,1,1,Severe,0.10521138217070847,0,Normal,1,Severe
train,32853,3572,SA20,SA20:F15_SA20_R01.txt,1,Fall,1,1,1,Severe,0.07939326772550143,0,Normal,1,Severe
train,32865,3573,SA20,SA20:F15_SA20_R02.txt,1,Fall,1,1,1,Severe,0.11488367042421388,0,Normal,1,Severe
train,32866,3574,SA20,SA20:F15_SA20_R02.txt,1,Fall,1,1,1,Severe,0.11661605788800772,0,Normal,1,Severe
train,32867,3575,SA20,SA20:F15_SA20_R02.txt,1,Fall,1,1,1,Severe,0.11155914655573529,0,Normal,1,Severe
train,32868,3576,SA20,SA20:F15_SA20_R02.txt,1,Fall,1,1,1,Severe,0.0654416717953103,0,Normal,1,Severe
train,32879,3577,SA20,SA20:F15_SA20_R03.txt,1,Fall,1,1,1,Severe,0.10452797548906151,0,Normal,1,Severe
train,32880,3578,SA20,SA20:F15_SA20_R03.txt,1,Fall,1,1,1,Severe,0.11183965947446556,0,Normal,1,Severe
train,32881,3579,SA20,SA20:F15_SA20_R03.txt,1,Fall,1,1,1,Severe,0.11147427317629005,0,Normal,1,Severe
train,32882,3580,SA20,SA20:F15_SA20_R03.txt,1,Fall,1,1,1,Severe,0.0950091384161364,0,Normal,1,Severe
train,32895,3581,SA20,SA20:F15_SA20_R04.txt,1,Fall,1,1,1,Severe,0.12116996475099301,0,Normal,1,Severe
train,32896,3582,SA20,SA20:F15_SA20_R04.txt,1,Fall,1,1,1,Severe,0.12541042671380104,0,Normal,1,Severe
train,32897,3583,SA20,SA20:F15_SA20_R04.txt,1,Fall,1,1,1,Severe,0.11501789212897151,0,Normal,1,Severe
train,32898,3584,SA20,SA20:F15_SA20_R04.txt,1,Fall,1,1,1,Severe,0.07434842981350515,0,Normal,1,Severe
train,32910,3585,SA20,SA20:F15_SA20_R05.txt,1,Fall,0,0,0,Mild,0.10316961089186649,0,Normal,0,Mild
train,32911,3586,SA20,SA20:F15_SA20_R05.txt,1,Fall,0,0,0,Mild,0.11900407487513254,0,Normal,0,Mild
train,32912,3587,SA20,SA20:F15_SA20_R05.txt,1,Fall,0,0,0,Mild,0.10781669280154976,0,Normal,0,Mild
train,32913,3588,SA20,SA20:F15_SA20_R05.txt,1,Fall,0,0,0,Mild,0.016479239372618526,0,Normal,0,Mild
train,34555,3589,SA21,SA21:F01_SA21_R01.txt,1,Fall,0,0,0,Mild,0.11726844334161174,0,Normal,0,Mild
train,34556,3590,SA21,SA21:F01_SA21_R01.txt,1,Fall,0,0,0,Mild,0.11673409630630566,0,Normal,0,Mild
train,34557,3591,SA21,SA21:F01_SA21_R01.txt,1,Fall,0,0,0,Mild,0.11656408636529864,0,Normal,0,Mild
train,34558,3592,SA21,SA21:F01_SA21_R01.txt,1,Fall,0,0,0,Mild,0.057016216558866906,0,Normal,0,Mild
train,34569,3593,SA21,SA21:F01_SA21_R02.txt,1,Fall,0,0,0,Mild,0.08710509110285869,0,Normal,0,Mild
train,34570,3594,SA21,SA21:F01_SA21_R02.txt,1,Fall,0,0,0,Mild,0.0878475659350269,0,Normal,0,Mild
train,34571,3595,SA21,SA21:F01_SA21_R02.txt,1,Fall,0,0,0,Mild,0.08999474791970713,0,Normal,0,Mild
train,34572,3596,SA21,SA21:F01_SA21_R02.txt,1,Fall,0,0,0,Mild,0.07808380622756345,0,Normal,0,Mild
train,34584,3597,SA21,SA21:F01_SA21_R03.txt,1,Fall,0,0,0,Mild,0.11652112834046258,0,Normal,0,Mild
train,34585,3598,SA21,SA21:F01_SA21_R03.txt,1,Fall,0,0,0,Mild,0.1254790531611597,0,Normal,0,Mild
train,34586,3599,SA21,SA21:F01_SA21_R03.txt,1,Fall,0,0,0,Mild,0.12112887503460734,0,Normal,0,Mild
train,34587,3600,SA21,SA21:F01_SA21_R03.txt,1,Fall,0,0,0,Mild,0.05437557397707643,0,Normal,0,Mild
train,34600,3601,SA21,SA21:F01_SA21_R04.txt,1,Fall,0,0,0,Mild,0.10836414758618751,0,Normal,0,Mild
train,34601,3602,SA21,SA21:F01_SA21_R04.txt,1,Fall,0,0,0,Mild,0.11396086570252772,0,Normal,0,Mild
train,34602,3603,SA21,SA21:F01_SA21_R04.txt,1,Fall,0,0,0,Mild,0.11042136762527655,0,Normal,0,Mild
train,34603,3604,SA21,SA21:F01_SA21_R04.txt,1,Fall,0,0,0,Mild,0.0756722204037582,0,Normal,0,Mild
train,34615,3605,SA21,SA21:F01_SA21_R05.txt,1,Fall,1,1,1,Severe,0.06001942317456266,0,Normal,1,Severe
train,34616,3606,SA21,SA21:F01_SA21_R05.txt,1,Fall,1,1,1,Severe,0.07424216269259326,0,Normal,1,Severe
train,34617,3607,SA21,SA21:F01_SA21_R05.txt,1,Fall,1,1,1,Severe,0.07762981680186165,0,Normal,1,Severe
train,34618,3608,SA21,SA21:F01_SA21_R05.txt,1,Fall,1,1,1,Severe,0.07964610091599211,0,Normal,1,Severe
train,34631,3609,SA21,SA21:F02_SA21_R01.txt,1,Fall,0,0,0,Mild,0.06364421861392516,0,Normal,0,Mild
train,34632,3610,SA21,SA21:F02_SA21_R01.txt,1,Fall,0,0,0,Mild,0.0842779672784722,0,Normal,0,Mild
train,34633,3611,SA21,SA21:F02_SA21_R01.txt,1,Fall,0,0,0,Mild,0.08496645755090565,0,Normal,0,Mild
train,34634,3612,SA21,SA21:F02_SA21_R01.txt,1,Fall,0,0,0,Mild,0.07977359199679751,0,Normal,0,Mild
train,34647,3613,SA21,SA21:F02_SA21_R02.txt,1,Fall,0,0,0,Mild,0.0746862232847379,0,Normal,0,Mild
train,34648,3614,SA21,SA21:F02_SA21_R02.txt,1,Fall,0,0,0,Mild,0.09287845026914898,0,Normal,0,Mild
train,34649,3615,SA21,SA21:F02_SA21_R02.txt,1,Fall,0,0,0,Mild,0.08923770284769972,0,Normal,0,Mild
train,34650,3616,SA21,SA21:F02_SA21_R02.txt,1,Fall,0,0,0,Mild,0.07880583822996934,0,Normal,0,Mild
train,34666,3617,SA21,SA21:F02_SA21_R03.txt,1,Fall,0,0,0,Mild,0.08746926463690002,0,Normal,0,Mild
train,34667,3618,SA21,SA21:F02_SA21_R03.txt,1,Fall,0,0,0,Mild,0.08205205515840497,0,Normal,0,Mild
train,34668,3619,SA21,SA21:F02_SA21_R03.txt,1,Fall,0,0,0,Mild,0.08150848205640965,0,Normal,0,Mild
train,34669,3620,SA21,SA21:F02_SA21_R03.txt,1,Fall,0,0,0,Mild,0.06917715563450777,0,Normal,0,Mild
train,34678,3621,SA21,SA21:F02_SA21_R04.txt,1,Fall,0,0,0,Mild,0.1003068031303927,0,Normal,0,Mild
train,34679,3622,SA21,SA21:F02_SA21_R04.txt,1,Fall,0,0,0,Mild,0.10815803959116427,0,Normal,0,Mild
train,34680,3623,SA21,SA21:F02_SA21_R04.txt,1,Fall,0,0,0,Mild,0.10675479703312157,0,Normal,0,Mild
train,34681,3624,SA21,SA21:F02_SA21_R04.txt,1,Fall,0,0,0,Mild,0.054194324105300395,0,Normal,0,Mild
train,34690,3625,SA21,SA21:F02_SA21_R05.txt,1,Fall,1,1,1,Severe,0.09099563341978434,0,Normal,1,Severe
train,34691,3626,SA21,SA21:F02_SA21_R05.txt,1,Fall,1,1,1,Severe,0.10083304503520285,0,Normal,1,Severe
train,34692,3627,SA21,SA21:F02_SA21_R05.txt,1,Fall,1,1,1,Severe,0.0995888887591751,0,Normal,1,Severe
train,34693,3628,SA21,SA21:F02_SA21_R05.txt,1,Fall,1,1,1,Severe,0.08975549235812008,0,Normal,1,Severe
train,34705,3629,SA21,SA21:F03_SA21_R01.txt,1,Fall,1,1,1,Severe,0.03731923505492052,0,Normal,1,Severe
train,34706,3630,SA21,SA21:F03_SA21_R01.txt,1,Fall,1,1,1,Severe,0.030876613919149976,0,Normal,1,Severe
train,34707,3631,SA21,SA21:F03_SA21_R01.txt,1,Fall,1,1,1,Severe,0.03333152275281348,0,Normal,1,Severe
train,34708,3632,SA21,SA21:F03_SA21_R01.txt,1,Fall,1,1,1,Severe,0.02704321363585882,0,Normal,1,Severe
train,34721,3633,SA21,SA21:F03_SA21_R02.txt,1,Fall,1,1,1,Severe,0.08415858550332694,0,Normal,1,Severe
train,34722,3634,SA21,SA21:F03_SA21_R02.txt,1,Fall,1,1,1,Severe,0.08849094520684919,0,Normal,1,Severe
train,34723,3635,SA21,SA21:F03_SA21_R02.txt,1,Fall,1,1,1,Severe,0.08248903062936441,0,Normal,1,Severe
train,34724,3636,SA21,SA21:F03_SA21_R02.txt,1,Fall,1,1,1,Severe,0.013730207174491804,0,Normal,1,Severe
train,34735,3637,SA21,SA21:F03_SA21_R03.txt,1,Fall,1,1,1,Severe,0.04473124293588382,0,Normal,1,Severe
train,34736,3638,SA21,SA21:F03_SA21_R03.txt,1,Fall,1,1,1,Severe,0.049752901558862195,0,Normal,1,Severe
train,34737,3639,SA21,SA21:F03_SA21_R03.txt,1,Fall,1,1,1,Severe,0.056155572240016605,0,Normal,1,Severe
train,34738,3640,SA21,SA21:F03_SA21_R03.txt,1,Fall,1,1,1,Severe,0.052600741308634125,0,Normal,1,Severe
train,34750,3641,SA21,SA21:F03_SA21_R04.txt,1,Fall,1,1,1,Severe,-0.003500564832367048,1,Anomalous,-1,Non-applicable
train,34751,3642,SA21,SA21:F03_SA21_R04.txt,1,Fall,1,1,1,Severe,0.0014898352304106854,0,Normal,1,Severe
train,34752,3643,SA21,SA21:F03_SA21_R04.txt,1,Fall,1,1,1,Severe,0.009400768286077388,0,Normal,1,Severe
train,34753,3644,SA21,SA21:F03_SA21_R04.txt,1,Fall,1,1,1,Severe,-0.006154807893969716,1,Anomalous,-1,Non-applicable
train,34764,3645,SA21,SA21:F03_SA21_R05.txt,1,Fall,1,1,1,Severe,0.07989581102820642,0,Normal,1,Severe
train,34765,3646,SA21,SA21:F03_SA21_R05.txt,1,Fall,1,1,1,Severe,0.10886082082187276,0,Normal,1,Severe
train,34766,3647,SA21,SA21:F03_SA21_R05.txt,1,Fall,1,1,1,Severe,0.11852970102440957,0,Normal,1,Severe
train,34767,3648,SA21,SA21:F03_SA21_R05.txt,1,Fall,1,1,1,Severe,0.11622091516752375,0,Normal,1,Severe
train,34780,3649,SA21,SA21:F04_SA21_R01.txt,1,Fall,0,0,0,Mild,0.10556825796753272,0,Normal,0,Mild
train,34781,3650,SA21,SA21:F04_SA21_R01.txt,1,Fall,0,0,0,Mild,0.115561092206654,0,Normal,0,Mild
train,34782,3651,SA21,SA21:F04_SA21_R01.txt,1,Fall,0,0,0,Mild,0.11429207377715356,0,Normal,0,Mild
train,34783,3652,SA21,SA21:F04_SA21_R01.txt,1,Fall,0,0,0,Mild,0.059018760837166395,0,Normal,0,Mild
train,34797,3653,SA21,SA21:F04_SA21_R02.txt,1,Fall,0,0,0,Mild,0.11244928652317432,0,Normal,0,Mild
train,34798,3654,SA21,SA21:F04_SA21_R02.txt,1,Fall,0,0,0,Mild,0.11837781634363143,0,Normal,0,Mild
train,34799,3655,SA21,SA21:F04_SA21_R02.txt,1,Fall,0,0,0,Mild,0.11685480788903901,0,Normal,0,Mild
train,34800,3656,SA21,SA21:F04_SA21_R02.txt,1,Fall,0,0,0,Mild,0.10877604350864967,0,Normal,0,Mild
train,34810,3657,SA21,SA21:F04_SA21_R03.txt,1,Fall,1,1,1,Severe,0.10007163749351466,0,Normal,1,Severe
train,34811,3658,SA21,SA21:F04_SA21_R03.txt,1,Fall,1,1,1,Severe,0.10593845802934776,0,Normal,1,Severe
train,34812,3659,SA21,SA21:F04_SA21_R03.txt,1,Fall,1,1,1,Severe,0.10538687731174856,0,Normal,1,Severe
train,34813,3660,SA21,SA21:F04_SA21_R03.txt,1,Fall,1,1,1,Severe,0.07734096504396121,0,Normal,1,Severe
train,34826,3661,SA21,SA21:F04_SA21_R04.txt,1,Fall,0,0,0,Mild,0.057589063070309754,0,Normal,0,Mild
train,34827,3662,SA21,SA21:F04_SA21_R04.txt,1,Fall,0,0,0,Mild,0.062067249025157645,0,Normal,0,Mild
train,34828,3663,SA21,SA21:F04_SA21_R04.txt,1,Fall,0,0,0,Mild,0.06459914509619785,0,Normal,0,Mild
train,34829,3664,SA21,SA21:F04_SA21_R04.txt,1,Fall,0,0,0,Mild,0.024361983271299015,0,Normal,0,Mild
train,34839,3665,SA21,SA21:F04_SA21_R05.txt,1,Fall,0,0,0,Mild,0.07994005849652647,0,Normal,0,Mild
train,34840,3666,SA21,SA21:F04_SA21_R05.txt,1,Fall,0,0,0,Mild,0.09652745265200974,0,Normal,0,Mild
train,34841,3667,SA21,SA21:F04_SA21_R05.txt,1,Fall,0,0,0,Mild,0.1013432729234684,0,Normal,0,Mild
train,34842,3668,SA21,SA21:F04_SA21_R05.txt,1,Fall,0,0,0,Mild,0.09969094496323072,0,Normal,0,Mild
train,34854,3669,SA21,SA21:F05_SA21_R01.txt,1,Fall,1,1,1,Severe,0.02463697835656753,0,Normal,1,Severe
train,34855,3670,SA21,SA21:F05_SA21_R01.txt,1,Fall,1,1,1,Severe,0.030005490193200535,0,Normal,1,Severe
train,34856,3671,SA21,SA21:F05_SA21_R01.txt,1,Fall,1,1,1,Severe,0.034098376980143175,0,Normal,1,Severe
train,34857,3672,SA21,SA21:F05_SA21_R01.txt,1,Fall,1,1,1,Severe,-0.0022327262680978954,1,Anomalous,-1,Non-applicable
train,34869,3673,SA21,SA21:F05_SA21_R02.txt,1,Fall,0,0,0,Mild,0.07294946848239009,0,Normal,0,Mild
train,34870,3674,SA21,SA21:F05_SA21_R02.txt,1,Fall,0,0,0,Mild,0.07864446540342324,0,Normal,0,Mild
train,34871,3675,SA21,SA21:F05_SA21_R02.txt,1,Fall,0,0,0,Mild,0.08575798036098686,0,Normal,0,Mild
train,34872,3676,SA21,SA21:F05_SA21_R02.txt,1,Fall,0,0,0,Mild,0.05841977075026633,0,Normal,0,Mild
train,34884,3677,SA21,SA21:F05_SA21_R03.txt,1,Fall,0,0,0,Mild,0.11038165368384889,0,Normal,0,Mild
train,34885,3678,SA21,SA21:F05_SA21_R03.txt,1,Fall,0,0,0,Mild,0.11082597425736063,0,Normal,0,Mild
train,34886,3679,SA21,SA21:F05_SA21_R03.txt,1,Fall,0,0,0,Mild,0.11355972454902818,0,Normal,0,Mild
train,34887,3680,SA21,SA21:F05_SA21_R03.txt,1,Fall,0,0,0,Mild,0.08394430256838153,0,Normal,0,Mild
train,34899,3681,SA21,SA21:F05_SA21_R04.txt,1,Fall,0,0,0,Mild,0.0931822785198334,0,Normal,0,Mild
train,34900,3682,SA21,SA21:F05_SA21_R04.txt,1,Fall,0,0,0,Mild,0.09343437628114348,0,Normal,0,Mild
train,34901,3683,SA21,SA21:F05_SA21_R04.txt,1,Fall,0,0,0,Mild,0.09420401577071369,0,Normal,0,Mild
train,34902,3684,SA21,SA21:F05_SA21_R04.txt,1,Fall,0,0,0,Mild,0.06471151023220079,0,Normal,0,Mild
train,34914,3685,SA21,SA21:F05_SA21_R05.txt,1,Fall,0,0,0,Mild,0.1110647691055695,0,Normal,0,Mild
train,34915,3686,SA21,SA21:F05_SA21_R05.txt,1,Fall,0,0,0,Mild,0.11499837308685468,0,Normal,0,Mild
train,34916,3687,SA21,SA21:F05_SA21_R05.txt,1,Fall,0,0,0,Mild,0.10774075851977483,0,Normal,0,Mild
train,34917,3688,SA21,SA21:F05_SA21_R05.txt,1,Fall,0,0,0,Mild,0.026220030737634792,0,Normal,0,Mild
train,34930,3689,SA21,SA21:F06_SA21_R01.txt,1,Fall,1,1,1,Severe,0.08010330036664359,0,Normal,1,Severe
train,34931,3690,SA21,SA21:F06_SA21_R01.txt,1,Fall,1,1,1,Severe,0.08938994308898879,0,Normal,1,Severe
train,34932,3691,SA21,SA21:F06_SA21_R01.txt,1,Fall,1,1,1,Severe,0.09098036161880829,0,Normal,1,Severe
train,34933,3692,SA21,SA21:F06_SA21_R01.txt,1,Fall,1,1,1,Severe,0.062046788155777244,0,Normal,1,Severe
train,34945,3693,SA21,SA21:F06_SA21_R02.txt,1,Fall,1,1,1,Severe,0.07731902773171034,0,Normal,1,Severe
train,34946,3694,SA21,SA21:F06_SA21_R02.txt,1,Fall,1,1,1,Severe,0.09404679591217424,0,Normal,1,Severe
train,34947,3695,SA21,SA21:F06_SA21_R02.txt,1,Fall,1,1,1,Severe,0.09528428568452285,0,Normal,1,Severe
train,34948,3696,SA21,SA21:F06_SA21_R02.txt,1,Fall,1,1,1,Severe,0.08350798679733418,0,Normal,1,Severe
train,34961,3697,SA21,SA21:F06_SA21_R03.txt,1,Fall,1,1,1,Severe,0.08854853069064456,0,Normal,1,Severe
train,34962,3698,SA21,SA21:F06_SA21_R03.txt,1,Fall,1,1,1,Severe,0.1019409191172605,0,Normal,1,Severe
train,34963,3699,SA21,SA21:F06_SA21_R03.txt,1,Fall,1,1,1,Severe,0.10963810994185574,0,Normal,1,Severe
train,34964,3700,SA21,SA21:F06_SA21_R03.txt,1,Fall,1,1,1,Severe,0.105237365239154,0,Normal,1,Severe
train,34980,3701,SA21,SA21:F06_SA21_R04.txt,1,Fall,1,1,1,Severe,0.07326344563742271,0,Normal,1,Severe
train,34981,3702,SA21,SA21:F06_SA21_R04.txt,1,Fall,1,1,1,Severe,0.07241194279368796,0,Normal,1,Severe
train,34982,3703,SA21,SA21:F06_SA21_R04.txt,1,Fall,1,1,1,Severe,0.07979816464304701,0,Normal,1,Severe
train,34983,3704,SA21,SA21:F06_SA21_R04.txt,1,Fall,1,1,1,Severe,0.07516027548824622,0,Normal,1,Severe
train,34993,3705,SA21,SA21:F06_SA21_R05.txt,1,Fall,1,1,1,Severe,0.02736152900540345,0,Normal,1,Severe
train,34994,3706,SA21,SA21:F06_SA21_R05.txt,1,Fall,1,1,1,Severe,0.04708028891331012,0,Normal,1,Severe
train,34995,3707,SA21,SA21:F06_SA21_R05.txt,1,Fall,1,1,1,Severe,0.059424401683579986,0,Normal,1,Severe
train,34996,3708,SA21,SA21:F06_SA21_R05.txt,1,Fall,1,1,1,Severe,0.05308894198949776,0,Normal,1,Severe
train,35008,3709,SA21,SA21:F07_SA21_R01.txt,1,Fall,1,1,1,Severe,0.09804811928854801,0,Normal,1,Severe
train,35009,3710,SA21,SA21:F07_SA21_R01.txt,1,Fall,1,1,1,Severe,0.09755170778280475,0,Normal,1,Severe
train,35010,3711,SA21,SA21:F07_SA21_R01.txt,1,Fall,1,1,1,Severe,0.0750861441806886,0,Normal,1,Severe
train,35011,3712,SA21,SA21:F07_SA21_R01.txt,1,Fall,1,1,1,Severe,0.0051008558218939015,0,Normal,1,Severe
train,35024,3713,SA21,SA21:F07_SA21_R02.txt,1,Fall,1,1,1,Severe,0.0863867122866333,0,Normal,1,Severe
train,35025,3714,SA21,SA21:F07_SA21_R02.txt,1,Fall,1,1,1,Severe,0.1008631711013534,0,Normal,1,Severe
train,35026,3715,SA21,SA21:F07_SA21_R02.txt,1,Fall,1,1,1,Severe,0.11115477333211404,0,Normal,1,Severe
train,35027,3716,SA21,SA21:F07_SA21_R02.txt,1,Fall,1,1,1,Severe,0.09678930260128848,0,Normal,1,Severe
train,35039,3717,SA21,SA21:F07_SA21_R03.txt,1,Fall,1,1,1,Severe,0.12456229678091629,0,Normal,1,Severe
train,35040,3718,SA21,SA21:F07_SA21_R03.txt,1,Fall,1,1,1,Severe,0.1215746265539342,0,Normal,1,Severe
train,35041,3719,SA21,SA21:F07_SA21_R03.txt,1,Fall,1,1,1,Severe,0.12053769717509694,0,Normal,1,Severe
train,35042,3720,SA21,SA21:F07_SA21_R03.txt,1,Fall,1,1,1,Severe,0.08801253138724346,0,Normal,1,Severe
train,35053,3721,SA21,SA21:F07_SA21_R04.txt,1,Fall,1,1,1,Severe,0.08054675106242848,0,Normal,1,Severe
train,35054,3722,SA21,SA21:F07_SA21_R04.txt,1,Fall,1,1,1,Severe,0.09646941484353577,0,Normal,1,Severe
train,35055,3723,SA21,SA21:F07_SA21_R04.txt,1,Fall,1,1,1,Severe,0.09371367304668832,0,Normal,1,Severe
train,35056,3724,SA21,SA21:F07_SA21_R04.txt,1,Fall,1,1,1,Severe,0.06362470599163966,0,Normal,1,Severe
train,35070,3725,SA21,SA21:F07_SA21_R05.txt,1,Fall,1,1,1,Severe,0.06736635771547966,0,Normal,1,Severe
train,35071,3726,SA21,SA21:F07_SA21_R05.txt,1,Fall,1,1,1,Severe,0.06166791786812886,0,Normal,1,Severe
train,35072,3727,SA21,SA21:F07_SA21_R05.txt,1,Fall,1,1,1,Severe,0.059358400103566245,0,Normal,1,Severe
train,35073,3728,SA21,SA21:F07_SA21_R05.txt,1,Fall,1,1,1,Severe,0.05259434441281391,0,Normal,1,Severe
train,35078,3729,SA21,SA21:F08_SA21_R01.txt,1,Fall,1,1,1,Severe,0.05296306253868982,0,Normal,1,Severe
train,35079,3730,SA21,SA21:F08_SA21_R01.txt,1,Fall,1,1,1,Severe,0.05415752638468996,0,Normal,1,Severe
train,35080,3731,SA21,SA21:F08_SA21_R01.txt,1,Fall,1,1,1,Severe,0.04710721734516582,0,Normal,1,Severe
train,35081,3732,SA21,SA21:F08_SA21_R01.txt,1,Fall,1,1,1,Severe,0.03425104786727662,0,Normal,1,Severe
train,35094,3733,SA21,SA21:F08_SA21_R02.txt,1,Fall,0,0,0,Mild,0.09521279513530934,0,Normal,0,Mild
train,35095,3734,SA21,SA21:F08_SA21_R02.txt,1,Fall,0,0,0,Mild,0.08960049206796361,0,Normal,0,Mild
train,35096,3735,SA21,SA21:F08_SA21_R02.txt,1,Fall,0,0,0,Mild,0.08333162351434714,0,Normal,0,Mild
train,35097,3736,SA21,SA21:F08_SA21_R02.txt,1,Fall,0,0,0,Mild,0.06974287290783532,0,Normal,0,Mild
train,35111,3737,SA21,SA21:F08_SA21_R03.txt,1,Fall,1,1,1,Severe,0.04981500842528497,0,Normal,1,Severe
train,35112,3738,SA21,SA21:F08_SA21_R03.txt,1,Fall,1,1,1,Severe,0.047553184373367086,0,Normal,1,Severe
train,35113,3739,SA21,SA21:F08_SA21_R03.txt,1,Fall,1,1,1,Severe,0.03283424345697006,0,Normal,1,Severe
train,35114,3740,SA21,SA21:F08_SA21_R03.txt,1,Fall,0,0,0,Mild,0.01390836377452398,0,Normal,0,Mild
train,35124,3741,SA21,SA21:F08_SA21_R04.txt,1,Fall,0,0,0,Mild,0.10099660557574675,0,Normal,0,Mild
train,35125,3742,SA21,SA21:F08_SA21_R04.txt,1,Fall,0,0,0,Mild,0.09812992424573652,0,Normal,0,Mild
train,35126,3743,SA21,SA21:F08_SA21_R04.txt,1,Fall,0,0,0,Mild,0.08613945025495567,0,Normal,0,Mild
train,35127,3744,SA21,SA21:F08_SA21_R04.txt,1,Fall,0,0,0,Mild,0.06601582181878085,0,Normal,0,Mild
train,35141,3745,SA21,SA21:F08_SA21_R05.txt,1,Fall,1,1,1,Severe,0.07893785023794037,0,Normal,1,Severe
train,35142,3746,SA21,SA21:F08_SA21_R05.txt,1,Fall,1,1,1,Severe,0.07919116682843969,0,Normal,1,Severe
train,35143,3747,SA21,SA21:F08_SA21_R05.txt,1,Fall,1,1,1,Severe,0.06251291830339728,0,Normal,1,Severe
train,35144,3748,SA21,SA21:F08_SA21_R05.txt,1,Fall,1,1,1,Severe,0.03922059456586319,0,Normal,1,Severe
train,35153,3749,SA21,SA21:F09_SA21_R01.txt,1,Fall,1,1,1,Severe,0.10291942255551456,0,Normal,1,Severe
train,35154,3750,SA21,SA21:F09_SA21_R01.txt,1,Fall,1,1,1,Severe,0.11172620662148475,0,Normal,1,Severe
train,35155,3751,SA21,SA21:F09_SA21_R01.txt,1,Fall,1,1,1,Severe,0.09757892475050584,0,Normal,1,Severe
train,35156,3752,SA21,SA21:F09_SA21_R01.txt,1,Fall,1,1,1,Severe,0.07531349718994207,0,Normal,1,Severe
train,35171,3753,SA21,SA21:F09_SA21_R02.txt,1,Fall,1,1,1,Severe,0.09569139757221679,0,Normal,1,Severe
train,35172,3754,SA21,SA21:F09_SA21_R02.txt,1,Fall,1,1,1,Severe,0.09491614098391693,0,Normal,1,Severe
train,35173,3755,SA21,SA21:F09_SA21_R02.txt,1,Fall,1,1,1,Severe,0.10347156436502758,0,Normal,1,Severe
train,35174,3756,SA21,SA21:F09_SA21_R02.txt,1,Fall,1,1,1,Severe,0.09190054263485914,0,Normal,1,Severe
train,35185,3757,SA21,SA21:F09_SA21_R03.txt,1,Fall,1,1,1,Severe,0.10315741678756507,0,Normal,1,Severe
train,35186,3758,SA21,SA21:F09_SA21_R03.txt,1,Fall,1,1,1,Severe,0.09627507088853171,0,Normal,1,Severe
train,35187,3759,SA21,SA21:F09_SA21_R03.txt,1,Fall,1,1,1,Severe,0.10107264951707107,0,Normal,1,Severe
train,35188,3760,SA21,SA21:F09_SA21_R03.txt,1,Fall,1,1,1,Severe,0.08460793766787017,0,Normal,1,Severe
train,35199,3761,SA21,SA21:F09_SA21_R04.txt,1,Fall,1,1,1,Severe,0.09257404662960717,0,Normal,1,Severe
train,35200,3762,SA21,SA21:F09_SA21_R04.txt,1,Fall,1,1,1,Severe,0.11407392386125192,0,Normal,1,Severe
train,35201,3763,SA21,SA21:F09_SA21_R04.txt,1,Fall,1,1,1,Severe,0.11711615731091718,0,Normal,1,Severe
train,35202,3764,SA21,SA21:F09_SA21_R04.txt,1,Fall,1,1,1,Severe,0.10656362158281596,0,Normal,1,Severe
train,35215,3765,SA21,SA21:F09_SA21_R05.txt,1,Fall,1,1,1,Severe,0.09961551224806348,0,Normal,1,Severe
train,35216,3766,SA21,SA21:F09_SA21_R05.txt,1,Fall,1,1,1,Severe,0.1180128549999857,0,Normal,1,Severe
train,35217,3767,SA21,SA21:F09_SA21_R05.txt,1,Fall,1,1,1,Severe,0.11990108474409905,0,Normal,1,Severe
train,35218,3768,SA21,SA21:F09_SA21_R05.txt,1,Fall,1,1,1,Severe,0.11351905896054909,0,Normal,1,Severe
train,35230,3769,SA21,SA21:F10_SA21_R01.txt,1,Fall,1,1,1,Severe,0.06724529900604881,0,Normal,1,Severe
train,35231,3770,SA21,SA21:F10_SA21_R01.txt,1,Fall,1,1,1,Severe,0.06749655480107458,0,Normal,1,Severe
train,35232,3771,SA21,SA21:F10_SA21_R01.txt,1,Fall,1,1,1,Severe,0.059366480792757415,0,Normal,1,Severe
train,35233,3772,SA21,SA21:F10_SA21_R01.txt,1,Fall,1,1,1,Severe,0.03764881177547419,0,Normal,1,Severe
train,35244,3773,SA21,SA21:F10_SA21_R02.txt,1,Fall,0,0,0,Mild,0.04865816169077636,0,Normal,0,Mild
train,35245,3774,SA21,SA21:F10_SA21_R02.txt,1,Fall,0,0,0,Mild,0.05442979044666496,0,Normal,0,Mild
train,35246,3775,SA21,SA21:F10_SA21_R02.txt,1,Fall,0,0,0,Mild,0.04497635699706948,0,Normal,0,Mild
train,35247,3776,SA21,SA21:F10_SA21_R02.txt,1,Fall,0,0,0,Mild,0.044025619626858525,0,Normal,0,Mild
train,35258,3777,SA21,SA21:F10_SA21_R03.txt,1,Fall,0,0,0,Mild,0.08449339636254555,0,Normal,0,Mild
train,35259,3778,SA21,SA21:F10_SA21_R03.txt,1,Fall,0,0,0,Mild,0.0901762124015622,0,Normal,0,Mild
train,35260,3779,SA21,SA21:F10_SA21_R03.txt,1,Fall,0,0,0,Mild,0.09260155908988604,0,Normal,0,Mild
train,35261,3780,SA21,SA21:F10_SA21_R03.txt,1,Fall,0,0,0,Mild,0.07542369585232128,0,Normal,0,Mild
train,35274,3781,SA21,SA21:F10_SA21_R04.txt,1,Fall,0,0,0,Mild,0.11404831167353796,0,Normal,0,Mild
train,35275,3782,SA21,SA21:F10_SA21_R04.txt,1,Fall,0,0,0,Mild,0.11838062652384052,0,Normal,0,Mild
train,35276,3783,SA21,SA21:F10_SA21_R04.txt,1,Fall,0,0,0,Mild,0.11690421139547374,0,Normal,0,Mild
train,35277,3784,SA21,SA21:F10_SA21_R04.txt,1,Fall,0,0,0,Mild,0.10603234211232432,0,Normal,0,Mild
train,35289,3785,SA21,SA21:F10_SA21_R05.txt,1,Fall,1,1,1,Severe,0.0815908279377548,0,Normal,1,Severe
train,35290,3786,SA21,SA21:F10_SA21_R05.txt,1,Fall,1,1,1,Severe,0.08830510189588398,0,Normal,1,Severe
train,35291,3787,SA21,SA21:F10_SA21_R05.txt,1,Fall,1,1,1,Severe,0.08820893930752355,0,Normal,1,Severe
train,35292,3788,SA21,SA21:F10_SA21_R05.txt,1,Fall,1,1,1,Severe,0.06725285501533457,0,Normal,1,Severe
train,35304,3789,SA21,SA21:F11_SA21_R01.txt,1,Fall,0,0,0,Mild,0.03853022226279612,0,Normal,0,Mild
train,35305,3790,SA21,SA21:F11_SA21_R01.txt,1,Fall,0,0,0,Mild,0.03753743665174086,0,Normal,0,Mild
train,35306,3791,SA21,SA21:F11_SA21_R01.txt,1,Fall,0,0,0,Mild,0.03225883719056538,0,Normal,0,Mild
train,35307,3792,SA21,SA21:F11_SA21_R01.txt,1,Fall,0,0,0,Mild,0.02510893307062456,0,Normal,0,Mild
train,35321,3793,SA21,SA21:F11_SA21_R02.txt,1,Fall,0,0,0,Mild,0.040469839070355285,0,Normal,0,Mild
train,35322,3794,SA21,SA21:F11_SA21_R02.txt,1,Fall,0,0,0,Mild,0.04447214390063703,0,Normal,0,Mild
train,35323,3795,SA21,SA21:F11_SA21_R02.txt,1,Fall,0,0,0,Mild,0.04202601606575346,0,Normal,0,Mild
train,35324,3796,SA21,SA21:F11_SA21_R02.txt,1,Fall,0,0,0,Mild,0.035216097502690225,0,Normal,0,Mild
train,35333,3797,SA21,SA21:F11_SA21_R03.txt,1,Fall,0,0,0,Mild,0.0033946097111042794,0,Normal,0,Mild
train,35334,3798,SA21,SA21:F11_SA21_R03.txt,1,Fall,0,0,0,Mild,0.004779051809752133,0,Normal,0,Mild
train,35335,3799,SA21,SA21:F11_SA21_R03.txt,1,Fall,0,0,0,Mild,0.0017309653599613117,0,Normal,0,Mild
train,35336,3800,SA21,SA21:F11_SA21_R03.txt,1,Fall,0,0,0,Mild,-0.008569383894610594,1,Anomalous,-1,Non-applicable
train,35349,3801,SA21,SA21:F11_SA21_R04.txt,1,Fall,0,0,0,Mild,0.03236747759641778,0,Normal,0,Mild
train,35350,3802,SA21,SA21:F11_SA21_R04.txt,1,Fall,0,0,0,Mild,0.03232181338775003,0,Normal,0,Mild
train,35351,3803,SA21,SA21:F11_SA21_R04.txt,1,Fall,0,0,0,Mild,0.032157802811549674,0,Normal,0,Mild
train,35352,3804,SA21,SA21:F11_SA21_R04.txt,1,Fall,0,0,0,Mild,0.023830317644570442,0,Normal,0,Mild
train,35364,3805,SA21,SA21:F11_SA21_R05.txt,1,Fall,0,0,0,Mild,0.03681771712908516,0,Normal,0,Mild
train,35365,3806,SA21,SA21:F11_SA21_R05.txt,1,Fall,0,0,0,Mild,0.02171898744826406,0,Normal,0,Mild
train,35366,3807,SA21,SA21:F11_SA21_R05.txt,1,Fall,0,0,0,Mild,0.022742453849822653,0,Normal,0,Mild
train,35367,3808,SA21,SA21:F11_SA21_R05.txt,1,Fall,0,0,0,Mild,0.0033472154159931433,0,Normal,0,Mild
train,35379,3809,SA21,SA21:F12_SA21_R01.txt,1,Fall,1,1,1,Severe,0.09314506128699912,0,Normal,1,Severe
train,35380,3810,SA21,SA21:F12_SA21_R01.txt,1,Fall,1,1,1,Severe,0.09623311684414881,0,Normal,1,Severe
train,35381,3811,SA21,SA21:F12_SA21_R01.txt,1,Fall,1,1,1,Severe,0.09455053892869059,0,Normal,1,Severe
train,35382,3812,SA21,SA21:F12_SA21_R01.txt,1,Fall,1,1,1,Severe,0.035034088162654076,0,Normal,1,Severe
train,35395,3813,SA21,SA21:F12_SA21_R02.txt,1,Fall,1,1,1,Severe,0.13207628738317118,0,Normal,1,Severe
train,35396,3814,SA21,SA21:F12_SA21_R02.txt,1,Fall,1,1,1,Severe,0.13107135179060347,0,Normal,1,Severe
train,35397,3815,SA21,SA21:F12_SA21_R02.txt,1,Fall,1,1,1,Severe,0.11926921131671292,0,Normal,1,Severe
train,35398,3816,SA21,SA21:F12_SA21_R02.txt,1,Fall,1,1,1,Severe,0.0953965648649236,0,Normal,1,Severe
train,35409,3817,SA21,SA21:F12_SA21_R03.txt,1,Fall,1,1,1,Severe,0.12357148039688398,0,Normal,1,Severe
train,35410,3818,SA21,SA21:F12_SA21_R03.txt,1,Fall,1,1,1,Severe,0.1269310315273522,0,Normal,1,Severe
train,35411,3819,SA21,SA21:F12_SA21_R03.txt,1,Fall,1,1,1,Severe,0.11538349279178256,0,Normal,1,Severe
train,35412,3820,SA21,SA21:F12_SA21_R03.txt,1,Fall,1,1,1,Severe,0.09034619394085064,0,Normal,1,Severe
train,35423,3821,SA21,SA21:F12_SA21_R04.txt,1,Fall,1,1,1,Severe,0.10089374155073744,0,Normal,1,Severe
train,35424,3822,SA21,SA21:F12_SA21_R04.txt,1,Fall,1,1,1,Severe,0.1107640169190306,0,Normal,1,Severe
train,35425,3823,SA21,SA21:F12_SA21_R04.txt,1,Fall,1,1,1,Severe,0.1133215628892088,0,Normal,1,Severe
train,35426,3824,SA21,SA21:F12_SA21_R04.txt,1,Fall,1,1,1,Severe,0.09373243680745036,0,Normal,1,Severe
train,35439,3825,SA21,SA21:F12_SA21_R05.txt,1,Fall,1,1,1,Severe,0.0800919282391851,0,Normal,1,Severe
train,35440,3826,SA21,SA21:F12_SA21_R05.txt,1,Fall,1,1,1,Severe,0.12173934598154124,0,Normal,1,Severe
train,35441,3827,SA21,SA21:F12_SA21_R05.txt,1,Fall,1,1,1,Severe,0.12289245354873657,0,Normal,1,Severe
train,35442,3828,SA21,SA21:F12_SA21_R05.txt,1,Fall,1,1,1,Severe,0.11589902136747815,0,Normal,1,Severe
train,35452,3829,SA21,SA21:F13_SA21_R01.txt,1,Fall,0,0,0,Mild,0.07842616547620906,0,Normal,0,Mild
train,35453,3830,SA21,SA21:F13_SA21_R01.txt,1,Fall,0,0,0,Mild,0.08383377278451193,0,Normal,0,Mild
train,35454,3831,SA21,SA21:F13_SA21_R01.txt,1,Fall,0,0,0,Mild,0.075844844433823,0,Normal,0,Mild
train,35455,3832,SA21,SA21:F13_SA21_R01.txt,1,Fall,0,0,0,Mild,0.03329320086226073,0,Normal,0,Mild
train,35469,3833,SA21,SA21:F13_SA21_R02.txt,1,Fall,1,1,1,Severe,0.08020009556761043,0,Normal,1,Severe
train,35470,3834,SA21,SA21:F13_SA21_R02.txt,1,Fall,1,1,1,Severe,0.06243836595766894,0,Normal,1,Severe
train,35471,3835,SA21,SA21:F13_SA21_R02.txt,1,Fall,1,1,1,Severe,0.06877904125539114,0,Normal,1,Severe
train,35472,3836,SA21,SA21:F13_SA21_R02.txt,1,Fall,1,1,1,Severe,0.05567696545225337,0,Normal,1,Severe
train,35482,3837,SA21,SA21:F13_SA21_R03.txt,1,Fall,1,1,1,Severe,0.07549718437669778,0,Normal,1,Severe
train,35483,3838,SA21,SA21:F13_SA21_R03.txt,1,Fall,1,1,1,Severe,0.08209203317098313,0,Normal,1,Severe
train,35484,3839,SA21,SA21:F13_SA21_R03.txt,1,Fall,1,1,1,Severe,0.06385927794427282,0,Normal,1,Severe
train,35485,3840,SA21,SA21:F13_SA21_R03.txt,1,Fall,1,1,1,Severe,0.07255119926064169,0,Normal,1,Severe
train,35499,3841,SA21,SA21:F13_SA21_R04.txt,1,Fall,1,1,1,Severe,0.1065744643509034,0,Normal,1,Severe
train,35500,3842,SA21,SA21:F13_SA21_R04.txt,1,Fall,1,1,1,Severe,0.10707587579210953,0,Normal,1,Severe
train,35501,3843,SA21,SA21:F13_SA21_R04.txt,1,Fall,1,1,1,Severe,0.09146960790770242,0,Normal,1,Severe
train,35502,3844,SA21,SA21:F13_SA21_R04.txt,1,Fall,1,1,1,Severe,0.052637399766907345,0,Normal,1,Severe
train,35513,3845,SA21,SA21:F13_SA21_R05.txt,1,Fall,1,1,1,Severe,0.09789714920877429,0,Normal,1,Severe
train,35514,3846,SA21,SA21:F13_SA21_R05.txt,1,Fall,1,1,1,Severe,0.09928159654378943,0,Normal,1,Severe
train,35515,3847,SA21,SA21:F13_SA21_R05.txt,1,Fall,1,1,1,Severe,0.0978243455974862,0,Normal,1,Severe
train,35516,3848,SA21,SA21:F13_SA21_R05.txt,1,Fall,1,1,1,Severe,0.08405832933221591,0,Normal,1,Severe
train,35527,3849,SA21,SA21:F14_SA21_R01.txt,1,Fall,0,0,0,Mild,0.007601740364301501,0,Normal,0,Mild
train,35528,3850,SA21,SA21:F14_SA21_R01.txt,1,Fall,0,0,0,Mild,0.059244062633274086,0,Normal,0,Mild
train,35529,3851,SA21,SA21:F14_SA21_R01.txt,1,Fall,0,0,0,Mild,0.05604550836026734,0,Normal,0,Mild
train,35530,3852,SA21,SA21:F14_SA21_R01.txt,1,Fall,0,0,0,Mild,0.04508047226039974,0,Normal,0,Mild
train,35543,3853,SA21,SA21:F14_SA21_R02.txt,1,Fall,0,0,0,Mild,0.06131177898510154,0,Normal,0,Mild
train,35544,3854,SA21,SA21:F14_SA21_R02.txt,1,Fall,0,0,0,Mild,0.06890811705746852,0,Normal,0,Mild
train,35545,3855,SA21,SA21:F14_SA21_R02.txt,1,Fall,0,0,0,Mild,0.07257787958261241,0,Normal,0,Mild
train,35546,3856,SA21,SA21:F14_SA21_R02.txt,1,Fall,0,0,0,Mild,0.061239350475063625,0,Normal,0,Mild
train,35557,3857,SA21,SA21:F14_SA21_R03.txt,1,Fall,0,0,0,Mild,0.0629009357933672,0,Normal,0,Mild
train,35558,3858,SA21,SA21:F14_SA21_R03.txt,1,Fall,0,0,0,Mild,0.07006713893901673,0,Normal,0,Mild
train,35559,3859,SA21,SA21:F14_SA21_R03.txt,1,Fall,0,0,0,Mild,0.07418140885210145,0,Normal,0,Mild
train,35560,3860,SA21,SA21:F14_SA21_R03.txt,1,Fall,0,0,0,Mild,0.061410263081177974,0,Normal,0,Mild
train,35572,3861,SA21,SA21:F14_SA21_R04.txt,1,Fall,0,0,0,Mild,0.04621093167625001,0,Normal,0,Mild
train,35573,3862,SA21,SA21:F14_SA21_R04.txt,1,Fall,0,0,0,Mild,0.07181373107831912,0,Normal,0,Mild
train,35574,3863,SA21,SA21:F14_SA21_R04.txt,1,Fall,0,0,0,Mild,0.07607507646360584,0,Normal,0,Mild
train,35575,3864,SA21,SA21:F14_SA21_R04.txt,1,Fall,0,0,0,Mild,0.06707929602459656,0,Normal,0,Mild
train,35590,3865,SA21,SA21:F14_SA21_R05.txt,1,Fall,0,0,0,Mild,0.06838609582004951,0,Normal,0,Mild
train,35591,3866,SA21,SA21:F14_SA21_R05.txt,1,Fall,0,0,0,Mild,0.07685948925126584,0,Normal,0,Mild
train,35592,3867,SA21,SA21:F14_SA21_R05.txt,1,Fall,0,0,0,Mild,0.06739822270794277,0,Normal,0,Mild
train,35593,3868,SA21,SA21:F14_SA21_R05.txt,1,Fall,0,0,0,Mild,0.007331790123543458,0,Normal,0,Mild
train,35603,3869,SA21,SA21:F15_SA21_R01.txt,1,Fall,1,1,1,Severe,0.10941239311677181,0,Normal,1,Severe
train,35604,3870,SA21,SA21:F15_SA21_R01.txt,1,Fall,1,1,1,Severe,0.11278877141914734,0,Normal,1,Severe
train,35605,3871,SA21,SA21:F15_SA21_R01.txt,1,Fall,1,1,1,Severe,0.10856873038420412,0,Normal,1,Severe
train,35606,3872,SA21,SA21:F15_SA21_R01.txt,1,Fall,1,1,1,Severe,0.07210564956339005,0,Normal,1,Severe
train,35618,3873,SA21,SA21:F15_SA21_R02.txt,1,Fall,1,1,1,Severe,0.09463505670551209,0,Normal,1,Severe
train,35619,3874,SA21,SA21:F15_SA21_R02.txt,1,Fall,1,1,1,Severe,0.09113911266950986,0,Normal,1,Severe
train,35620,3875,SA21,SA21:F15_SA21_R02.txt,1,Fall,1,1,1,Severe,0.0900529683963775,0,Normal,1,Severe
train,35621,3876,SA21,SA21:F15_SA21_R02.txt,1,Fall,1,1,1,Severe,0.06713420692264271,0,Normal,1,Severe
train,35632,3877,SA21,SA21:F15_SA21_R03.txt,1,Fall,1,1,1,Severe,0.09016363317018622,0,Normal,1,Severe
train,35633,3878,SA21,SA21:F15_SA21_R03.txt,1,Fall,1,1,1,Severe,0.09506527729960856,0,Normal,1,Severe
train,35634,3879,SA21,SA21:F15_SA21_R03.txt,1,Fall,1,1,1,Severe,0.08719651044855165,0,Normal,1,Severe
train,35635,3880,SA21,SA21:F15_SA21_R03.txt,1,Fall,1,1,1,Severe,0.06816625634361528,0,Normal,1,Severe
train,35646,3881,SA21,SA21:F15_SA21_R04.txt,1,Fall,1,1,1,Severe,0.08816519218873548,0,Normal,1,Severe
train,35647,3882,SA21,SA21:F15_SA21_R04.txt,1,Fall,1,1,1,Severe,0.10282674161512706,0,Normal,1,Severe
train,35648,3883,SA21,SA21:F15_SA21_R04.txt,1,Fall,1,1,1,Severe,0.10531175350893174,0,Normal,1,Severe
train,35649,3884,SA21,SA21:F15_SA21_R04.txt,1,Fall,1,1,1,Severe,0.0783017363780083,0,Normal,1,Severe
train,35663,3885,SA21,SA21:F15_SA21_R05.txt,1,Fall,1,1,1,Severe,0.11178356194226358,0,Normal,1,Severe
train,35664,3886,SA21,SA21:F15_SA21_R05.txt,1,Fall,1,1,1,Severe,0.12926328395379688,0,Normal,1,Severe
train,35665,3887,SA21,SA21:F15_SA21_R05.txt,1,Fall,1,1,1,Severe,0.1241445450108179,0,Normal,1,Severe
train,35666,3888,SA21,SA21:F15_SA21_R05.txt,1,Fall,1,1,1,Severe,0.09867877737165814,0,Normal,1,Severe
train,37309,3889,SA23,SA23:F01_SA23_R01.txt,1,Fall,0,0,0,Mild,0.03875632834684617,0,Normal,0,Mild
train,37310,3890,SA23,SA23:F01_SA23_R01.txt,1,Fall,0,0,0,Mild,0.10975131964269713,0,Normal,0,Mild
train,37311,3891,SA23,SA23:F01_SA23_R01.txt,1,Fall,0,0,0,Mild,0.11572304773070324,0,Normal,0,Mild
train,37312,3892,SA23,SA23:F01_SA23_R01.txt,1,Fall,0,0,0,Mild,0.11523346024959946,0,Normal,0,Mild
train,37325,3893,SA23,SA23:F01_SA23_R02.txt,1,Fall,0,0,0,Mild,0.1254682660147316,0,Normal,0,Mild
train,37326,3894,SA23,SA23:F01_SA23_R02.txt,1,Fall,0,0,0,Mild,0.12978885681645458,0,Normal,0,Mild
train,37327,3895,SA23,SA23:F01_SA23_R02.txt,1,Fall,0,0,0,Mild,0.12832764979581585,0,Normal,0,Mild
train,37328,3896,SA23,SA23:F01_SA23_R02.txt,1,Fall,0,0,0,Mild,0.08492499913685225,0,Normal,0,Mild
train,37340,3897,SA23,SA23:F01_SA23_R03.txt,1,Fall,0,0,0,Mild,0.12158610759912414,0,Normal,0,Mild
train,37341,3898,SA23,SA23:F01_SA23_R03.txt,1,Fall,0,0,0,Mild,0.12771903144186153,0,Normal,0,Mild
train,37342,3899,SA23,SA23:F01_SA23_R03.txt,1,Fall,0,0,0,Mild,0.11565985841603837,0,Normal,0,Mild
train,37343,3900,SA23,SA23:F01_SA23_R03.txt,1,Fall,0,0,0,Mild,0.004361785739344426,0,Normal,0,Mild
train,37355,3901,SA23,SA23:F01_SA23_R04.txt,1,Fall,0,0,0,Mild,0.13830341692745862,0,Normal,0,Mild
train,37356,3902,SA23,SA23:F01_SA23_R04.txt,1,Fall,0,0,0,Mild,0.14257397787246967,0,Normal,0,Mild
train,37357,3903,SA23,SA23:F01_SA23_R04.txt,1,Fall,0,0,0,Mild,0.13595234899034425,0,Normal,0,Mild
train,37358,3904,SA23,SA23:F01_SA23_R04.txt,1,Fall,0,0,0,Mild,0.05096815641509034,0,Normal,0,Mild
train,37370,3905,SA23,SA23:F01_SA23_R05.txt,1,Fall,0,0,0,Mild,0.11938042506633606,0,Normal,0,Mild
train,37371,3906,SA23,SA23:F01_SA23_R05.txt,1,Fall,0,0,0,Mild,0.13035994858756222,0,Normal,0,Mild
train,37372,3907,SA23,SA23:F01_SA23_R05.txt,1,Fall,0,0,0,Mild,0.12693104326504118,0,Normal,0,Mild
train,37373,3908,SA23,SA23:F01_SA23_R05.txt,1,Fall,0,0,0,Mild,0.08758233005830068,0,Normal,0,Mild
train,37384,3909,SA23,SA23:F02_SA23_R01.txt,1,Fall,0,0,0,Mild,0.1076329095984222,0,Normal,0,Mild
train,37385,3910,SA23,SA23:F02_SA23_R01.txt,1,Fall,0,0,0,Mild,0.12101991034388487,0,Normal,0,Mild
train,37386,3911,SA23,SA23:F02_SA23_R01.txt,1,Fall,0,0,0,Mild,0.11385110487092476,0,Normal,0,Mild
train,37387,3912,SA23,SA23:F02_SA23_R01.txt,1,Fall,0,0,0,Mild,0.1021777883764367,0,Normal,0,Mild
train,37399,3913,SA23,SA23:F02_SA23_R02.txt,1,Fall,0,0,0,Mild,0.10597398405855718,0,Normal,0,Mild
train,37400,3914,SA23,SA23:F02_SA23_R02.txt,1,Fall,0,0,0,Mild,0.11899614916049767,0,Normal,0,Mild
train,37401,3915,SA23,SA23:F02_SA23_R02.txt,1,Fall,0,0,0,Mild,0.11338835773305628,0,Normal,0,Mild
train,37402,3916,SA23,SA23:F02_SA23_R02.txt,1,Fall,0,0,0,Mild,0.10163489478296062,0,Normal,0,Mild
train,37414,3917,SA23,SA23:F02_SA23_R03.txt,1,Fall,0,0,0,Mild,0.10366358738475884,0,Normal,0,Mild
train,37415,3918,SA23,SA23:F02_SA23_R03.txt,1,Fall,0,0,0,Mild,0.11347158382412631,0,Normal,0,Mild
train,37416,3919,SA23,SA23:F02_SA23_R03.txt,1,Fall,0,0,0,Mild,0.10775803385471433,0,Normal,0,Mild
train,37417,3920,SA23,SA23:F02_SA23_R03.txt,1,Fall,0,0,0,Mild,0.039128344441518914,0,Normal,0,Mild
train,37429,3921,SA23,SA23:F02_SA23_R04.txt,1,Fall,0,0,0,Mild,0.09925384637535689,0,Normal,0,Mild
train,37430,3922,SA23,SA23:F02_SA23_R04.txt,1,Fall,0,0,0,Mild,0.11017288971125022,0,Normal,0,Mild
train,37431,3923,SA23,SA23:F02_SA23_R04.txt,1,Fall,0,0,0,Mild,0.10582400549110266,0,Normal,0,Mild
train,37432,3924,SA23,SA23:F02_SA23_R04.txt,1,Fall,0,0,0,Mild,0.05815605374011118,0,Normal,0,Mild
train,37444,3925,SA23,SA23:F02_SA23_R05.txt,1,Fall,0,0,0,Mild,0.08861005301062347,0,Normal,0,Mild
train,37445,3926,SA23,SA23:F02_SA23_R05.txt,1,Fall,0,0,0,Mild,0.10196406499498817,0,Normal,0,Mild
train,37446,3927,SA23,SA23:F02_SA23_R05.txt,1,Fall,0,0,0,Mild,0.1026203355111458,0,Normal,0,Mild
train,37447,3928,SA23,SA23:F02_SA23_R05.txt,1,Fall,0,0,0,Mild,0.08948015532739995,0,Normal,0,Mild
train,37457,3929,SA23,SA23:F03_SA23_R01.txt,1,Fall,1,1,1,Severe,0.055203428841222923,0,Normal,1,Severe
train,37458,3930,SA23,SA23:F03_SA23_R01.txt,1,Fall,1,1,1,Severe,0.07323459450205849,0,Normal,1,Severe
train,37459,3931,SA23,SA23:F03_SA23_R01.txt,1,Fall,1,1,1,Severe,0.08875373432894673,0,Normal,1,Severe
train,37460,3932,SA23,SA23:F03_SA23_R01.txt,1,Fall,1,1,1,Severe,0.09159259649351842,0,Normal,1,Severe
train,37473,3933,SA23,SA23:F03_SA23_R02.txt,1,Fall,1,1,1,Severe,0.06310056226526362,0,Normal,1,Severe
train,37474,3934,SA23,SA23:F03_SA23_R02.txt,1,Fall,1,1,1,Severe,0.07567080238140866,0,Normal,1,Severe
train,37475,3935,SA23,SA23:F03_SA23_R02.txt,1,Fall,1,1,1,Severe,0.07899411476457929,0,Normal,1,Severe
train,37476,3936,SA23,SA23:F03_SA23_R02.txt,1,Fall,1,1,1,Severe,0.058774118691781785,0,Normal,1,Severe
train,37488,3937,SA23,SA23:F03_SA23_R03.txt,1,Fall,1,1,1,Severe,0.04429809806049706,0,Normal,1,Severe
train,37489,3938,SA23,SA23:F03_SA23_R03.txt,1,Fall,1,1,1,Severe,0.08640436983324196,0,Normal,1,Severe
train,37490,3939,SA23,SA23:F03_SA23_R03.txt,1,Fall,1,1,1,Severe,0.08538667724602206,0,Normal,1,Severe
train,37491,3940,SA23,SA23:F03_SA23_R03.txt,1,Fall,1,1,1,Severe,0.08514076413164107,0,Normal,1,Severe
train,37503,3941,SA23,SA23:F03_SA23_R04.txt,1,Fall,1,1,1,Severe,0.08151142575236975,0,Normal,1,Severe
train,37504,3942,SA23,SA23:F03_SA23_R04.txt,1,Fall,1,1,1,Severe,0.0926148699312001,0,Normal,1,Severe
train,37505,3943,SA23,SA23:F03_SA23_R04.txt,1,Fall,1,1,1,Severe,0.09159029058699486,0,Normal,1,Severe
train,37506,3944,SA23,SA23:F03_SA23_R04.txt,1,Fall,1,1,1,Severe,0.06184012119951793,0,Normal,1,Severe
train,37518,3945,SA23,SA23:F03_SA23_R05.txt,1,Fall,1,1,1,Severe,0.07025395233490472,0,Normal,1,Severe
train,37519,3946,SA23,SA23:F03_SA23_R05.txt,1,Fall,1,1,1,Severe,0.09793127367056143,0,Normal,1,Severe
train,37520,3947,SA23,SA23:F03_SA23_R05.txt,1,Fall,1,1,1,Severe,0.10299752294550213,0,Normal,1,Severe
train,37521,3948,SA23,SA23:F03_SA23_R05.txt,1,Fall,1,1,1,Severe,0.10173002146395682,0,Normal,1,Severe
train,37535,3949,SA23,SA23:F04_SA23_R01.txt,1,Fall,1,1,1,Severe,0.10259989152663185,0,Normal,1,Severe
train,37536,3950,SA23,SA23:F04_SA23_R01.txt,1,Fall,1,1,1,Severe,0.10386176554481369,0,Normal,1,Severe
train,37537,3951,SA23,SA23:F04_SA23_R01.txt,1,Fall,1,1,1,Severe,0.10508765957549354,0,Normal,1,Severe
train,37538,3952,SA23,SA23:F04_SA23_R01.txt,1,Fall,1,1,1,Severe,0.09201807720777594,0,Normal,1,Severe
train,37549,3953,SA23,SA23:F04_SA23_R02.txt,1,Fall,1,1,1,Severe,0.11196355336443664,0,Normal,1,Severe
train,37550,3954,SA23,SA23:F04_SA23_R02.txt,1,Fall,1,1,1,Severe,0.11718672961850773,0,Normal,1,Severe
train,37551,3955,SA23,SA23:F04_SA23_R02.txt,1,Fall,1,1,1,Severe,0.10755324864749777,0,Normal,1,Severe
train,37552,3956,SA23,SA23:F04_SA23_R02.txt,1,Fall,1,1,1,Severe,0.08064138853486275,0,Normal,1,Severe
train,37566,3957,SA23,SA23:F04_SA23_R03.txt,1,Fall,1,1,1,Severe,0.07750192735442346,0,Normal,1,Severe
train,37567,3958,SA23,SA23:F04_SA23_R03.txt,1,Fall,1,1,1,Severe,0.07769903967833702,0,Normal,1,Severe
train,37568,3959,SA23,SA23:F04_SA23_R03.txt,1,Fall,1,1,1,Severe,0.08063790485405087,0,Normal,1,Severe
train,37569,3960,SA23,SA23:F04_SA23_R03.txt,1,Fall,1,1,1,Severe,0.02471498877380951,0,Normal,1,Severe
train,37580,3961,SA23,SA23:F04_SA23_R04.txt,1,Fall,1,1,1,Severe,0.08908684177310316,0,Normal,1,Severe
train,37581,3962,SA23,SA23:F04_SA23_R04.txt,1,Fall,1,1,1,Severe,0.10344448966286263,0,Normal,1,Severe
train,37582,3963,SA23,SA23:F04_SA23_R04.txt,1,Fall,1,1,1,Severe,0.0969066542315713,0,Normal,1,Severe
train,37583,3964,SA23,SA23:F04_SA23_R04.txt,1,Fall,1,1,1,Severe,0.0836731962140706,0,Normal,1,Severe
train,37595,3965,SA23,SA23:F04_SA23_R05.txt,1,Fall,0,0,0,Mild,0.11712897530655025,0,Normal,0,Mild
train,37596,3966,SA23,SA23:F04_SA23_R05.txt,1,Fall,0,0,0,Mild,0.12589720153194717,0,Normal,0,Mild
train,37597,3967,SA23,SA23:F04_SA23_R05.txt,1,Fall,0,0,0,Mild,0.12393393682267095,0,Normal,0,Mild
train,37598,3968,SA23,SA23:F04_SA23_R05.txt,1,Fall,0,0,0,Mild,0.05752643956430842,0,Normal,0,Mild
train,37605,3969,SA23,SA23:F05_SA23_R01.txt,1,Fall,1,1,1,Severe,0.006067715629415771,0,Normal,1,Severe
train,37606,3970,SA23,SA23:F05_SA23_R01.txt,1,Fall,1,1,1,Severe,0.023987953961064123,0,Normal,1,Severe
train,37607,3971,SA23,SA23:F05_SA23_R01.txt,1,Fall,1,1,1,Severe,0.0353777771227467,0,Normal,1,Severe
train,37608,3972,SA23,SA23:F05_SA23_R01.txt,1,Fall,1,1,1,Severe,0.03233377429607842,0,Normal,1,Severe
train,37619,3973,SA23,SA23:F05_SA23_R02.txt,1,Fall,0,0,0,Mild,0.038928609052430285,0,Normal,0,Mild
train,37620,3974,SA23,SA23:F05_SA23_R02.txt,1,Fall,0,0,0,Mild,0.039054766294889354,0,Normal,0,Mild
train,37621,3975,SA23,SA23:F05_SA23_R02.txt,1,Fall,1,1,1,Severe,0.08322558331549001,0,Normal,1,Severe
train,37622,3976,SA23,SA23:F05_SA23_R02.txt,1,Fall,1,1,1,Severe,0.09535031963720875,0,Normal,1,Severe
train,37633,3977,SA23,SA23:F05_SA23_R03.txt,1,Fall,0,0,0,Mild,0.05822968290998759,0,Normal,0,Mild
train,37634,3978,SA23,SA23:F05_SA23_R03.txt,1,Fall,0,0,0,Mild,0.05651364420859367,0,Normal,0,Mild
train,37635,3979,SA23,SA23:F05_SA23_R03.txt,1,Fall,1,1,1,Severe,0.05788946706653114,0,Normal,1,Severe
train,37649,3980,SA23,SA23:F05_SA23_R04.txt,1,Fall,0,0,0,Mild,0.04235434088647638,0,Normal,0,Mild
train,37650,3981,SA23,SA23:F05_SA23_R04.txt,1,Fall,1,1,1,Severe,0.055979859252529574,0,Normal,1,Severe
train,37651,3982,SA23,SA23:F05_SA23_R04.txt,1,Fall,1,1,1,Severe,0.05899377342303541,0,Normal,1,Severe
train,37652,3983,SA23,SA23:F05_SA23_R04.txt,1,Fall,1,1,1,Severe,0.07696199597760095,0,Normal,1,Severe
train,37663,3984,SA23,SA23:F05_SA23_R05.txt,1,Fall,0,0,0,Mild,0.0524611298149123,0,Normal,0,Mild
train,37664,3985,SA23,SA23:F05_SA23_R05.txt,1,Fall,0,0,0,Mild,0.04539051422365287,0,Normal,0,Mild
train,37665,3986,SA23,SA23:F05_SA23_R05.txt,1,Fall,1,1,1,Severe,-0.0025523749433382648,1,Anomalous,-1,Non-applicable
train,37666,3987,SA23,SA23:F05_SA23_R05.txt,1,Fall,1,1,1,Severe,0.014954533868391184,0,Normal,1,Severe
train,37685,3988,SA23,SA23:F06_SA23_R01.txt,1,Fall,1,1,1,Severe,0.05656546717051836,0,Normal,1,Severe
train,37686,3989,SA23,SA23:F06_SA23_R01.txt,1,Fall,1,1,1,Severe,0.06915267381340023,0,Normal,1,Severe
train,37687,3990,SA23,SA23:F06_SA23_R01.txt,1,Fall,1,1,1,Severe,0.0740047176499885,0,Normal,1,Severe
train,37688,3991,SA23,SA23:F06_SA23_R01.txt,1,Fall,1,1,1,Severe,0.06596467722602073,0,Normal,1,Severe
train,37701,3992,SA23,SA23:F06_SA23_R02.txt,1,Fall,1,1,1,Severe,0.0934224511596915,0,Normal,1,Severe
train,37702,3993,SA23,SA23:F06_SA23_R02.txt,1,Fall,1,1,1,Severe,0.10295450728263,0,Normal,1,Severe
train,37703,3994,SA23,SA23:F06_SA23_R02.txt,1,Fall,1,1,1,Severe,0.11386576433797091,0,Normal,1,Severe
train,37704,3995,SA23,SA23:F06_SA23_R02.txt,1,Fall,0,0,0,Mild,0.0979751519249204,0,Normal,0,Mild
train,37716,3996,SA23,SA23:F06_SA23_R03.txt,1,Fall,1,1,1,Severe,0.07847748659282061,0,Normal,1,Severe
train,37717,3997,SA23,SA23:F06_SA23_R03.txt,1,Fall,1,1,1,Severe,0.09143605646132125,0,Normal,1,Severe
train,37718,3998,SA23,SA23:F06_SA23_R03.txt,1,Fall,1,1,1,Severe,0.09243069342142252,0,Normal,1,Severe
train,37719,3999,SA23,SA23:F06_SA23_R03.txt,1,Fall,1,1,1,Severe,0.09709353946630767,0,Normal,1,Severe
train,37731,4000,SA23,SA23:F06_SA23_R04.txt,1,Fall,0,0,0,Mild,0.06950766085892385,0,Normal,0,Mild
train,37732,4001,SA23,SA23:F06_SA23_R04.txt,1,Fall,0,0,0,Mild,0.07279003864513667,0,Normal,0,Mild
train,37733,4002,SA23,SA23:F06_SA23_R04.txt,1,Fall,0,0,0,Mild,0.07216735025318416,0,Normal,0,Mild
train,37734,4003,SA23,SA23:F06_SA23_R04.txt,1,Fall,0,0,0,Mild,0.08498596918002027,0,Normal,0,Mild
train,37746,4004,SA23,SA23:F06_SA23_R05.txt,1,Fall,1,1,1,Severe,0.08732427931946002,0,Normal,1,Severe
train,37747,4005,SA23,SA23:F06_SA23_R05.txt,1,Fall,1,1,1,Severe,0.10120848277789507,0,Normal,1,Severe
train,37748,4006,SA23,SA23:F06_SA23_R05.txt,1,Fall,1,1,1,Severe,0.10197384435391027,0,Normal,1,Severe
train,37749,4007,SA23,SA23:F06_SA23_R05.txt,1,Fall,1,1,1,Severe,0.09949996299207187,0,Normal,1,Severe
train,37760,4008,SA23,SA23:F07_SA23_R01.txt,1,Fall,1,1,1,Severe,0.09156712219422403,0,Normal,1,Severe
train,37761,4009,SA23,SA23:F07_SA23_R01.txt,1,Fall,1,1,1,Severe,0.11696223322151722,0,Normal,1,Severe
train,37762,4010,SA23,SA23:F07_SA23_R01.txt,1,Fall,1,1,1,Severe,0.11829470321958446,0,Normal,1,Severe
train,37763,4011,SA23,SA23:F07_SA23_R01.txt,1,Fall,1,1,1,Severe,0.10676883692776151,0,Normal,1,Severe
train,37775,4012,SA23,SA23:F07_SA23_R02.txt,1,Fall,1,1,1,Severe,0.09683895220141109,0,Normal,1,Severe
train,37776,4013,SA23,SA23:F07_SA23_R02.txt,1,Fall,0,0,0,Mild,0.11500621510213199,0,Normal,0,Mild
train,37777,4014,SA23,SA23:F07_SA23_R02.txt,1,Fall,0,0,0,Mild,0.12009040655219083,0,Normal,0,Mild
train,37778,4015,SA23,SA23:F07_SA23_R02.txt,1,Fall,0,0,0,Mild,0.10476938321498852,0,Normal,0,Mild
train,37790,4016,SA23,SA23:F07_SA23_R03.txt,1,Fall,1,1,1,Severe,0.10137811195309931,0,Normal,1,Severe
train,37791,4017,SA23,SA23:F07_SA23_R03.txt,1,Fall,1,1,1,Severe,0.11175701587254866,0,Normal,1,Severe
train,37792,4018,SA23,SA23:F07_SA23_R03.txt,1,Fall,1,1,1,Severe,0.11132277655563655,0,Normal,1,Severe
train,37793,4019,SA23,SA23:F07_SA23_R03.txt,1,Fall,1,1,1,Severe,0.09084619547511302,0,Normal,1,Severe
train,37805,4020,SA23,SA23:F07_SA23_R04.txt,1,Fall,1,1,1,Severe,0.07332339750692102,0,Normal,1,Severe
train,37806,4021,SA23,SA23:F07_SA23_R04.txt,1,Fall,1,1,1,Severe,0.11050348463023091,0,Normal,1,Severe
train,37807,4022,SA23,SA23:F07_SA23_R04.txt,1,Fall,0,0,0,Mild,0.10708620617788572,0,Normal,0,Mild
train,37808,4023,SA23,SA23:F07_SA23_R04.txt,1,Fall,0,0,0,Mild,0.09437597419727578,0,Normal,0,Mild
train,37820,4024,SA23,SA23:F07_SA23_R05.txt,1,Fall,0,0,0,Mild,0.09880901962465555,0,Normal,0,Mild
train,37821,4025,SA23,SA23:F07_SA23_R05.txt,1,Fall,0,0,0,Mild,0.10212528648076635,0,Normal,0,Mild
train,37822,4026,SA23,SA23:F07_SA23_R05.txt,1,Fall,0,0,0,Mild,0.10451068289293869,0,Normal,0,Mild
train,37823,4027,SA23,SA23:F07_SA23_R05.txt,1,Fall,0,0,0,Mild,0.0695824711857172,0,Normal,0,Mild
train,37832,4028,SA23,SA23:F08_SA23_R01.txt,1,Fall,1,1,1,Severe,0.09651906121939025,0,Normal,1,Severe
train,37833,4029,SA23,SA23:F08_SA23_R01.txt,1,Fall,1,1,1,Severe,0.10062991270578853,0,Normal,1,Severe
train,37834,4030,SA23,SA23:F08_SA23_R01.txt,1,Fall,1,1,1,Severe,0.08840330243522182,0,Normal,1,Severe
train,37835,4031,SA23,SA23:F08_SA23_R01.txt,1,Fall,1,1,1,Severe,0.0612201708253059,0,Normal,1,Severe
train,37848,4032,SA23,SA23:F08_SA23_R02.txt,1,Fall,1,1,1,Severe,0.07615509071009241,0,Normal,1,Severe
train,37849,4033,SA23,SA23:F08_SA23_R02.txt,1,Fall,1,1,1,Severe,0.08730042074359673,0,Normal,1,Severe
train,37850,4034,SA23,SA23:F08_SA23_R02.txt,1,Fall,1,1,1,Severe,0.07484077665841654,0,Normal,1,Severe
train,37851,4035,SA23,SA23:F08_SA23_R02.txt,1,Fall,1,1,1,Severe,0.06751263668009744,0,Normal,1,Severe
train,37863,4036,SA23,SA23:F08_SA23_R03.txt,1,Fall,0,0,0,Mild,0.08231537150641682,0,Normal,0,Mild
train,37864,4037,SA23,SA23:F08_SA23_R03.txt,1,Fall,0,0,0,Mild,0.09838690412831891,0,Normal,0,Mild
train,37865,4038,SA23,SA23:F08_SA23_R03.txt,1,Fall,0,0,0,Mild,0.08920420975492571,0,Normal,0,Mild
train,37866,4039,SA23,SA23:F08_SA23_R03.txt,1,Fall,0,0,0,Mild,0.08172930459504635,0,Normal,0,Mild
train,37880,4040,SA23,SA23:F08_SA23_R04.txt,1,Fall,0,0,0,Mild,0.08766582815302487,0,Normal,0,Mild
train,37881,4041,SA23,SA23:F08_SA23_R04.txt,1,Fall,1,1,1,Severe,0.10900467640915706,0,Normal,1,Severe
train,37882,4042,SA23,SA23:F08_SA23_R04.txt,1,Fall,1,1,1,Severe,0.1166553914781499,0,Normal,1,Severe
train,37883,4043,SA23,SA23:F08_SA23_R04.txt,1,Fall,1,1,1,Severe,0.10502836878786043,0,Normal,1,Severe
train,37893,4044,SA23,SA23:F08_SA23_R05.txt,1,Fall,1,1,1,Severe,0.09028134884720246,0,Normal,1,Severe
train,37894,4045,SA23,SA23:F08_SA23_R05.txt,1,Fall,1,1,1,Severe,0.10626672399217069,0,Normal,1,Severe
train,37895,4046,SA23,SA23:F08_SA23_R05.txt,1,Fall,1,1,1,Severe,0.10799569205878878,0,Normal,1,Severe
train,37896,4047,SA23,SA23:F08_SA23_R05.txt,1,Fall,1,1,1,Severe,0.09212596859306704,0,Normal,1,Severe
train,37907,4048,SA23,SA23:F09_SA23_R01.txt,1,Fall,1,1,1,Severe,0.1200514711287235,0,Normal,1,Severe
train,37908,4049,SA23,SA23:F09_SA23_R01.txt,1,Fall,1,1,1,Severe,0.11019635239465203,0,Normal,1,Severe
train,37909,4050,SA23,SA23:F09_SA23_R01.txt,1,Fall,1,1,1,Severe,0.0904918047822667,0,Normal,1,Severe
train,37910,4051,SA23,SA23:F09_SA23_R01.txt,1,Fall,1,1,1,Severe,0.05105245171349615,0,Normal,1,Severe
train,37923,4052,SA23,SA23:F09_SA23_R02.txt,1,Fall,1,1,1,Severe,0.09725467329482201,0,Normal,1,Severe
train,37924,4053,SA23,SA23:F09_SA23_R02.txt,1,Fall,1,1,1,Severe,0.08108058476421681,0,Normal,1,Severe
train,37925,4054,SA23,SA23:F09_SA23_R02.txt,1,Fall,1,1,1,Severe,0.07352698970906979,0,Normal,1,Severe
train,37926,4055,SA23,SA23:F09_SA23_R02.txt,1,Fall,1,1,1,Severe,0.0631459873120197,0,Normal,1,Severe
train,37941,4056,SA23,SA23:F09_SA23_R03.txt,1,Fall,1,1,1,Severe,0.11026608081311007,0,Normal,1,Severe
train,37942,4057,SA23,SA23:F09_SA23_R03.txt,1,Fall,1,1,1,Severe,0.1018280119923835,0,Normal,1,Severe
train,37943,4058,SA23,SA23:F09_SA23_R03.txt,1,Fall,1,1,1,Severe,0.09700974078374514,0,Normal,1,Severe
train,37944,4059,SA23,SA23:F09_SA23_R03.txt,1,Fall,1,1,1,Severe,0.06701016466375742,0,Normal,1,Severe
train,37954,4060,SA23,SA23:F09_SA23_R04.txt,1,Fall,1,1,1,Severe,0.07177194099861517,0,Normal,1,Severe
train,37955,4061,SA23,SA23:F09_SA23_R04.txt,1,Fall,1,1,1,Severe,0.07276964872094838,0,Normal,1,Severe
train,37956,4062,SA23,SA23:F09_SA23_R04.txt,1,Fall,1,1,1,Severe,0.07478046533503485,0,Normal,1,Severe
train,37957,4063,SA23,SA23:F09_SA23_R04.txt,1,Fall,1,1,1,Severe,0.06311625229328965,0,Normal,1,Severe
train,37969,4064,SA23,SA23:F09_SA23_R05.txt,1,Fall,1,1,1,Severe,0.02805313532071252,0,Normal,1,Severe
train,37970,4065,SA23,SA23:F09_SA23_R05.txt,1,Fall,1,1,1,Severe,0.020044370338507922,0,Normal,1,Severe
train,37971,4066,SA23,SA23:F09_SA23_R05.txt,1,Fall,1,1,1,Severe,0.016222543257607303,0,Normal,1,Severe
train,37972,4067,SA23,SA23:F09_SA23_R05.txt,1,Fall,1,1,1,Severe,0.0015204463101612387,0,Normal,1,Severe
train,37983,4068,SA23,SA23:F10_SA23_R01.txt,1,Fall,1,1,1,Severe,0.10058540485065048,0,Normal,1,Severe
train,37984,4069,SA23,SA23:F10_SA23_R01.txt,1,Fall,1,1,1,Severe,0.10319676364984631,0,Normal,1,Severe
train,37985,4070,SA23,SA23:F10_SA23_R01.txt,1,Fall,1,1,1,Severe,0.08821821715897021,0,Normal,1,Severe
train,37986,4071,SA23,SA23:F10_SA23_R01.txt,1,Fall,1,1,1,Severe,0.06872273900802006,0,Normal,1,Severe
train,37997,4072,SA23,SA23:F10_SA23_R02.txt,1,Fall,1,1,1,Severe,0.11574077241949932,0,Normal,1,Severe
train,37998,4073,SA23,SA23:F10_SA23_R02.txt,1,Fall,1,1,1,Severe,0.12552339522138473,0,Normal,1,Severe
train,37999,4074,SA23,SA23:F10_SA23_R02.txt,1,Fall,1,1,1,Severe,0.12974388130050796,0,Normal,1,Severe
train,38000,4075,SA23,SA23:F10_SA23_R02.txt,1,Fall,1,1,1,Severe,0.10868903006329689,0,Normal,1,Severe
train,38012,4076,SA23,SA23:F10_SA23_R03.txt,1,Fall,1,1,1,Severe,0.08058566933150618,0,Normal,1,Severe
train,38013,4077,SA23,SA23:F10_SA23_R03.txt,1,Fall,1,1,1,Severe,0.09989589459077791,0,Normal,1,Severe
train,38014,4078,SA23,SA23:F10_SA23_R03.txt,1,Fall,1,1,1,Severe,0.10178262221292217,0,Normal,1,Severe
train,38015,4079,SA23,SA23:F10_SA23_R03.txt,1,Fall,1,1,1,Severe,0.09216013666419265,0,Normal,1,Severe
train,38028,4080,SA23,SA23:F10_SA23_R04.txt,1,Fall,1,1,1,Severe,0.08918988328015681,0,Normal,1,Severe
train,38029,4081,SA23,SA23:F10_SA23_R04.txt,1,Fall,1,1,1,Severe,0.09679163318311129,0,Normal,1,Severe
train,38030,4082,SA23,SA23:F10_SA23_R04.txt,1,Fall,1,1,1,Severe,0.09359393770844898,0,Normal,1,Severe
train,38031,4083,SA23,SA23:F10_SA23_R04.txt,1,Fall,1,1,1,Severe,0.07677899569159297,0,Normal,1,Severe
train,38044,4084,SA23,SA23:F10_SA23_R05.txt,1,Fall,1,1,1,Severe,0.09379462925755888,0,Normal,1,Severe
train,38045,4085,SA23,SA23:F10_SA23_R05.txt,1,Fall,1,1,1,Severe,0.10395242738928523,0,Normal,1,Severe
train,38046,4086,SA23,SA23:F10_SA23_R05.txt,1,Fall,1,1,1,Severe,0.10500704011289858,0,Normal,1,Severe
train,38047,4087,SA23,SA23:F10_SA23_R05.txt,1,Fall,1,1,1,Severe,0.09402339799155546,0,Normal,1,Severe
train,38057,4088,SA23,SA23:F11_SA23_R01.txt,1,Fall,0,0,0,Mild,0.043978702821100446,0,Normal,0,Mild
train,38058,4089,SA23,SA23:F11_SA23_R01.txt,1,Fall,0,0,0,Mild,0.04648127970538524,0,Normal,0,Mild
train,38059,4090,SA23,SA23:F11_SA23_R01.txt,1,Fall,0,0,0,Mild,0.03473329039732742,0,Normal,0,Mild
train,38060,4091,SA23,SA23:F11_SA23_R01.txt,1,Fall,0,0,0,Mild,0.023986735017248795,0,Normal,0,Mild
train,38072,4092,SA23,SA23:F11_SA23_R02.txt,1,Fall,0,0,0,Mild,0.0378196564682064,0,Normal,0,Mild
train,38073,4093,SA23,SA23:F11_SA23_R02.txt,1,Fall,0,0,0,Mild,0.05618391887256913,0,Normal,0,Mild
train,38074,4094,SA23,SA23:F11_SA23_R02.txt,1,Fall,0,0,0,Mild,0.0503019840101141,0,Normal,0,Mild
train,38075,4095,SA23,SA23:F11_SA23_R02.txt,1,Fall,0,0,0,Mild,0.036580541429046876,0,Normal,0,Mild
train,38087,4096,SA23,SA23:F11_SA23_R03.txt,1,Fall,0,0,0,Mild,0.035629304418209384,0,Normal,0,Mild
train,38088,4097,SA23,SA23:F11_SA23_R03.txt,1,Fall,0,0,0,Mild,0.06530189147988036,0,Normal,0,Mild
train,38089,4098,SA23,SA23:F11_SA23_R03.txt,1,Fall,0,0,0,Mild,0.07071935839680027,0,Normal,0,Mild
train,38090,4099,SA23,SA23:F11_SA23_R03.txt,1,Fall,0,0,0,Mild,0.05838131857043344,0,Normal,0,Mild
train,38101,4100,SA23,SA23:F11_SA23_R04.txt,1,Fall,0,0,0,Mild,0.046163944086634046,0,Normal,0,Mild
train,38102,4101,SA23,SA23:F11_SA23_R04.txt,1,Fall,0,0,0,Mild,0.07227604816652217,0,Normal,0,Mild
train,38103,4102,SA23,SA23:F11_SA23_R04.txt,1,Fall,0,0,0,Mild,0.07118186320389286,0,Normal,0,Mild
train,38104,4103,SA23,SA23:F11_SA23_R04.txt,1,Fall,0,0,0,Mild,0.06691830307786945,0,Normal,0,Mild
train,38117,4104,SA23,SA23:F11_SA23_R05.txt,1,Fall,0,0,0,Mild,0.0652858073205776,0,Normal,0,Mild
train,38118,4105,SA23,SA23:F11_SA23_R05.txt,1,Fall,0,0,0,Mild,0.0829537955765074,0,Normal,0,Mild
train,38119,4106,SA23,SA23:F11_SA23_R05.txt,1,Fall,0,0,0,Mild,0.07504713945471503,0,Normal,0,Mild
train,38120,4107,SA23,SA23:F11_SA23_R05.txt,1,Fall,0,0,0,Mild,0.06773556765292005,0,Normal,0,Mild
train,38131,4108,SA23,SA23:F12_SA23_R01.txt,1,Fall,1,1,1,Severe,0.06080245824369668,0,Normal,1,Severe
train,38132,4109,SA23,SA23:F12_SA23_R01.txt,1,Fall,1,1,1,Severe,0.10222805190534545,0,Normal,1,Severe
train,38133,4110,SA23,SA23:F12_SA23_R01.txt,1,Fall,1,1,1,Severe,0.09513803184241776,0,Normal,1,Severe
train,38134,4111,SA23,SA23:F12_SA23_R01.txt,1,Fall,1,1,1,Severe,0.0808782062813353,0,Normal,1,Severe
train,38147,4112,SA23,SA23:F12_SA23_R02.txt,1,Fall,1,1,1,Severe,0.09321576763139555,0,Normal,1,Severe
train,38148,4113,SA23,SA23:F12_SA23_R02.txt,1,Fall,1,1,1,Severe,0.10261332470672474,0,Normal,1,Severe
train,38149,4114,SA23,SA23:F12_SA23_R02.txt,1,Fall,1,1,1,Severe,0.09425074966622349,0,Normal,1,Severe
train,38150,4115,SA23,SA23:F12_SA23_R02.txt,1,Fall,1,1,1,Severe,0.08076797845942912,0,Normal,1,Severe
train,38163,4116,SA23,SA23:F12_SA23_R03.txt,1,Fall,0,0,0,Mild,0.03105868403549783,0,Normal,0,Mild
train,38164,4117,SA23,SA23:F12_SA23_R03.txt,1,Fall,1,1,1,Severe,0.09765207515590446,0,Normal,1,Severe
train,38165,4118,SA23,SA23:F12_SA23_R03.txt,1,Fall,1,1,1,Severe,0.09474016132740742,0,Normal,1,Severe
train,38166,4119,SA23,SA23:F12_SA23_R03.txt,1,Fall,1,1,1,Severe,0.08775181933719794,0,Normal,1,Severe
train,38177,4120,SA23,SA23:F12_SA23_R04.txt,1,Fall,1,1,1,Severe,0.0874541017491734,0,Normal,1,Severe
train,38178,4121,SA23,SA23:F12_SA23_R04.txt,1,Fall,1,1,1,Severe,0.09073187850168857,0,Normal,1,Severe
train,38179,4122,SA23,SA23:F12_SA23_R04.txt,1,Fall,1,1,1,Severe,0.0887475205106768,0,Normal,1,Severe
train,38180,4123,SA23,SA23:F12_SA23_R04.txt,1,Fall,1,1,1,Severe,0.05129597633883859,0,Normal,1,Severe
train,38192,4124,SA23,SA23:F12_SA23_R05.txt,1,Fall,0,0,0,Mild,0.06482161162310546,0,Normal,0,Mild
train,38193,4125,SA23,SA23:F12_SA23_R05.txt,1,Fall,0,0,0,Mild,0.10216993632771926,0,Normal,0,Mild
train,38194,4126,SA23,SA23:F12_SA23_R05.txt,1,Fall,0,0,0,Mild,0.09723760003951931,0,Normal,0,Mild
train,38195,4127,SA23,SA23:F12_SA23_R05.txt,1,Fall,0,0,0,Mild,0.09519507773786051,0,Normal,0,Mild
train,38206,4128,SA23,SA23:F13_SA23_R01.txt,1,Fall,1,1,1,Severe,0.10465036877465467,0,Normal,1,Severe
train,38207,4129,SA23,SA23:F13_SA23_R01.txt,1,Fall,1,1,1,Severe,0.10647860254854358,0,Normal,1,Severe
train,38208,4130,SA23,SA23:F13_SA23_R01.txt,1,Fall,1,1,1,Severe,0.09829832004630379,0,Normal,1,Severe
train,38209,4131,SA23,SA23:F13_SA23_R01.txt,1,Fall,1,1,1,Severe,0.061440766072145325,0,Normal,1,Severe
train,38222,4132,SA23,SA23:F13_SA23_R02.txt,1,Fall,1,1,1,Severe,0.11741573807876754,0,Normal,1,Severe
train,38223,4133,SA23,SA23:F13_SA23_R02.txt,1,Fall,1,1,1,Severe,0.12560148018160172,0,Normal,1,Severe
train,38224,4134,SA23,SA23:F13_SA23_R02.txt,1,Fall,1,1,1,Severe,0.12398401270855658,0,Normal,1,Severe
train,38225,4135,SA23,SA23:F13_SA23_R02.txt,1,Fall,1,1,1,Severe,0.08259803849979491,0,Normal,1,Severe
train,38239,4136,SA23,SA23:F13_SA23_R03.txt,1,Fall,1,1,1,Severe,0.1073118442422007,0,Normal,1,Severe
train,38240,4137,SA23,SA23:F13_SA23_R03.txt,1,Fall,1,1,1,Severe,0.11253564337606659,0,Normal,1,Severe
train,38241,4138,SA23,SA23:F13_SA23_R03.txt,1,Fall,1,1,1,Severe,0.09800491774310416,0,Normal,1,Severe
train,38242,4139,SA23,SA23:F13_SA23_R03.txt,1,Fall,1,1,1,Severe,0.015029682368482122,0,Normal,1,Severe
train,38253,4140,SA23,SA23:F13_SA23_R04.txt,1,Fall,1,1,1,Severe,0.09832834452769162,0,Normal,1,Severe
train,38254,4141,SA23,SA23:F13_SA23_R04.txt,1,Fall,1,1,1,Severe,0.10806225603914588,0,Normal,1,Severe
train,38255,4142,SA23,SA23:F13_SA23_R04.txt,1,Fall,1,1,1,Severe,0.10012240547401163,0,Normal,1,Severe
train,38256,4143,SA23,SA23:F13_SA23_R04.txt,1,Fall,1,1,1,Severe,0.04495912689285769,0,Normal,1,Severe
train,38268,4144,SA23,SA23:F13_SA23_R05.txt,1,Fall,1,1,1,Severe,0.10661987173364906,0,Normal,1,Severe
train,38269,4145,SA23,SA23:F13_SA23_R05.txt,1,Fall,1,1,1,Severe,0.1071418834737799,0,Normal,1,Severe
train,38270,4146,SA23,SA23:F13_SA23_R05.txt,1,Fall,1,1,1,Severe,0.09648194238237578,0,Normal,1,Severe
train,38271,4147,SA23,SA23:F13_SA23_R05.txt,1,Fall,1,1,1,Severe,0.033914785319774265,0,Normal,1,Severe
train,38284,4148,SA23,SA23:F14_SA23_R01.txt,1,Fall,0,0,0,Mild,0.07081008390810695,0,Normal,0,Mild
train,38285,4149,SA23,SA23:F14_SA23_R01.txt,1,Fall,0,0,0,Mild,0.06228840220742554,0,Normal,0,Mild
train,38286,4150,SA23,SA23:F14_SA23_R01.txt,1,Fall,0,0,0,Mild,0.04117665483309724,0,Normal,0,Mild
train,38287,4151,SA23,SA23:F14_SA23_R01.txt,1,Fall,0,0,0,Mild,-0.03894318168965305,1,Anomalous,-1,Non-applicable
train,38302,4152,SA23,SA23:F14_SA23_R02.txt,1,Fall,0,0,0,Mild,0.04830298341931888,0,Normal,0,Mild
train,38303,4153,SA23,SA23:F14_SA23_R02.txt,1,Fall,0,0,0,Mild,0.04828581613136962,0,Normal,0,Mild
train,38304,4154,SA23,SA23:F14_SA23_R02.txt,1,Fall,0,0,0,Mild,0.040362419548741924,0,Normal,0,Mild
train,38305,4155,SA23,SA23:F14_SA23_R02.txt,1,Fall,0,0,0,Mild,0.010755847333578261,0,Normal,0,Mild
train,38315,4156,SA23,SA23:F14_SA23_R03.txt,1,Fall,0,0,0,Mild,0.039270678223162825,0,Normal,0,Mild
train,38316,4157,SA23,SA23:F14_SA23_R03.txt,1,Fall,0,0,0,Mild,0.05952608558910588,0,Normal,0,Mild
train,38317,4158,SA23,SA23:F14_SA23_R03.txt,1,Fall,0,0,0,Mild,0.059062601839765916,0,Normal,0,Mild
train,38318,4159,SA23,SA23:F14_SA23_R03.txt,1,Fall,0,0,0,Mild,0.04828571948460969,0,Normal,0,Mild
train,38327,4160,SA23,SA23:F14_SA23_R04.txt,1,Fall,0,0,0,Mild,0.054656811998845534,0,Normal,0,Mild
train,38328,4161,SA23,SA23:F14_SA23_R04.txt,1,Fall,0,0,0,Mild,0.05820162592438466,0,Normal,0,Mild
train,38329,4162,SA23,SA23:F14_SA23_R04.txt,1,Fall,0,0,0,Mild,0.05313544238457513,0,Normal,0,Mild
train,38330,4163,SA23,SA23:F14_SA23_R04.txt,1,Fall,0,0,0,Mild,0.037786920940054536,0,Normal,0,Mild
train,38346,4164,SA23,SA23:F14_SA23_R05.txt,1,Fall,0,0,0,Mild,0.04492261067845388,0,Normal,0,Mild
train,38347,4165,SA23,SA23:F14_SA23_R05.txt,1,Fall,0,0,0,Mild,0.051368764385652355,0,Normal,0,Mild
train,38348,4166,SA23,SA23:F14_SA23_R05.txt,1,Fall,0,0,0,Mild,0.035599986399256156,0,Normal,0,Mild
train,38349,4167,SA23,SA23:F14_SA23_R05.txt,1,Fall,0,0,0,Mild,-0.015588885510654626,1,Anomalous,-1,Non-applicable
train,38358,4168,SA23,SA23:F15_SA23_R01.txt,1,Fall,1,1,1,Severe,0.09277707446194844,0,Normal,1,Severe
train,38359,4169,SA23,SA23:F15_SA23_R01.txt,1,Fall,1,1,1,Severe,0.10045707563630246,0,Normal,1,Severe
train,38360,4170,SA23,SA23:F15_SA23_R01.txt,1,Fall,1,1,1,Severe,0.08917339852651351,0,Normal,1,Severe
train,38361,4171,SA23,SA23:F15_SA23_R01.txt,1,Fall,1,1,1,Severe,0.020218595015597418,0,Normal,1,Severe
train,38372,4172,SA23,SA23:F15_SA23_R02.txt,1,Fall,1,1,1,Severe,0.031381186687918894,0,Normal,1,Severe
train,38373,4173,SA23,SA23:F15_SA23_R02.txt,1,Fall,1,1,1,Severe,0.08337018809842972,0,Normal,1,Severe
train,38374,4174,SA23,SA23:F15_SA23_R02.txt,1,Fall,1,1,1,Severe,0.08839077164646303,0,Normal,1,Severe
train,38375,4175,SA23,SA23:F15_SA23_R02.txt,1,Fall,1,1,1,Severe,0.07916594598325827,0,Normal,1,Severe
train,38388,4176,SA23,SA23:F15_SA23_R03.txt,1,Fall,1,1,1,Severe,0.059334015386765804,0,Normal,1,Severe
train,38389,4177,SA23,SA23:F15_SA23_R03.txt,1,Fall,1,1,1,Severe,0.0628790024698691,0,Normal,1,Severe
train,38390,4178,SA23,SA23:F15_SA23_R03.txt,1,Fall,1,1,1,Severe,0.05757806425911843,0,Normal,1,Severe
train,38391,4179,SA23,SA23:F15_SA23_R03.txt,1,Fall,0,0,0,Mild,-0.004315576338023375,1,Anomalous,-1,Non-applicable
train,38403,4180,SA23,SA23:F15_SA23_R04.txt,1,Fall,1,1,1,Severe,0.06373732313342229,0,Normal,1,Severe
train,38404,4181,SA23,SA23:F15_SA23_R04.txt,1,Fall,1,1,1,Severe,0.08104163258075825,0,Normal,1,Severe
train,38405,4182,SA23,SA23:F15_SA23_R04.txt,1,Fall,1,1,1,Severe,0.08024139576535394,0,Normal,1,Severe
train,38406,4183,SA23,SA23:F15_SA23_R04.txt,1,Fall,1,1,1,Severe,0.07088862927242162,0,Normal,1,Severe
train,38417,4184,SA23,SA23:F15_SA23_R05.txt,1,Fall,0,0,0,Mild,0.05012315547557383,0,Normal,0,Mild
train,38418,4185,SA23,SA23:F15_SA23_R05.txt,1,Fall,1,1,1,Severe,0.10623992516498287,0,Normal,1,Severe
train,38419,4186,SA23,SA23:F15_SA23_R05.txt,1,Fall,1,1,1,Severe,0.10137767788601448,0,Normal,1,Severe
train,38420,4187,SA23,SA23:F15_SA23_R05.txt,1,Fall,1,1,1,Severe,0.09240341640258926,0,Normal,1,Severe
train,46585,4188,SE06,SE06:F01_SE06_R01.txt,1,Fall,1,1,1,Severe,0.12703779354178835,0,Normal,1,Severe
train,46586,4189,SE06,SE06:F01_SE06_R01.txt,1,Fall,1,1,1,Severe,0.126063991478843,0,Normal,1,Severe
train,46587,4190,SE06,SE06:F01_SE06_R01.txt,1,Fall,1,1,1,Severe,0.12186904599441245,0,Normal,1,Severe
train,46597,4191,SE06,SE06:F01_SE06_R02.txt,1,Fall,0,0,0,Mild,0.08140975056214456,0,Normal,0,Mild
train,46598,4192,SE06,SE06:F01_SE06_R02.txt,1,Fall,0,0,0,Mild,0.08680399580043247,0,Normal,0,Mild
train,46599,4193,SE06,SE06:F01_SE06_R02.txt,1,Fall,0,0,0,Mild,0.08475853551842727,0,Normal,0,Mild
train,46600,4194,SE06,SE06:F01_SE06_R02.txt,1,Fall,0,0,0,Mild,0.049118823609766715,0,Normal,0,Mild
train,46611,4195,SE06,SE06:F01_SE06_R03.txt,1,Fall,0,0,0,Mild,0.11655838055795881,0,Normal,0,Mild
train,46612,4196,SE06,SE06:F01_SE06_R03.txt,1,Fall,0,0,0,Mild,0.11969950229885123,0,Normal,0,Mild
train,46613,4197,SE06,SE06:F01_SE06_R03.txt,1,Fall,0,0,0,Mild,0.10728090646294386,0,Normal,0,Mild
train,46614,4198,SE06,SE06:F01_SE06_R03.txt,1,Fall,0,0,0,Mild,0.08686285077756284,0,Normal,0,Mild
train,46627,4199,SE06,SE06:F01_SE06_R04.txt,1,Fall,1,1,1,Severe,0.10595801184243392,0,Normal,1,Severe
train,46628,4200,SE06,SE06:F01_SE06_R04.txt,1,Fall,1,1,1,Severe,0.10857845100722119,0,Normal,1,Severe
train,46629,4201,SE06,SE06:F01_SE06_R04.txt,1,Fall,1,1,1,Severe,0.10332149516081629,0,Normal,1,Severe
train,46630,4202,SE06,SE06:F01_SE06_R04.txt,1,Fall,1,1,1,Severe,0.07688914841525663,0,Normal,1,Severe
train,46643,4203,SE06,SE06:F01_SE06_R05.txt,1,Fall,1,1,1,Severe,0.12592174605988926,0,Normal,1,Severe
train,46644,4204,SE06,SE06:F01_SE06_R05.txt,1,Fall,1,1,1,Severe,0.1258336173092366,0,Normal,1,Severe
train,46645,4205,SE06,SE06:F01_SE06_R05.txt,1,Fall,1,1,1,Severe,0.11158768343239256,0,Normal,1,Severe
train,46646,4206,SE06,SE06:F01_SE06_R05.txt,1,Fall,1,1,1,Severe,0.07932352857392011,0,Normal,1,Severe
train,46652,4207,SE06,SE06:F02_SE06_R01.txt,1,Fall,0,0,0,Mild,0.08086764859388496,0,Normal,0,Mild
train,46653,4208,SE06,SE06:F02_SE06_R01.txt,1,Fall,0,0,0,Mild,0.09336213595067322,0,Normal,0,Mild
train,46654,4209,SE06,SE06:F02_SE06_R01.txt,1,Fall,0,0,0,Mild,0.08085192420436854,0,Normal,0,Mild
train,46655,4210,SE06,SE06:F02_SE06_R01.txt,1,Fall,0,0,0,Mild,0.06005102902754461,0,Normal,0,Mild
train,46668,4211,SE06,SE06:F02_SE06_R02.txt,1,Fall,0,0,0,Mild,0.0850508137381335,0,Normal,0,Mild
train,46669,4212,SE06,SE06:F02_SE06_R02.txt,1,Fall,0,0,0,Mild,0.08653134793754097,0,Normal,0,Mild
train,46670,4213,SE06,SE06:F02_SE06_R02.txt,1,Fall,0,0,0,Mild,0.07908359528673792,0,Normal,0,Mild
train,46671,4214,SE06,SE06:F02_SE06_R02.txt,1,Fall,0,0,0,Mild,0.07452207686693219,0,Normal,0,Mild
train,46683,4215,SE06,SE06:F02_SE06_R03.txt,1,Fall,0,0,0,Mild,0.0742380986882265,0,Normal,0,Mild
train,46684,4216,SE06,SE06:F02_SE06_R03.txt,1,Fall,0,0,0,Mild,0.07701583885788998,0,Normal,0,Mild
train,46685,4217,SE06,SE06:F02_SE06_R03.txt,1,Fall,0,0,0,Mild,0.07448625785206442,0,Normal,0,Mild
train,46686,4218,SE06,SE06:F02_SE06_R03.txt,1,Fall,0,0,0,Mild,0.06822969704048237,0,Normal,0,Mild
train,46700,4219,SE06,SE06:F02_SE06_R04.txt,1,Fall,0,0,0,Mild,0.06274531163756947,0,Normal,0,Mild
train,46701,4220,SE06,SE06:F02_SE06_R04.txt,1,Fall,0,0,0,Mild,0.06318849780900421,0,Normal,0,Mild
train,46702,4221,SE06,SE06:F02_SE06_R04.txt,1,Fall,0,0,0,Mild,0.051763045214284154,0,Normal,0,Mild
train,46703,4222,SE06,SE06:F02_SE06_R04.txt,1,Fall,0,0,0,Mild,0.04375855668551293,0,Normal,0,Mild
train,46715,4223,SE06,SE06:F02_SE06_R05.txt,1,Fall,0,0,0,Mild,0.057184402713067684,0,Normal,0,Mild
train,46716,4224,SE06,SE06:F02_SE06_R05.txt,1,Fall,0,0,0,Mild,0.05587165233447161,0,Normal,0,Mild
train,46717,4225,SE06,SE06:F02_SE06_R05.txt,1,Fall,0,0,0,Mild,0.04128841932473809,0,Normal,0,Mild
train,46718,4226,SE06,SE06:F02_SE06_R05.txt,1,Fall,0,0,0,Mild,0.03709235116320225,0,Normal,0,Mild
train,46729,4227,SE06,SE06:F03_SE06_R01.txt,1,Fall,1,1,1,Severe,0.12513264888371883,0,Normal,1,Severe
train,46730,4228,SE06,SE06:F03_SE06_R01.txt,1,Fall,1,1,1,Severe,0.13093516581837256,0,Normal,1,Severe
train,46731,4229,SE06,SE06:F03_SE06_R01.txt,1,Fall,1,1,1,Severe,0.12367360584895282,0,Normal,1,Severe
train,46732,4230,SE06,SE06:F03_SE06_R01.txt,1,Fall,1,1,1,Severe,0.09369309359852496,0,Normal,1,Severe
train,46746,4231,SE06,SE06:F03_SE06_R02.txt,1,Fall,1,1,1,Severe,0.11870478225955006,0,Normal,1,Severe
train,46747,4232,SE06,SE06:F03_SE06_R02.txt,1,Fall,1,1,1,Severe,0.13199982005527766,0,Normal,1,Severe
train,46748,4233,SE06,SE06:F03_SE06_R02.txt,1,Fall,1,1,1,Severe,0.1294517955309188,0,Normal,1,Severe
train,46749,4234,SE06,SE06:F03_SE06_R02.txt,1,Fall,1,1,1,Severe,0.10663281460886342,0,Normal,1,Severe
train,46758,4235,SE06,SE06:F03_SE06_R03.txt,1,Fall,1,1,1,Severe,0.1213235399101193,0,Normal,1,Severe
train,46759,4236,SE06,SE06:F03_SE06_R03.txt,1,Fall,1,1,1,Severe,0.12602637074085327,0,Normal,1,Severe
train,46760,4237,SE06,SE06:F03_SE06_R03.txt,1,Fall,1,1,1,Severe,0.12865312576301774,0,Normal,1,Severe
train,46761,4238,SE06,SE06:F03_SE06_R03.txt,1,Fall,1,1,1,Severe,0.1153950667990189,0,Normal,1,Severe
train,46773,4239,SE06,SE06:F03_SE06_R04.txt,1,Fall,1,1,1,Severe,0.09016323701593226,0,Normal,1,Severe
train,46774,4240,SE06,SE06:F03_SE06_R04.txt,1,Fall,1,1,1,Severe,0.11332266875331831,0,Normal,1,Severe
train,46775,4241,SE06,SE06:F03_SE06_R04.txt,1,Fall,1,1,1,Severe,0.11538028234999259,0,Normal,1,Severe
train,46776,4242,SE06,SE06:F03_SE06_R04.txt,1,Fall,1,1,1,Severe,0.10991401279639168,0,Normal,1,Severe
train,46787,4243,SE06,SE06:F03_SE06_R05.txt,1,Fall,1,1,1,Severe,0.0961066279041844,0,Normal,1,Severe
train,46788,4244,SE06,SE06:F03_SE06_R05.txt,1,Fall,1,1,1,Severe,0.11828568672474754,0,Normal,1,Severe
train,46789,4245,SE06,SE06:F03_SE06_R05.txt,1,Fall,1,1,1,Severe,0.11514218084358624,0,Normal,1,Severe
train,46790,4246,SE06,SE06:F03_SE06_R05.txt,1,Fall,1,1,1,Severe,0.11139753682417453,0,Normal,1,Severe
train,46805,4247,SE06,SE06:F04_SE06_R01.txt,1,Fall,0,0,0,Mild,0.09780195966351696,0,Normal,0,Mild
train,46806,4248,SE06,SE06:F04_SE06_R01.txt,1,Fall,0,0,0,Mild,0.10967820208866141,0,Normal,0,Mild
train,46807,4249,SE06,SE06:F04_SE06_R01.txt,1,Fall,0,0,0,Mild,0.10526455675928237,0,Normal,0,Mild
train,46808,4250,SE06,SE06:F04_SE06_R01.txt,1,Fall,0,0,0,Mild,0.09399481577548408,0,Normal,0,Mild
train,46825,4251,SE06,SE06:F04_SE06_R02.txt,1,Fall,1,1,1,Severe,0.12156607689724858,0,Normal,1,Severe
train,46826,4252,SE06,SE06:F04_SE06_R02.txt,1,Fall,1,1,1,Severe,0.12289995227885026,0,Normal,1,Severe
train,46827,4253,SE06,SE06:F04_SE06_R02.txt,1,Fall,1,1,1,Severe,0.11888210573982355,0,Normal,1,Severe
train,46838,4254,SE06,SE06:F04_SE06_R03.txt,1,Fall,1,1,1,Severe,0.11923085579669479,0,Normal,1,Severe
train,46839,4255,SE06,SE06:F04_SE06_R03.txt,1,Fall,1,1,1,Severe,0.12011834562048501,0,Normal,1,Severe
train,46840,4256,SE06,SE06:F04_SE06_R03.txt,1,Fall,1,1,1,Severe,0.11417544824955977,0,Normal,1,Severe
train,46841,4257,SE06,SE06:F04_SE06_R03.txt,1,Fall,1,1,1,Severe,0.08257690632408876,0,Normal,1,Severe
train,46853,4258,SE06,SE06:F04_SE06_R04.txt,1,Fall,1,1,1,Severe,0.09160919937708967,0,Normal,1,Severe
train,46854,4259,SE06,SE06:F04_SE06_R04.txt,1,Fall,1,1,1,Severe,0.0943743492997709,0,Normal,1,Severe
train,46855,4260,SE06,SE06:F04_SE06_R04.txt,1,Fall,1,1,1,Severe,0.08238911711298896,0,Normal,1,Severe
train,46856,4261,SE06,SE06:F04_SE06_R04.txt,1,Fall,1,1,1,Severe,0.07879978199734261,0,Normal,1,Severe
train,46866,4262,SE06,SE06:F04_SE06_R05.txt,1,Fall,1,1,1,Severe,0.11572029854267973,0,Normal,1,Severe
train,46867,4263,SE06,SE06:F04_SE06_R05.txt,1,Fall,1,1,1,Severe,0.11587752555630787,0,Normal,1,Severe
train,46868,4264,SE06,SE06:F04_SE06_R05.txt,1,Fall,1,1,1,Severe,0.10494403030735894,0,Normal,1,Severe
train,46869,4265,SE06,SE06:F04_SE06_R05.txt,1,Fall,1,1,1,Severe,0.0802812128462167,0,Normal,1,Severe
train,46880,4266,SE06,SE06:F05_SE06_R01.txt,1,Fall,1,1,1,Severe,0.0703195472806718,0,Normal,1,Severe
train,46881,4267,SE06,SE06:F05_SE06_R01.txt,1,Fall,1,1,1,Severe,0.06466080848173694,0,Normal,1,Severe
train,46882,4268,SE06,SE06:F05_SE06_R01.txt,1,Fall,1,1,1,Severe,0.04997600362898086,0,Normal,1,Severe
train,46883,4269,SE06,SE06:F05_SE06_R01.txt,1,Fall,1,1,1,Severe,0.05905363081333903,0,Normal,1,Severe
train,46894,4270,SE06,SE06:F05_SE06_R02.txt,1,Fall,0,0,0,Mild,0.07271786825060489,0,Normal,0,Mild
train,46895,4271,SE06,SE06:F05_SE06_R02.txt,1,Fall,0,0,0,Mild,0.07691186754618412,0,Normal,0,Mild
train,46896,4272,SE06,SE06:F05_SE06_R02.txt,1,Fall,1,1,1,Severe,0.06931192736445468,0,Normal,1,Severe
train,46897,4273,SE06,SE06:F05_SE06_R02.txt,1,Fall,0,0,0,Mild,0.08102387504562314,0,Normal,0,Mild
train,46908,4274,SE06,SE06:F05_SE06_R03.txt,1,Fall,1,1,1,Severe,0.08928757451106695,0,Normal,1,Severe
train,46909,4275,SE06,SE06:F05_SE06_R03.txt,1,Fall,1,1,1,Severe,0.09009435208051919,0,Normal,1,Severe
train,46910,4276,SE06,SE06:F05_SE06_R03.txt,1,Fall,1,1,1,Severe,0.09721132648029052,0,Normal,1,Severe
train,46911,4277,SE06,SE06:F05_SE06_R03.txt,1,Fall,1,1,1,Severe,0.08894553260631571,0,Normal,1,Severe
train,46924,4278,SE06,SE06:F05_SE06_R04.txt,1,Fall,1,1,1,Severe,0.11144255715404949,0,Normal,1,Severe
train,46925,4279,SE06,SE06:F05_SE06_R04.txt,1,Fall,1,1,1,Severe,0.11003491992940817,0,Normal,1,Severe
train,46926,4280,SE06,SE06:F05_SE06_R04.txt,1,Fall,1,1,1,Severe,0.08786611097669966,0,Normal,1,Severe
train,46927,4281,SE06,SE06:F05_SE06_R04.txt,1,Fall,0,0,0,Mild,0.016232122303651453,0,Normal,0,Mild
train,46940,4282,SE06,SE06:F05_SE06_R05.txt,1,Fall,1,1,1,Severe,0.11872713511264271,0,Normal,1,Severe
train,46941,4283,SE06,SE06:F05_SE06_R05.txt,1,Fall,1,1,1,Severe,0.1156238709980163,0,Normal,1,Severe
train,46942,4284,SE06,SE06:F05_SE06_R05.txt,1,Fall,1,1,1,Severe,0.10669548266283357,0,Normal,1,Severe
train,46943,4285,SE06,SE06:F05_SE06_R05.txt,1,Fall,1,1,1,Severe,0.08002981933840081,0,Normal,1,Severe
train,46960,4286,SE06,SE06:F06_SE06_R01.txt,1,Fall,1,1,1,Severe,0.040371877038971826,0,Normal,1,Severe
train,46961,4287,SE06,SE06:F06_SE06_R01.txt,1,Fall,1,1,1,Severe,0.10546116693278995,0,Normal,1,Severe
train,46962,4288,SE06,SE06:F06_SE06_R01.txt,1,Fall,1,1,1,Severe,0.1095388036958379,0,Normal,1,Severe
train,46973,4289,SE06,SE06:F06_SE06_R02.txt,1,Fall,1,1,1,Severe,0.031929284131697544,0,Normal,1,Severe
train,46974,4290,SE06,SE06:F06_SE06_R02.txt,1,Fall,1,1,1,Severe,0.043185113168936695,0,Normal,1,Severe
train,46975,4291,SE06,SE06:F06_SE06_R02.txt,1,Fall,1,1,1,Severe,0.049134799240276195,0,Normal,1,Severe
train,46976,4292,SE06,SE06:F06_SE06_R02.txt,1,Fall,1,1,1,Severe,0.0454366086936801,0,Normal,1,Severe
train,46987,4293,SE06,SE06:F06_SE06_R03.txt,1,Fall,1,1,1,Severe,0.09022357961043431,0,Normal,1,Severe
train,46988,4294,SE06,SE06:F06_SE06_R03.txt,1,Fall,1,1,1,Severe,0.10628933474163393,0,Normal,1,Severe
train,46989,4295,SE06,SE06:F06_SE06_R03.txt,1,Fall,1,1,1,Severe,0.10828706265978016,0,Normal,1,Severe
train,46990,4296,SE06,SE06:F06_SE06_R03.txt,1,Fall,1,1,1,Severe,0.09743116175957223,0,Normal,1,Severe
train,47001,4297,SE06,SE06:F06_SE06_R04.txt,1,Fall,1,1,1,Severe,0.08664819569304327,0,Normal,1,Severe
train,47002,4298,SE06,SE06:F06_SE06_R04.txt,1,Fall,1,1,1,Severe,0.09827279016265883,0,Normal,1,Severe
train,47003,4299,SE06,SE06:F06_SE06_R04.txt,1,Fall,1,1,1,Severe,0.0977974343017029,0,Normal,1,Severe
train,47004,4300,SE06,SE06:F06_SE06_R04.txt,1,Fall,1,1,1,Severe,0.08953569212928375,0,Normal,1,Severe
train,47016,4301,SE06,SE06:F06_SE06_R05.txt,1,Fall,0,0,0,Mild,0.06007603820878421,0,Normal,0,Mild
train,47017,4302,SE06,SE06:F06_SE06_R05.txt,1,Fall,0,0,0,Mild,0.10511088290488785,0,Normal,0,Mild
train,47018,4303,SE06,SE06:F06_SE06_R05.txt,1,Fall,1,1,1,Severe,0.10474074540615458,0,Normal,1,Severe
train,47019,4304,SE06,SE06:F06_SE06_R05.txt,1,Fall,1,1,1,Severe,0.0996379478567746,0,Normal,1,Severe
train,47030,4305,SE06,SE06:F07_SE06_R01.txt,1,Fall,1,1,1,Severe,0.08684591062512997,0,Normal,1,Severe
train,47031,4306,SE06,SE06:F07_SE06_R01.txt,1,Fall,1,1,1,Severe,0.0792043855650994,0,Normal,1,Severe
train,47032,4307,SE06,SE06:F07_SE06_R01.txt,1,Fall,1,1,1,Severe,0.07880060807158645,0,Normal,1,Severe
train,47033,4308,SE06,SE06:F07_SE06_R01.txt,1,Fall,1,1,1,Severe,0.07847463011138667,0,Normal,1,Severe
train,47046,4309,SE06,SE06:F07_SE06_R02.txt,1,Fall,1,1,1,Severe,0.10916815170869243,0,Normal,1,Severe
train,47047,4310,SE06,SE06:F07_SE06_R02.txt,1,Fall,1,1,1,Severe,0.09771356712276685,0,Normal,1,Severe
train,47048,4311,SE06,SE06:F07_SE06_R02.txt,1,Fall,0,0,0,Mild,0.08467846111523658,0,Normal,0,Mild
train,47049,4312,SE06,SE06:F07_SE06_R02.txt,1,Fall,0,0,0,Mild,0.05298813877742625,0,Normal,0,Mild
train,47061,4313,SE06,SE06:F07_SE06_R03.txt,1,Fall,1,1,1,Severe,0.07121817069389741,0,Normal,1,Severe
train,47062,4314,SE06,SE06:F07_SE06_R03.txt,1,Fall,0,0,0,Mild,0.08031846139884075,0,Normal,0,Mild
train,47063,4315,SE06,SE06:F07_SE06_R03.txt,1,Fall,0,0,0,Mild,0.07570835484633598,0,Normal,0,Mild
train,47064,4316,SE06,SE06:F07_SE06_R03.txt,1,Fall,0,0,0,Mild,0.05262579735210898,0,Normal,0,Mild
train,47075,4317,SE06,SE06:F07_SE06_R04.txt,1,Fall,0,0,0,Mild,0.0950427965744195,0,Normal,0,Mild
train,47076,4318,SE06,SE06:F07_SE06_R04.txt,1,Fall,0,0,0,Mild,0.08186745531074868,0,Normal,0,Mild
train,47077,4319,SE06,SE06:F07_SE06_R04.txt,1,Fall,0,0,0,Mild,0.07346930276734137,0,Normal,0,Mild
train,47078,4320,SE06,SE06:F07_SE06_R04.txt,1,Fall,0,0,0,Mild,0.031066701728613255,0,Normal,0,Mild
train,47091,4321,SE06,SE06:F07_SE06_R05.txt,1,Fall,1,1,1,Severe,0.10977030303061402,0,Normal,1,Severe
train,47092,4322,SE06,SE06:F07_SE06_R05.txt,1,Fall,1,1,1,Severe,0.11674594434456975,0,Normal,1,Severe
train,47093,4323,SE06,SE06:F07_SE06_R05.txt,1,Fall,1,1,1,Severe,0.09918957558457475,0,Normal,1,Severe
train,47094,4324,SE06,SE06:F07_SE06_R05.txt,1,Fall,1,1,1,Severe,0.07133979740260121,0,Normal,1,Severe
train,47102,4325,SE06,SE06:F08_SE06_R01.txt,1,Fall,0,0,0,Mild,0.09024047577921718,0,Normal,0,Mild
train,47103,4326,SE06,SE06:F08_SE06_R01.txt,1,Fall,0,0,0,Mild,0.09537107041348108,0,Normal,0,Mild
train,47104,4327,SE06,SE06:F08_SE06_R01.txt,1,Fall,0,0,0,Mild,0.08991525681026596,0,Normal,0,Mild
train,47105,4328,SE06,SE06:F08_SE06_R01.txt,1,Fall,0,0,0,Mild,0.07282517188540805,0,Normal,0,Mild
train,47117,4329,SE06,SE06:F08_SE06_R02.txt,1,Fall,0,0,0,Mild,0.09534436406487551,0,Normal,0,Mild
train,47118,4330,SE06,SE06:F08_SE06_R02.txt,1,Fall,0,0,0,Mild,0.1021901735935073,0,Normal,0,Mild
train,47119,4331,SE06,SE06:F08_SE06_R02.txt,1,Fall,0,0,0,Mild,0.08987660563451322,0,Normal,0,Mild
train,47120,4332,SE06,SE06:F08_SE06_R02.txt,1,Fall,0,0,0,Mild,0.060946292750245656,0,Normal,0,Mild
train,47131,4333,SE06,SE06:F08_SE06_R03.txt,1,Fall,0,0,0,Mild,0.03982099369978431,0,Normal,0,Mild
train,47132,4334,SE06,SE06:F08_SE06_R03.txt,1,Fall,0,0,0,Mild,0.08933483432762857,0,Normal,0,Mild
train,47133,4335,SE06,SE06:F08_SE06_R03.txt,1,Fall,0,0,0,Mild,0.07833206964453088,0,Normal,0,Mild
train,47134,4336,SE06,SE06:F08_SE06_R03.txt,1,Fall,0,0,0,Mild,0.06449841871093687,0,Normal,0,Mild
train,47147,4337,SE06,SE06:F08_SE06_R04.txt,1,Fall,0,0,0,Mild,0.08521334907104233,0,Normal,0,Mild
train,47148,4338,SE06,SE06:F08_SE06_R04.txt,1,Fall,0,0,0,Mild,0.08375459410169339,0,Normal,0,Mild
train,47149,4339,SE06,SE06:F08_SE06_R04.txt,1,Fall,0,0,0,Mild,0.0798763971288301,0,Normal,0,Mild
train,47150,4340,SE06,SE06:F08_SE06_R04.txt,1,Fall,0,0,0,Mild,0.050050690174654466,0,Normal,0,Mild
train,47161,4341,SE06,SE06:F08_SE06_R05.txt,1,Fall,0,0,0,Mild,0.03966908223769133,0,Normal,0,Mild
train,47162,4342,SE06,SE06:F08_SE06_R05.txt,1,Fall,0,0,0,Mild,0.09119619649959476,0,Normal,0,Mild
train,47163,4343,SE06,SE06:F08_SE06_R05.txt,1,Fall,0,0,0,Mild,0.0964968668504303,0,Normal,0,Mild
train,47164,4344,SE06,SE06:F08_SE06_R05.txt,1,Fall,0,0,0,Mild,0.08367516183948565,0,Normal,0,Mild
train,47175,4345,SE06,SE06:F09_SE06_R01.txt,1,Fall,1,1,1,Severe,0.11315898037526373,0,Normal,1,Severe
train,47176,4346,SE06,SE06:F09_SE06_R01.txt,1,Fall,1,1,1,Severe,0.12320510097738974,0,Normal,1,Severe
train,47177,4347,SE06,SE06:F09_SE06_R01.txt,1,Fall,1,1,1,Severe,0.10951382476565286,0,Normal,1,Severe
train,47178,4348,SE06,SE06:F09_SE06_R01.txt,1,Fall,1,1,1,Severe,0.09989442449738023,0,Normal,1,Severe
train,47189,4349,SE06,SE06:F09_SE06_R02.txt,1,Fall,0,0,0,Mild,0.10559847122509358,0,Normal,0,Mild
train,47190,4350,SE06,SE06:F09_SE06_R02.txt,1,Fall,1,1,1,Severe,0.12183500190885505,0,Normal,1,Severe
train,47191,4351,SE06,SE06:F09_SE06_R02.txt,1,Fall,1,1,1,Severe,0.10761186960350066,0,Normal,1,Severe
train,47192,4352,SE06,SE06:F09_SE06_R02.txt,1,Fall,1,1,1,Severe,0.0983124021923038,0,Normal,1,Severe
train,47205,4353,SE06,SE06:F09_SE06_R03.txt,1,Fall,0,0,0,Mild,0.09200222322547974,0,Normal,0,Mild
train,47206,4354,SE06,SE06:F09_SE06_R03.txt,1,Fall,0,0,0,Mild,0.10720221067110047,0,Normal,0,Mild
train,47207,4355,SE06,SE06:F09_SE06_R03.txt,1,Fall,0,0,0,Mild,0.08844850422371375,0,Normal,0,Mild
train,47208,4356,SE06,SE06:F09_SE06_R03.txt,1,Fall,0,0,0,Mild,0.07566233224144264,0,Normal,0,Mild
train,47219,4357,SE06,SE06:F09_SE06_R04.txt,1,Fall,0,0,0,Mild,0.0974717602264914,0,Normal,0,Mild
train,47220,4358,SE06,SE06:F09_SE06_R04.txt,1,Fall,1,1,1,Severe,0.11601020777900972,0,Normal,1,Severe
train,47221,4359,SE06,SE06:F09_SE06_R04.txt,1,Fall,1,1,1,Severe,0.10084823822565675,0,Normal,1,Severe
train,47222,4360,SE06,SE06:F09_SE06_R04.txt,1,Fall,1,1,1,Severe,0.09831577802052749,0,Normal,1,Severe
train,47236,4361,SE06,SE06:F09_SE06_R05.txt,1,Fall,1,1,1,Severe,0.1037978846375377,0,Normal,1,Severe
train,47237,4362,SE06,SE06:F09_SE06_R05.txt,1,Fall,1,1,1,Severe,0.09617141186393147,0,Normal,1,Severe
train,47238,4363,SE06,SE06:F09_SE06_R05.txt,1,Fall,1,1,1,Severe,0.09296586194189482,0,Normal,1,Severe
train,47239,4364,SE06,SE06:F09_SE06_R05.txt,1,Fall,1,1,1,Severe,0.07798444758661938,0,Normal,1,Severe
train,47249,4365,SE06,SE06:F10_SE06_R01.txt,1,Fall,0,0,0,Mild,0.0764290382613389,0,Normal,0,Mild
train,47250,4366,SE06,SE06:F10_SE06_R01.txt,1,Fall,0,0,0,Mild,0.07414921591712909,0,Normal,0,Mild
train,47251,4367,SE06,SE06:F10_SE06_R01.txt,1,Fall,0,0,0,Mild,0.06662725853774526,0,Normal,0,Mild
train,47252,4368,SE06,SE06:F10_SE06_R01.txt,1,Fall,0,0,0,Mild,-0.02031354407875452,1,Anomalous,-1,Non-applicable
train,47267,4369,SE06,SE06:F10_SE06_R02.txt,1,Fall,0,0,0,Mild,0.03555278274547152,0,Normal,0,Mild
train,47268,4370,SE06,SE06:F10_SE06_R02.txt,1,Fall,0,0,0,Mild,0.10055148079916099,0,Normal,0,Mild
train,47269,4371,SE06,SE06:F10_SE06_R02.txt,1,Fall,0,0,0,Mild,0.10423652633215269,0,Normal,0,Mild
train,47270,4372,SE06,SE06:F10_SE06_R02.txt,1,Fall,0,0,0,Mild,0.0943487328249587,0,Normal,0,Mild
train,47279,4373,SE06,SE06:F10_SE06_R03.txt,1,Fall,0,0,0,Mild,0.10195083273830047,0,Normal,0,Mild
train,47280,4374,SE06,SE06:F10_SE06_R03.txt,1,Fall,0,0,0,Mild,0.09539965984378357,0,Normal,0,Mild
train,47281,4375,SE06,SE06:F10_SE06_R03.txt,1,Fall,0,0,0,Mild,0.08573361924729572,0,Normal,0,Mild
train,47282,4376,SE06,SE06:F10_SE06_R03.txt,1,Fall,0,0,0,Mild,0.05246558727287348,0,Normal,0,Mild
train,47294,4377,SE06,SE06:F10_SE06_R04.txt,1,Fall,0,0,0,Mild,0.10585761937670979,0,Normal,0,Mild
train,47295,4378,SE06,SE06:F10_SE06_R04.txt,1,Fall,0,0,0,Mild,0.10221969651008689,0,Normal,0,Mild
train,47296,4379,SE06,SE06:F10_SE06_R04.txt,1,Fall,0,0,0,Mild,0.08006704547056387,0,Normal,0,Mild
train,47297,4380,SE06,SE06:F10_SE06_R04.txt,1,Fall,0,0,0,Mild,0.05617436639323231,0,Normal,0,Mild
train,47311,4381,SE06,SE06:F10_SE06_R05.txt,1,Fall,0,0,0,Mild,0.10328009447961467,0,Normal,0,Mild
train,47312,4382,SE06,SE06:F10_SE06_R05.txt,1,Fall,0,0,0,Mild,0.08929660229358538,0,Normal,0,Mild
train,47313,4383,SE06,SE06:F10_SE06_R05.txt,1,Fall,0,0,0,Mild,0.07526603293418865,0,Normal,0,Mild
train,47314,4384,SE06,SE06:F10_SE06_R05.txt,1,Fall,0,0,0,Mild,-0.01222826150610945,1,Anomalous,-1,Non-applicable
train,47328,4385,SE06,SE06:F11_SE06_R01.txt,1,Fall,0,0,0,Mild,0.07787177657352551,0,Normal,0,Mild
train,47329,4386,SE06,SE06:F11_SE06_R01.txt,1,Fall,0,0,0,Mild,0.10901485469563305,0,Normal,0,Mild
train,47330,4387,SE06,SE06:F11_SE06_R01.txt,1,Fall,0,0,0,Mild,0.11001088040810969,0,Normal,0,Mild
train,47331,4388,SE06,SE06:F11_SE06_R01.txt,1,Fall,0,0,0,Mild,0.09430675759375223,0,Normal,0,Mild
train,47341,4389,SE06,SE06:F11_SE06_R02.txt,1,Fall,0,0,0,Mild,0.08070736712402166,0,Normal,0,Mild
train,47342,4390,SE06,SE06:F11_SE06_R02.txt,1,Fall,0,0,0,Mild,0.12040055166522362,0,Normal,0,Mild
train,47343,4391,SE06,SE06:F11_SE06_R02.txt,1,Fall,0,0,0,Mild,0.12414231379641055,0,Normal,0,Mild
train,47344,4392,SE06,SE06:F11_SE06_R02.txt,1,Fall,0,0,0,Mild,0.11419863093505578,0,Normal,0,Mild
train,47358,4393,SE06,SE06:F11_SE06_R03.txt,1,Fall,1,1,1,Severe,0.09057286558191435,0,Normal,1,Severe
train,47359,4394,SE06,SE06:F11_SE06_R03.txt,1,Fall,1,1,1,Severe,0.09914755928580454,0,Normal,1,Severe
train,47360,4395,SE06,SE06:F11_SE06_R03.txt,1,Fall,1,1,1,Severe,0.1035379886493491,0,Normal,1,Severe
train,47361,4396,SE06,SE06:F11_SE06_R03.txt,1,Fall,1,1,1,Severe,0.08466922387941139,0,Normal,1,Severe
train,47368,4397,SE06,SE06:F11_SE06_R04.txt,1,Fall,1,1,1,Severe,0.07974586555771712,0,Normal,1,Severe
train,47369,4398,SE06,SE06:F11_SE06_R04.txt,1,Fall,1,1,1,Severe,0.10044509787153444,0,Normal,1,Severe
train,47370,4399,SE06,SE06:F11_SE06_R04.txt,1,Fall,1,1,1,Severe,0.10772755529358641,0,Normal,1,Severe
train,47371,4400,SE06,SE06:F11_SE06_R04.txt,1,Fall,1,1,1,Severe,0.09684367968475005,0,Normal,1,Severe
train,47385,4401,SE06,SE06:F11_SE06_R05.txt,1,Fall,0,0,0,Mild,0.07685375763884139,0,Normal,0,Mild
train,47386,4402,SE06,SE06:F11_SE06_R05.txt,1,Fall,0,0,0,Mild,0.1043104646060205,0,Normal,0,Mild
train,47387,4403,SE06,SE06:F11_SE06_R05.txt,1,Fall,0,0,0,Mild,0.10469356211361841,0,Normal,0,Mild
train,47388,4404,SE06,SE06:F11_SE06_R05.txt,1,Fall,0,0,0,Mild,0.10836264509049287,0,Normal,0,Mild
train,47398,4405,SE06,SE06:F12_SE06_R01.txt,1,Fall,0,0,0,Mild,0.1074953826824031,0,Normal,0,Mild
train,47399,4406,SE06,SE06:F12_SE06_R01.txt,1,Fall,0,0,0,Mild,0.10900087860554414,0,Normal,0,Mild
train,47400,4407,SE06,SE06:F12_SE06_R01.txt,1,Fall,0,0,0,Mild,0.1034483410149285,0,Normal,0,Mild
train,47401,4408,SE06,SE06:F12_SE06_R01.txt,1,Fall,0,0,0,Mild,0.06454534810168217,0,Normal,0,Mild
train,47418,4409,SE06,SE06:F12_SE06_R02.txt,1,Fall,1,1,1,Severe,0.08943218951280868,0,Normal,1,Severe
train,47419,4410,SE06,SE06:F12_SE06_R02.txt,1,Fall,1,1,1,Severe,0.10853021715092503,0,Normal,1,Severe
train,47420,4411,SE06,SE06:F12_SE06_R02.txt,1,Fall,1,1,1,Severe,0.10901193071739024,0,Normal,1,Severe
train,47421,4412,SE06,SE06:F12_SE06_R02.txt,1,Fall,1,1,1,Severe,0.09335780471491845,0,Normal,1,Severe
train,47429,4413,SE06,SE06:F12_SE06_R03.txt,1,Fall,1,1,1,Severe,0.07642468363941779,0,Normal,1,Severe
train,47430,4414,SE06,SE06:F12_SE06_R03.txt,1,Fall,1,1,1,Severe,0.10434418243700694,0,Normal,1,Severe
train,47431,4415,SE06,SE06:F12_SE06_R03.txt,1,Fall,1,1,1,Severe,0.10307876044385766,0,Normal,1,Severe
train,47432,4416,SE06,SE06:F12_SE06_R03.txt,1,Fall,1,1,1,Severe,0.08550605487202795,0,Normal,1,Severe
train,47443,4417,SE06,SE06:F12_SE06_R04.txt,1,Fall,1,1,1,Severe,0.10446213600010801,0,Normal,1,Severe
train,47444,4418,SE06,SE06:F12_SE06_R04.txt,1,Fall,1,1,1,Severe,0.12266406542557368,0,Normal,1,Severe
train,47445,4419,SE06,SE06:F12_SE06_R04.txt,1,Fall,1,1,1,Severe,0.1152547114972276,0,Normal,1,Severe
train,47446,4420,SE06,SE06:F12_SE06_R04.txt,1,Fall,1,1,1,Severe,0.10374647457243813,0,Normal,1,Severe
train,47458,4421,SE06,SE06:F12_SE06_R05.txt,1,Fall,1,1,1,Severe,0.11055105837643775,0,Normal,1,Severe
train,47459,4422,SE06,SE06:F12_SE06_R05.txt,1,Fall,1,1,1,Severe,0.1257219512095603,0,Normal,1,Severe
train,47460,4423,SE06,SE06:F12_SE06_R05.txt,1,Fall,1,1,1,Severe,0.12258724114417491,0,Normal,1,Severe
train,47461,4424,SE06,SE06:F12_SE06_R05.txt,1,Fall,1,1,1,Severe,0.09750596935346761,0,Normal,1,Severe
train,47477,4425,SE06,SE06:F13_SE06_R01.txt,1,Fall,0,0,0,Mild,0.05901719977485009,0,Normal,0,Mild
train,47478,4426,SE06,SE06:F13_SE06_R01.txt,1,Fall,0,0,0,Mild,0.06397050371146706,0,Normal,0,Mild
train,47479,4427,SE06,SE06:F13_SE06_R01.txt,1,Fall,0,0,0,Mild,0.059964704628017174,0,Normal,0,Mild
train,47480,4428,SE06,SE06:F13_SE06_R01.txt,1,Fall,0,0,0,Mild,0.04272319624515186,0,Normal,0,Mild
train,47497,4429,SE06,SE06:F13_SE06_R02.txt,1,Fall,0,0,0,Mild,0.059602197532464096,0,Normal,0,Mild
train,47498,4430,SE06,SE06:F13_SE06_R02.txt,1,Fall,0,0,0,Mild,0.05988644002752874,0,Normal,0,Mild
train,47499,4431,SE06,SE06:F13_SE06_R02.txt,1,Fall,0,0,0,Mild,0.056828180245960924,0,Normal,0,Mild
train,47500,4432,SE06,SE06:F13_SE06_R02.txt,1,Fall,0,0,0,Mild,0.051773967660505404,0,Normal,0,Mild
train,47513,4433,SE06,SE06:F13_SE06_R03.txt,1,Fall,0,0,0,Mild,0.0631284091610057,0,Normal,0,Mild
train,47514,4434,SE06,SE06:F13_SE06_R03.txt,1,Fall,0,0,0,Mild,0.06296862090474337,0,Normal,0,Mild
train,47515,4435,SE06,SE06:F13_SE06_R03.txt,1,Fall,0,0,0,Mild,0.05822116600917193,0,Normal,0,Mild
train,47516,4436,SE06,SE06:F13_SE06_R03.txt,1,Fall,0,0,0,Mild,0.018545786665914443,0,Normal,0,Mild
train,47525,4437,SE06,SE06:F13_SE06_R04.txt,1,Fall,0,0,0,Mild,0.02660132094058565,0,Normal,0,Mild
train,47526,4438,SE06,SE06:F13_SE06_R04.txt,1,Fall,0,0,0,Mild,0.026449853161283232,0,Normal,0,Mild
train,47527,4439,SE06,SE06:F13_SE06_R04.txt,1,Fall,0,0,0,Mild,0.02120209832135611,0,Normal,0,Mild
train,47528,4440,SE06,SE06:F13_SE06_R04.txt,1,Fall,0,0,0,Mild,0.008176466551769734,0,Normal,0,Mild
train,47541,4441,SE06,SE06:F13_SE06_R05.txt,1,Fall,0,0,0,Mild,0.060845962819580324,0,Normal,0,Mild
train,47542,4442,SE06,SE06:F13_SE06_R05.txt,1,Fall,0,0,0,Mild,0.06676477498635675,0,Normal,0,Mild
train,47543,4443,SE06,SE06:F13_SE06_R05.txt,1,Fall,0,0,0,Mild,0.06797067046661459,0,Normal,0,Mild
train,47544,4444,SE06,SE06:F13_SE06_R05.txt,1,Fall,0,0,0,Mild,0.061960528332913045,0,Normal,0,Mild
train,47548,4445,SE06,SE06:F14_SE06_R01.txt,1,Fall,0,0,0,Mild,0.058289359686988784,0,Normal,0,Mild
train,47549,4446,SE06,SE06:F14_SE06_R01.txt,1,Fall,0,0,0,Mild,0.06258745703387347,0,Normal,0,Mild
train,47550,4447,SE06,SE06:F14_SE06_R01.txt,1,Fall,0,0,0,Mild,0.05564572713475463,0,Normal,0,Mild
train,47566,4448,SE06,SE06:F14_SE06_R02.txt,1,Fall,0,0,0,Mild,0.01271255759365042,0,Normal,0,Mild
train,47567,4449,SE06,SE06:F14_SE06_R02.txt,1,Fall,0,0,0,Mild,0.05454667272291086,0,Normal,0,Mild
train,47568,4450,SE06,SE06:F14_SE06_R02.txt,1,Fall,0,0,0,Mild,0.05856954705038375,0,Normal,0,Mild
train,47569,4451,SE06,SE06:F14_SE06_R02.txt,1,Fall,0,0,0,Mild,0.05709958094350531,0,Normal,0,Mild
train,47580,4452,SE06,SE06:F14_SE06_R03.txt,1,Fall,0,0,0,Mild,0.049496775257847514,0,Normal,0,Mild
train,47581,4453,SE06,SE06:F14_SE06_R03.txt,1,Fall,0,0,0,Mild,0.07251069032452889,0,Normal,0,Mild
train,47582,4454,SE06,SE06:F14_SE06_R03.txt,1,Fall,0,0,0,Mild,0.07574933593403232,0,Normal,0,Mild
train,47583,4455,SE06,SE06:F14_SE06_R03.txt,1,Fall,0,0,0,Mild,0.06929233645024813,0,Normal,0,Mild
train,47597,4456,SE06,SE06:F14_SE06_R04.txt,1,Fall,0,0,0,Mild,0.014597856110182716,0,Normal,0,Mild
train,47598,4457,SE06,SE06:F14_SE06_R04.txt,1,Fall,0,0,0,Mild,0.0607282158142286,0,Normal,0,Mild
train,47599,4458,SE06,SE06:F14_SE06_R04.txt,1,Fall,0,0,0,Mild,0.05859675642947898,0,Normal,0,Mild
train,47600,4459,SE06,SE06:F14_SE06_R04.txt,1,Fall,0,0,0,Mild,0.056021364466421475,0,Normal,0,Mild
train,47610,4460,SE06,SE06:F14_SE06_R05.txt,1,Fall,0,0,0,Mild,0.09598982511041815,0,Normal,0,Mild
train,47611,4461,SE06,SE06:F14_SE06_R05.txt,1,Fall,0,0,0,Mild,0.10124602802173682,0,Normal,0,Mild
train,47612,4462,SE06,SE06:F14_SE06_R05.txt,1,Fall,0,0,0,Mild,0.09836096542830541,0,Normal,0,Mild
train,47613,4463,SE06,SE06:F14_SE06_R05.txt,1,Fall,0,0,0,Mild,0.07803941531646286,0,Normal,0,Mild
train,47628,4464,SE06,SE06:F15_SE06_R01.txt,1,Fall,1,1,1,Severe,0.11343112128946364,0,Normal,1,Severe
train,47629,4465,SE06,SE06:F15_SE06_R01.txt,1,Fall,1,1,1,Severe,0.11548355974493024,0,Normal,1,Severe
train,47630,4466,SE06,SE06:F15_SE06_R01.txt,1,Fall,1,1,1,Severe,0.11496912744924931,0,Normal,1,Severe
train,47631,4467,SE06,SE06:F15_SE06_R01.txt,1,Fall,1,1,1,Severe,0.05265599600562093,0,Normal,1,Severe
train,47645,4468,SE06,SE06:F15_SE06_R02.txt,1,Fall,1,1,1,Severe,0.10640099687551496,0,Normal,1,Severe
train,47646,4469,SE06,SE06:F15_SE06_R02.txt,1,Fall,1,1,1,Severe,0.11167864774266117,0,Normal,1,Severe
train,47647,4470,SE06,SE06:F15_SE06_R02.txt,1,Fall,1,1,1,Severe,0.10822545891804614,0,Normal,1,Severe
train,47648,4471,SE06,SE06:F15_SE06_R02.txt,1,Fall,1,1,1,Severe,0.07237417047784789,0,Normal,1,Severe
train,47657,4472,SE06,SE06:F15_SE06_R03.txt,1,Fall,1,1,1,Severe,0.08939424526647377,0,Normal,1,Severe
train,47658,4473,SE06,SE06:F15_SE06_R03.txt,1,Fall,1,1,1,Severe,0.09737614156192159,0,Normal,1,Severe
train,47659,4474,SE06,SE06:F15_SE06_R03.txt,1,Fall,1,1,1,Severe,0.09274545749586122,0,Normal,1,Severe
train,47660,4475,SE06,SE06:F15_SE06_R03.txt,1,Fall,1,1,1,Severe,0.04462170389518599,0,Normal,1,Severe
train,47675,4476,SE06,SE06:F15_SE06_R04.txt,1,Fall,1,1,1,Severe,0.0941715297239436,0,Normal,1,Severe
train,47676,4477,SE06,SE06:F15_SE06_R04.txt,1,Fall,1,1,1,Severe,0.10536415622134432,0,Normal,1,Severe
train,47677,4478,SE06,SE06:F15_SE06_R04.txt,1,Fall,1,1,1,Severe,0.10327202938146823,0,Normal,1,Severe
train,47678,4479,SE06,SE06:F15_SE06_R04.txt,1,Fall,1,1,1,Severe,0.061562497714055586,0,Normal,1,Severe
train,47691,4480,SE06,SE06:F15_SE06_R05.txt,1,Fall,1,1,1,Severe,0.06387518451024837,0,Normal,1,Severe
train,47692,4481,SE06,SE06:F15_SE06_R05.txt,1,Fall,1,1,1,Severe,0.08706125990561708,0,Normal,1,Severe
train,47693,4482,SE06,SE06:F15_SE06_R05.txt,1,Fall,1,1,1,Severe,0.0958810584255308,0,Normal,1,Severe
train,47694,4483,SE06,SE06:F15_SE06_R05.txt,1,Fall,1,1,1,Severe,0.09128323046206377,0,Normal,1,Severe
val,1634,0,SA12,SA12:F01_SA12_R01.txt,1,Fall,0,0,0,Mild,0.0770713542406829,0,Normal,0,Mild
val,1635,1,SA12,SA12:F01_SA12_R01.txt,1,Fall,0,0,0,Mild,0.07739097079913365,0,Normal,0,Mild
val,1636,2,SA12,SA12:F01_SA12_R01.txt,1,Fall,0,0,0,Mild,0.0697065342340818,0,Normal,0,Mild
val,1637,3,SA12,SA12:F01_SA12_R01.txt,1,Fall,0,0,0,Mild,0.03945208856239152,0,Normal,0,Mild
val,1650,4,SA12,SA12:F01_SA12_R02.txt,1,Fall,0,0,0,Mild,0.08265605973220758,0,Normal,0,Mild
val,1651,5,SA12,SA12:F01_SA12_R02.txt,1,Fall,0,0,0,Mild,0.08085784716447314,0,Normal,0,Mild
val,1652,6,SA12,SA12:F01_SA12_R02.txt,1,Fall,0,0,0,Mild,0.0690463254972073,0,Normal,0,Mild
val,1653,7,SA12,SA12:F01_SA12_R02.txt,1,Fall,0,0,0,Mild,0.030750771150865996,0,Normal,0,Mild
val,1666,8,SA12,SA12:F01_SA12_R03.txt,1,Fall,0,0,0,Mild,0.06291368493467064,0,Normal,0,Mild
val,1667,9,SA12,SA12:F01_SA12_R03.txt,1,Fall,0,0,0,Mild,0.057639193226119045,0,Normal,0,Mild
val,1668,10,SA12,SA12:F01_SA12_R03.txt,1,Fall,0,0,0,Mild,0.0517251317746279,0,Normal,0,Mild
val,1669,11,SA12,SA12:F01_SA12_R03.txt,1,Fall,0,0,0,Mild,0.000530819445248687,0,Normal,0,Mild
val,1681,12,SA12,SA12:F01_SA12_R04.txt,1,Fall,0,0,0,Mild,0.10942552328858324,0,Normal,0,Mild
val,1682,13,SA12,SA12:F01_SA12_R04.txt,1,Fall,0,0,0,Mild,0.1090932530942394,0,Normal,0,Mild
val,1683,14,SA12,SA12:F01_SA12_R04.txt,1,Fall,0,0,0,Mild,0.10828414731556962,0,Normal,0,Mild
val,1684,15,SA12,SA12:F01_SA12_R04.txt,1,Fall,0,0,0,Mild,0.08234769153062543,0,Normal,0,Mild
val,1695,16,SA12,SA12:F01_SA12_R05.txt,1,Fall,0,0,0,Mild,0.0855767056501539,0,Normal,0,Mild
val,1696,17,SA12,SA12:F01_SA12_R05.txt,1,Fall,0,0,0,Mild,0.10075638403298559,0,Normal,0,Mild
val,1697,18,SA12,SA12:F01_SA12_R05.txt,1,Fall,0,0,0,Mild,0.10187092036946604,0,Normal,0,Mild
val,1698,19,SA12,SA12:F01_SA12_R05.txt,1,Fall,0,0,0,Mild,0.08553385549818998,0,Normal,0,Mild
val,1712,20,SA12,SA12:F02_SA12_R01.txt,1,Fall,0,0,0,Mild,0.061510696981685264,0,Normal,0,Mild
val,1713,21,SA12,SA12:F02_SA12_R01.txt,1,Fall,0,0,0,Mild,0.07004651688231817,0,Normal,0,Mild
val,1714,22,SA12,SA12:F02_SA12_R01.txt,1,Fall,0,0,0,Mild,0.0618985240351822,0,Normal,0,Mild
val,1715,23,SA12,SA12:F02_SA12_R01.txt,1,Fall,0,0,0,Mild,0.04987179638218964,0,Normal,0,Mild
val,1728,24,SA12,SA12:F02_SA12_R02.txt,1,Fall,0,0,0,Mild,0.04888821811629662,0,Normal,0,Mild
val,1729,25,SA12,SA12:F02_SA12_R02.txt,1,Fall,0,0,0,Mild,0.05598209749189309,0,Normal,0,Mild
val,1730,26,SA12,SA12:F02_SA12_R02.txt,1,Fall,0,0,0,Mild,0.049853796824930574,0,Normal,0,Mild
val,1731,27,SA12,SA12:F02_SA12_R02.txt,1,Fall,0,0,0,Mild,0.05078426147461146,0,Normal,0,Mild
val,1744,28,SA12,SA12:F02_SA12_R03.txt,1,Fall,0,0,0,Mild,0.07589842574978917,0,Normal,0,Mild
val,1745,29,SA12,SA12:F02_SA12_R03.txt,1,Fall,0,0,0,Mild,0.08323527047295798,0,Normal,0,Mild
val,1746,30,SA12,SA12:F02_SA12_R03.txt,1,Fall,0,0,0,Mild,0.07345851773225653,0,Normal,0,Mild
val,1747,31,SA12,SA12:F02_SA12_R03.txt,1,Fall,0,0,0,Mild,0.03970395998971665,0,Normal,0,Mild
val,1757,32,SA12,SA12:F02_SA12_R04.txt,1,Fall,0,0,0,Mild,0.08164398054177874,0,Normal,0,Mild
val,1758,33,SA12,SA12:F02_SA12_R04.txt,1,Fall,0,0,0,Mild,0.07049150293408857,0,Normal,0,Mild
val,1759,34,SA12,SA12:F02_SA12_R04.txt,1,Fall,0,0,0,Mild,0.06843173962411353,0,Normal,0,Mild
val,1760,35,SA12,SA12:F02_SA12_R04.txt,1,Fall,0,0,0,Mild,0.04347869603976884,0,Normal,0,Mild
val,1772,36,SA12,SA12:F02_SA12_R05.txt,1,Fall,0,0,0,Mild,0.07685270417384632,0,Normal,0,Mild
val,1773,37,SA12,SA12:F02_SA12_R05.txt,1,Fall,0,0,0,Mild,0.09758360780506536,0,Normal,0,Mild
val,1774,38,SA12,SA12:F02_SA12_R05.txt,1,Fall,0,0,0,Mild,0.08941687279365612,0,Normal,0,Mild
val,1775,39,SA12,SA12:F02_SA12_R05.txt,1,Fall,0,0,0,Mild,0.0726190701310715,0,Normal,0,Mild
val,1785,40,SA12,SA12:F03_SA12_R01.txt,1,Fall,1,1,1,Severe,0.05398841100054358,0,Normal,1,Severe
val,1786,41,SA12,SA12:F03_SA12_R01.txt,1,Fall,1,1,1,Severe,0.0769158944272692,0,Normal,1,Severe
val,1787,42,SA12,SA12:F03_SA12_R01.txt,1,Fall,1,1,1,Severe,0.07673193269614725,0,Normal,1,Severe
val,1788,43,SA12,SA12:F03_SA12_R01.txt,1,Fall,1,1,1,Severe,0.06850770845783977,0,Normal,1,Severe
val,1801,44,SA12,SA12:F03_SA12_R02.txt,1,Fall,1,1,1,Severe,0.06757923586020126,0,Normal,1,Severe
val,1802,45,SA12,SA12:F03_SA12_R02.txt,1,Fall,1,1,1,Severe,0.07773439676210492,0,Normal,1,Severe
val,1803,46,SA12,SA12:F03_SA12_R02.txt,1,Fall,1,1,1,Severe,0.08174270658681398,0,Normal,1,Severe
val,1804,47,SA12,SA12:F03_SA12_R02.txt,1,Fall,1,1,1,Severe,0.07475355747991713,0,Normal,1,Severe
val,1816,48,SA12,SA12:F03_SA12_R03.txt,1,Fall,1,1,1,Severe,0.08012478217276597,0,Normal,1,Severe
val,1817,49,SA12,SA12:F03_SA12_R03.txt,1,Fall,1,1,1,Severe,0.10786999735117997,0,Normal,1,Severe
val,1818,50,SA12,SA12:F03_SA12_R03.txt,1,Fall,1,1,1,Severe,0.10825319239680425,0,Normal,1,Severe
val,1819,51,SA12,SA12:F03_SA12_R03.txt,1,Fall,1,1,1,Severe,0.10087622559977488,0,Normal,1,Severe
val,1832,52,SA12,SA12:F03_SA12_R04.txt,1,Fall,1,1,1,Severe,0.08316827090663725,0,Normal,1,Severe
val,1833,53,SA12,SA12:F03_SA12_R04.txt,1,Fall,1,1,1,Severe,0.08047084818911399,0,Normal,1,Severe
val,1834,54,SA12,SA12:F03_SA12_R04.txt,1,Fall,1,1,1,Severe,0.07780801165790413,0,Normal,1,Severe
val,1835,55,SA12,SA12:F03_SA12_R04.txt,1,Fall,1,1,1,Severe,0.07127693114353956,0,Normal,1,Severe
val,1849,56,SA12,SA12:F03_SA12_R05.txt,1,Fall,1,1,1,Severe,0.08304115669364659,0,Normal,1,Severe
val,1850,57,SA12,SA12:F03_SA12_R05.txt,1,Fall,1,1,1,Severe,0.08942276603752564,0,Normal,1,Severe
val,1851,58,SA12,SA12:F03_SA12_R05.txt,1,Fall,1,1,1,Severe,0.08412173549864138,0,Normal,1,Severe
val,1852,59,SA12,SA12:F03_SA12_R05.txt,1,Fall,1,1,1,Severe,0.07311627715099756,0,Normal,1,Severe
val,1860,60,SA12,SA12:F04_SA12_R01.txt,1,Fall,0,0,0,Mild,0.10610710338864082,0,Normal,0,Mild
val,1861,61,SA12,SA12:F04_SA12_R01.txt,1,Fall,0,0,0,Mild,0.10567823851044478,0,Normal,0,Mild
val,1862,62,SA12,SA12:F04_SA12_R01.txt,1,Fall,0,0,0,Mild,0.09970130540181771,0,Normal,0,Mild
val,1863,63,SA12,SA12:F04_SA12_R01.txt,1,Fall,0,0,0,Mild,0.029887093292376488,0,Normal,0,Mild
val,1874,64,SA12,SA12:F04_SA12_R02.txt,1,Fall,0,0,0,Mild,0.10468040613758772,0,Normal,0,Mild
val,1875,65,SA12,SA12:F04_SA12_R02.txt,1,Fall,0,0,0,Mild,0.11410617159028874,0,Normal,0,Mild
val,1876,66,SA12,SA12:F04_SA12_R02.txt,1,Fall,0,0,0,Mild,0.11535700007411365,0,Normal,0,Mild
val,1877,67,SA12,SA12:F04_SA12_R02.txt,1,Fall,0,0,0,Mild,0.11084576934657109,0,Normal,0,Mild
val,1891,68,SA12,SA12:F04_SA12_R03.txt,1,Fall,0,0,0,Mild,0.10476180474240199,0,Normal,0,Mild
val,1892,69,SA12,SA12:F04_SA12_R03.txt,1,Fall,0,0,0,Mild,0.10748512219324652,0,Normal,0,Mild
val,1893,70,SA12,SA12:F04_SA12_R03.txt,1,Fall,0,0,0,Mild,0.11150014935726643,0,Normal,0,Mild
val,1894,71,SA12,SA12:F04_SA12_R03.txt,1,Fall,0,0,0,Mild,0.07097534700997005,0,Normal,0,Mild
val,1905,72,SA12,SA12:F04_SA12_R04.txt,1,Fall,0,0,0,Mild,0.0914989057320788,0,Normal,0,Mild
val,1906,73,SA12,SA12:F04_SA12_R04.txt,1,Fall,0,0,0,Mild,0.09630286739233457,0,Normal,0,Mild
val,1907,74,SA12,SA12:F04_SA12_R04.txt,1,Fall,0,0,0,Mild,0.09810900790629934,0,Normal,0,Mild
val,1908,75,SA12,SA12:F04_SA12_R04.txt,1,Fall,0,0,0,Mild,0.09743747848030027,0,Normal,0,Mild
val,1920,76,SA12,SA12:F04_SA12_R05.txt,1,Fall,0,0,0,Mild,0.08058890618786463,0,Normal,0,Mild
val,1921,77,SA12,SA12:F04_SA12_R05.txt,1,Fall,0,0,0,Mild,0.09705144335115795,0,Normal,0,Mild
val,1922,78,SA12,SA12:F04_SA12_R05.txt,1,Fall,0,0,0,Mild,0.09907471590774336,0,Normal,0,Mild
val,1923,79,SA12,SA12:F04_SA12_R05.txt,1,Fall,0,0,0,Mild,0.0967668073300782,0,Normal,0,Mild
val,1929,80,SA12,SA12:F05_SA12_R01.txt,1,Fall,1,1,1,Severe,0.00947187283214157,0,Normal,1,Severe
val,1930,81,SA12,SA12:F05_SA12_R01.txt,1,Fall,1,1,1,Severe,0.010174354125208396,0,Normal,1,Severe
val,1931,82,SA12,SA12:F05_SA12_R01.txt,1,Fall,1,1,1,Severe,0.00693433493758,0,Normal,1,Severe
val,1932,83,SA12,SA12:F05_SA12_R01.txt,1,Fall,0,0,0,Mild,0.0019176572217678434,0,Normal,0,Mild
val,1945,84,SA12,SA12:F05_SA12_R02.txt,1,Fall,0,0,0,Mild,0.03803030157873394,0,Normal,0,Mild
val,1946,85,SA12,SA12:F05_SA12_R02.txt,1,Fall,0,0,0,Mild,0.04641197490241994,0,Normal,0,Mild
val,1947,86,SA12,SA12:F05_SA12_R02.txt,1,Fall,0,0,0,Mild,0.0444496770605885,0,Normal,0,Mild
val,1948,87,SA12,SA12:F05_SA12_R02.txt,1,Fall,0,0,0,Mild,0.028305782248917666,0,Normal,0,Mild
val,1960,88,SA12,SA12:F05_SA12_R03.txt,1,Fall,1,1,1,Severe,0.07735133064592575,0,Normal,1,Severe
val,1961,89,SA12,SA12:F05_SA12_R03.txt,1,Fall,0,0,0,Mild,0.09228890327063655,0,Normal,0,Mild
val,1962,90,SA12,SA12:F05_SA12_R03.txt,1,Fall,0,0,0,Mild,0.10719544701103795,0,Normal,0,Mild
val,1963,91,SA12,SA12:F05_SA12_R03.txt,1,Fall,0,0,0,Mild,0.09582855577071009,0,Normal,0,Mild
val,1975,92,SA12,SA12:F05_SA12_R04.txt,1,Fall,1,1,1,Severe,0.06008558639093042,0,Normal,1,Severe
val,1976,93,SA12,SA12:F05_SA12_R04.txt,1,Fall,1,1,1,Severe,0.07691517812764848,0,Normal,1,Severe
val,1977,94,SA12,SA12:F05_SA12_R04.txt,1,Fall,1,1,1,Severe,0.08370946141183683,0,Normal,1,Severe
val,1978,95,SA12,SA12:F05_SA12_R04.txt,1,Fall,0,0,0,Mild,0.07286791926719088,0,Normal,0,Mild
val,1989,96,SA12,SA12:F05_SA12_R05.txt,1,Fall,1,1,1,Severe,0.055471319941942376,0,Normal,1,Severe
val,1990,97,SA12,SA12:F05_SA12_R05.txt,1,Fall,1,1,1,Severe,0.019309388274698525,0,Normal,1,Severe
val,1991,98,SA12,SA12:F05_SA12_R05.txt,1,Fall,1,1,1,Severe,0.03282455191891659,0,Normal,1,Severe
val,1992,99,SA12,SA12:F05_SA12_R05.txt,1,Fall,1,1,1,Severe,0.0425464389262602,0,Normal,1,Severe
val,2010,100,SA12,SA12:F06_SA12_R01.txt,1,Fall,1,1,1,Severe,0.05925291532611815,0,Normal,1,Severe
val,2011,101,SA12,SA12:F06_SA12_R01.txt,1,Fall,1,1,1,Severe,0.07477987633775501,0,Normal,1,Severe
val,2012,102,SA12,SA12:F06_SA12_R01.txt,1,Fall,1,1,1,Severe,0.07268718349225217,0,Normal,1,Severe
val,2013,103,SA12,SA12:F06_SA12_R01.txt,1,Fall,1,1,1,Severe,0.06692020170884605,0,Normal,1,Severe
val,2026,104,SA12,SA12:F06_SA12_R02.txt,1,Fall,1,1,1,Severe,0.058105556720359774,0,Normal,1,Severe
val,2027,105,SA12,SA12:F06_SA12_R02.txt,1,Fall,1,1,1,Severe,0.07203135684294432,0,Normal,1,Severe
val,2028,106,SA12,SA12:F06_SA12_R02.txt,1,Fall,1,1,1,Severe,0.08728425750191382,0,Normal,1,Severe
val,2029,107,SA12,SA12:F06_SA12_R02.txt,1,Fall,1,1,1,Severe,0.07468954264326466,0,Normal,1,Severe
val,2039,108,SA12,SA12:F06_SA12_R03.txt,1,Fall,1,1,1,Severe,0.0820846852475059,0,Normal,1,Severe
val,2040,109,SA12,SA12:F06_SA12_R03.txt,1,Fall,1,1,1,Severe,0.08940574515965255,0,Normal,1,Severe
val,2041,110,SA12,SA12:F06_SA12_R03.txt,1,Fall,1,1,1,Severe,0.08131834277072114,0,Normal,1,Severe
val,2042,111,SA12,SA12:F06_SA12_R03.txt,1,Fall,1,1,1,Severe,0.06430753338361711,0,Normal,1,Severe
val,2055,112,SA12,SA12:F06_SA12_R04.txt,1,Fall,1,1,1,Severe,0.08271880174965501,0,Normal,1,Severe
val,2056,113,SA12,SA12:F06_SA12_R04.txt,1,Fall,1,1,1,Severe,0.09988738312935669,0,Normal,1,Severe
val,2057,114,SA12,SA12:F06_SA12_R04.txt,1,Fall,1,1,1,Severe,0.10167343619900177,0,Normal,1,Severe
val,2058,115,SA12,SA12:F06_SA12_R04.txt,1,Fall,1,1,1,Severe,0.09242354168299122,0,Normal,1,Severe
val,2070,116,SA12,SA12:F06_SA12_R05.txt,1,Fall,1,1,1,Severe,0.08415994443944697,0,Normal,1,Severe
val,2071,117,SA12,SA12:F06_SA12_R05.txt,1,Fall,1,1,1,Severe,0.09336557472358609,0,Normal,1,Severe
val,2072,118,SA12,SA12:F06_SA12_R05.txt,1,Fall,1,1,1,Severe,0.09819577539761631,0,Normal,1,Severe
val,2073,119,SA12,SA12:F06_SA12_R05.txt,1,Fall,1,1,1,Severe,0.09240332495715214,0,Normal,1,Severe
val,2083,120,SA12,SA12:F07_SA12_R01.txt,1,Fall,1,1,1,Severe,0.06811067834574591,0,Normal,1,Severe
val,2084,121,SA12,SA12:F07_SA12_R01.txt,1,Fall,1,1,1,Severe,0.09702368099756509,0,Normal,1,Severe
val,2085,122,SA12,SA12:F07_SA12_R01.txt,1,Fall,1,1,1,Severe,0.09553584392295583,0,Normal,1,Severe
val,2086,123,SA12,SA12:F07_SA12_R01.txt,1,Fall,1,1,1,Severe,0.09148188204404156,0,Normal,1,Severe
val,2099,124,SA12,SA12:F07_SA12_R02.txt,1,Fall,1,1,1,Severe,0.04790693656605027,0,Normal,1,Severe
val,2100,125,SA12,SA12:F07_SA12_R02.txt,1,Fall,1,1,1,Severe,0.053385527354179674,0,Normal,1,Severe
val,2101,126,SA12,SA12:F07_SA12_R02.txt,1,Fall,1,1,1,Severe,0.05596027924481484,0,Normal,1,Severe
val,2102,127,SA12,SA12:F07_SA12_R02.txt,1,Fall,1,1,1,Severe,0.06429066442081727,0,Normal,1,Severe
val,2113,128,SA12,SA12:F07_SA12_R03.txt,1,Fall,1,1,1,Severe,0.09292784553940547,0,Normal,1,Severe
val,2114,129,SA12,SA12:F07_SA12_R03.txt,1,Fall,1,1,1,Severe,0.09844349528924479,0,Normal,1,Severe
val,2115,130,SA12,SA12:F07_SA12_R03.txt,1,Fall,1,1,1,Severe,0.09887181547841556,0,Normal,1,Severe
val,2116,131,SA12,SA12:F07_SA12_R03.txt,1,Fall,1,1,1,Severe,0.09173898194728175,0,Normal,1,Severe
val,2129,132,SA12,SA12:F07_SA12_R04.txt,1,Fall,1,1,1,Severe,0.06857627826474982,0,Normal,1,Severe
val,2130,133,SA12,SA12:F07_SA12_R04.txt,1,Fall,1,1,1,Severe,0.09228097069713004,0,Normal,1,Severe
val,2131,134,SA12,SA12:F07_SA12_R04.txt,1,Fall,1,1,1,Severe,0.09163044662449915,0,Normal,1,Severe
val,2132,135,SA12,SA12:F07_SA12_R04.txt,1,Fall,1,1,1,Severe,0.0865818848162832,0,Normal,1,Severe
val,2144,136,SA12,SA12:F07_SA12_R05.txt,1,Fall,1,1,1,Severe,0.09726256632966918,0,Normal,1,Severe
val,2145,137,SA12,SA12:F07_SA12_R05.txt,1,Fall,1,1,1,Severe,0.1083738296897317,0,Normal,1,Severe
val,2146,138,SA12,SA12:F07_SA12_R05.txt,1,Fall,1,1,1,Severe,0.10735910150438177,0,Normal,1,Severe
val,2147,139,SA12,SA12:F07_SA12_R05.txt,1,Fall,1,1,1,Severe,0.1024777031191324,0,Normal,1,Severe
val,2157,140,SA12,SA12:F08_SA12_R01.txt,1,Fall,1,1,1,Severe,0.05948648154050057,0,Normal,1,Severe
val,2158,141,SA12,SA12:F08_SA12_R01.txt,1,Fall,1,1,1,Severe,0.09623040006100547,0,Normal,1,Severe
val,2159,142,SA12,SA12:F08_SA12_R01.txt,1,Fall,1,1,1,Severe,0.09644269387340293,0,Normal,1,Severe
val,2160,143,SA12,SA12:F08_SA12_R01.txt,1,Fall,1,1,1,Severe,0.08246027163875147,0,Normal,1,Severe
val,2172,144,SA12,SA12:F08_SA12_R02.txt,1,Fall,1,1,1,Severe,0.07153405356273007,0,Normal,1,Severe
val,2173,145,SA12,SA12:F08_SA12_R02.txt,1,Fall,1,1,1,Severe,0.08502476306629941,0,Normal,1,Severe
val,2174,146,SA12,SA12:F08_SA12_R02.txt,1,Fall,1,1,1,Severe,0.07957142862873529,0,Normal,1,Severe
val,2175,147,SA12,SA12:F08_SA12_R02.txt,1,Fall,1,1,1,Severe,0.06820551425529892,0,Normal,1,Severe
val,2187,148,SA12,SA12:F08_SA12_R03.txt,1,Fall,1,1,1,Severe,0.07112525958739413,0,Normal,1,Severe
val,2188,149,SA12,SA12:F08_SA12_R03.txt,1,Fall,1,1,1,Severe,0.07156074523422634,0,Normal,1,Severe
val,2189,150,SA12,SA12:F08_SA12_R03.txt,1,Fall,1,1,1,Severe,0.06757738629453647,0,Normal,1,Severe
val,2190,151,SA12,SA12:F08_SA12_R03.txt,1,Fall,1,1,1,Severe,0.046616781209819214,0,Normal,1,Severe
val,2201,152,SA12,SA12:F08_SA12_R04.txt,1,Fall,0,0,0,Mild,0.07618723940553324,0,Normal,0,Mild
val,2202,153,SA12,SA12:F08_SA12_R04.txt,1,Fall,0,0,0,Mild,0.100372346861475,0,Normal,0,Mild
val,2203,154,SA12,SA12:F08_SA12_R04.txt,1,Fall,0,0,0,Mild,0.10466256887050113,0,Normal,0,Mild
val,2204,155,SA12,SA12:F08_SA12_R04.txt,1,Fall,0,0,0,Mild,0.10261028074147743,0,Normal,0,Mild
val,2217,156,SA12,SA12:F08_SA12_R05.txt,1,Fall,1,1,1,Severe,0.08953198536095597,0,Normal,1,Severe
val,2218,157,SA12,SA12:F08_SA12_R05.txt,1,Fall,1,1,1,Severe,0.09069336683828055,0,Normal,1,Severe
val,2219,158,SA12,SA12:F08_SA12_R05.txt,1,Fall,1,1,1,Severe,0.08305179972895743,0,Normal,1,Severe
val,2220,159,SA12,SA12:F08_SA12_R05.txt,1,Fall,1,1,1,Severe,0.023534343495957732,0,Normal,1,Severe
val,2232,160,SA12,SA12:F09_SA12_R01.txt,1,Fall,1,1,1,Severe,0.07342273039944763,0,Normal,1,Severe
val,2233,161,SA12,SA12:F09_SA12_R01.txt,1,Fall,1,1,1,Severe,0.08521901400818593,0,Normal,1,Severe
val,2234,162,SA12,SA12:F09_SA12_R01.txt,1,Fall,1,1,1,Severe,0.08249989171557132,0,Normal,1,Severe
val,2235,163,SA12,SA12:F09_SA12_R01.txt,1,Fall,1,1,1,Severe,0.047211209707479274,0,Normal,1,Severe
val,2246,164,SA12,SA12:F09_SA12_R02.txt,1,Fall,1,1,1,Severe,0.04999659766727382,0,Normal,1,Severe
val,2247,165,SA12,SA12:F09_SA12_R02.txt,1,Fall,1,1,1,Severe,0.08457773267490826,0,Normal,1,Severe
val,2248,166,SA12,SA12:F09_SA12_R02.txt,1,Fall,1,1,1,Severe,0.09044582777166038,0,Normal,1,Severe
val,2249,167,SA12,SA12:F09_SA12_R02.txt,1,Fall,1,1,1,Severe,0.07517890768395646,0,Normal,1,Severe
val,2262,168,SA12,SA12:F09_SA12_R03.txt,1,Fall,1,1,1,Severe,0.07435943827661629,0,Normal,1,Severe
val,2263,169,SA12,SA12:F09_SA12_R03.txt,1,Fall,1,1,1,Severe,0.08797670008048081,0,Normal,1,Severe
val,2264,170,SA12,SA12:F09_SA12_R03.txt,1,Fall,1,1,1,Severe,0.08135724411770462,0,Normal,1,Severe
val,2265,171,SA12,SA12:F09_SA12_R03.txt,1,Fall,1,1,1,Severe,0.06731646912802414,0,Normal,1,Severe
val,2276,172,SA12,SA12:F09_SA12_R04.txt,1,Fall,1,1,1,Severe,0.06914729461386515,0,Normal,1,Severe
val,2277,173,SA12,SA12:F09_SA12_R04.txt,1,Fall,1,1,1,Severe,0.11403405085146517,0,Normal,1,Severe
val,2278,174,SA12,SA12:F09_SA12_R04.txt,1,Fall,1,1,1,Severe,0.1131378434825468,0,Normal,1,Severe
val,2279,175,SA12,SA12:F09_SA12_R04.txt,1,Fall,1,1,1,Severe,0.09308925444916383,0,Normal,1,Severe
val,2292,176,SA12,SA12:F09_SA12_R05.txt,1,Fall,1,1,1,Severe,0.11897035179287746,0,Normal,1,Severe
val,2293,177,SA12,SA12:F09_SA12_R05.txt,1,Fall,1,1,1,Severe,0.12231884351142025,0,Normal,1,Severe
val,2294,178,SA12,SA12:F09_SA12_R05.txt,1,Fall,1,1,1,Severe,0.11256133417203185,0,Normal,1,Severe
val,2295,179,SA12,SA12:F09_SA12_R05.txt,1,Fall,1,1,1,Severe,0.08121705579223021,0,Normal,1,Severe
val,2307,180,SA12,SA12:F10_SA12_R01.txt,1,Fall,1,1,1,Severe,0.09980207421225062,0,Normal,1,Severe
val,2308,181,SA12,SA12:F10_SA12_R01.txt,1,Fall,1,1,1,Severe,0.10434656077921617,0,Normal,1,Severe
val,2309,182,SA12,SA12:F10_SA12_R01.txt,1,Fall,1,1,1,Severe,0.10414028420220844,0,Normal,1,Severe
val,2310,183,SA12,SA12:F10_SA12_R01.txt,1,Fall,1,1,1,Severe,0.08469789725511823,0,Normal,1,Severe
val,2322,184,SA12,SA12:F10_SA12_R02.txt,1,Fall,0,0,0,Mild,0.04744152554885345,0,Normal,0,Mild
val,2323,185,SA12,SA12:F10_SA12_R02.txt,1,Fall,0,0,0,Mild,0.05906219202949187,0,Normal,0,Mild
val,2324,186,SA12,SA12:F10_SA12_R02.txt,1,Fall,0,0,0,Mild,0.06571021600208682,0,Normal,0,Mild
val,2325,187,SA12,SA12:F10_SA12_R02.txt,1,Fall,0,0,0,Mild,0.034135414522242336,0,Normal,0,Mild
val,2337,188,SA12,SA12:F10_SA12_R03.txt,1,Fall,0,0,0,Mild,0.062367084954057406,0,Normal,0,Mild
val,2338,189,SA12,SA12:F10_SA12_R03.txt,1,Fall,0,0,0,Mild,0.06984103064573216,0,Normal,0,Mild
val,2339,190,SA12,SA12:F10_SA12_R03.txt,1,Fall,0,0,0,Mild,0.0631916074585791,0,Normal,0,Mild
val,2340,191,SA12,SA12:F10_SA12_R03.txt,1,Fall,0,0,0,Mild,-0.0037143506869787846,1,Anomalous,-1,Non-applicable
val,2352,192,SA12,SA12:F10_SA12_R04.txt,1,Fall,0,0,0,Mild,0.04639064907779411,0,Normal,0,Mild
val,2353,193,SA12,SA12:F10_SA12_R04.txt,1,Fall,0,0,0,Mild,0.06347110865043021,0,Normal,0,Mild
val,2354,194,SA12,SA12:F10_SA12_R04.txt,1,Fall,0,0,0,Mild,0.06949898389465575,0,Normal,0,Mild
val,2355,195,SA12,SA12:F10_SA12_R04.txt,1,Fall,0,0,0,Mild,0.06438390003097832,0,Normal,0,Mild
val,2367,196,SA12,SA12:F10_SA12_R05.txt,1,Fall,0,0,0,Mild,0.07883153638980822,0,Normal,0,Mild
val,2368,197,SA12,SA12:F10_SA12_R05.txt,1,Fall,0,0,0,Mild,0.08256454704384764,0,Normal,0,Mild
val,2369,198,SA12,SA12:F10_SA12_R05.txt,1,Fall,0,0,0,Mild,0.08862807765990427,0,Normal,0,Mild
val,2370,199,SA12,SA12:F10_SA12_R05.txt,1,Fall,0,0,0,Mild,0.04100786961438779,0,Normal,0,Mild
val,2382,200,SA12,SA12:F11_SA12_R01.txt,1,Fall,0,0,0,Mild,0.05358486315412475,0,Normal,0,Mild
val,2383,201,SA12,SA12:F11_SA12_R01.txt,1,Fall,0,0,0,Mild,0.06256825566580804,0,Normal,0,Mild
val,2384,202,SA12,SA12:F11_SA12_R01.txt,1,Fall,0,0,0,Mild,0.05585848723947184,0,Normal,0,Mild
val,2385,203,SA12,SA12:F11_SA12_R01.txt,1,Fall,0,0,0,Mild,0.03817965873329665,0,Normal,0,Mild
val,2397,204,SA12,SA12:F11_SA12_R02.txt,1,Fall,0,0,0,Mild,0.043802155235134865,0,Normal,0,Mild
val,2398,205,SA12,SA12:F11_SA12_R02.txt,1,Fall,0,0,0,Mild,0.05398911211170998,0,Normal,0,Mild
val,2399,206,SA12,SA12:F11_SA12_R02.txt,1,Fall,0,0,0,Mild,0.04824371503621688,0,Normal,0,Mild
val,2400,207,SA12,SA12:F11_SA12_R02.txt,1,Fall,0,0,0,Mild,0.042623965890046966,0,Normal,0,Mild
val,2410,208,SA12,SA12:F11_SA12_R03.txt,1,Fall,0,0,0,Mild,0.0014753745153323061,0,Normal,0,Mild
val,2411,209,SA12,SA12:F11_SA12_R03.txt,1,Fall,0,0,0,Mild,0.021199590105375532,0,Normal,0,Mild
val,2412,210,SA12,SA12:F11_SA12_R03.txt,1,Fall,0,0,0,Mild,0.01860090068618614,0,Normal,0,Mild
val,2413,211,SA12,SA12:F11_SA12_R03.txt,1,Fall,0,0,0,Mild,0.021477449227858547,0,Normal,0,Mild
val,2426,212,SA12,SA12:F11_SA12_R04.txt,1,Fall,0,0,0,Mild,0.03392307652922488,0,Normal,0,Mild
val,2427,213,SA12,SA12:F11_SA12_R04.txt,1,Fall,0,0,0,Mild,0.038844971524345684,0,Normal,0,Mild
val,2428,214,SA12,SA12:F11_SA12_R04.txt,1,Fall,0,0,0,Mild,0.029973331255470526,0,Normal,0,Mild
val,2429,215,SA12,SA12:F11_SA12_R04.txt,1,Fall,0,0,0,Mild,0.023103641605044856,0,Normal,0,Mild
val,2442,216,SA12,SA12:F11_SA12_R05.txt,1,Fall,0,0,0,Mild,0.06338306174577113,0,Normal,0,Mild
val,2443,217,SA12,SA12:F11_SA12_R05.txt,1,Fall,0,0,0,Mild,0.07359368156480872,0,Normal,0,Mild
val,2444,218,SA12,SA12:F11_SA12_R05.txt,1,Fall,0,0,0,Mild,0.07262812273125485,0,Normal,0,Mild
val,2445,219,SA12,SA12:F11_SA12_R05.txt,1,Fall,0,0,0,Mild,0.06492294595988113,0,Normal,0,Mild
val,2456,220,SA12,SA12:F12_SA12_R01.txt,1,Fall,1,1,1,Severe,0.10245114808676997,0,Normal,1,Severe
val,2457,221,SA12,SA12:F12_SA12_R01.txt,1,Fall,1,1,1,Severe,0.11241666423006386,0,Normal,1,Severe
val,2458,222,SA12,SA12:F12_SA12_R01.txt,1,Fall,1,1,1,Severe,0.10926429931469545,0,Normal,1,Severe
val,2459,223,SA12,SA12:F12_SA12_R01.txt,1,Fall,1,1,1,Severe,0.08944832138305153,0,Normal,1,Severe
val,2471,224,SA12,SA12:F12_SA12_R02.txt,1,Fall,1,1,1,Severe,0.09017616629396091,0,Normal,1,Severe
val,2472,225,SA12,SA12:F12_SA12_R02.txt,1,Fall,1,1,1,Severe,0.10912750352834494,0,Normal,1,Severe
val,2473,226,SA12,SA12:F12_SA12_R02.txt,1,Fall,1,1,1,Severe,0.11573578514555904,0,Normal,1,Severe
val,2474,227,SA12,SA12:F12_SA12_R02.txt,1,Fall,1,1,1,Severe,0.09984069975781407,0,Normal,1,Severe
val,2488,228,SA12,SA12:F12_SA12_R03.txt,1,Fall,1,1,1,Severe,0.10942871724539716,0,Normal,1,Severe
val,2489,229,SA12,SA12:F12_SA12_R03.txt,1,Fall,1,1,1,Severe,0.11225729131889595,0,Normal,1,Severe
val,2490,230,SA12,SA12:F12_SA12_R03.txt,1,Fall,1,1,1,Severe,0.10882558281460974,0,Normal,1,Severe
val,2491,231,SA12,SA12:F12_SA12_R03.txt,1,Fall,1,1,1,Severe,0.05834823435687253,0,Normal,1,Severe
val,2502,232,SA12,SA12:F12_SA12_R04.txt,1,Fall,1,1,1,Severe,0.11224410258486311,0,Normal,1,Severe
val,2503,233,SA12,SA12:F12_SA12_R04.txt,1,Fall,1,1,1,Severe,0.11457111109938228,0,Normal,1,Severe
val,2504,234,SA12,SA12:F12_SA12_R04.txt,1,Fall,1,1,1,Severe,0.1150550809107489,0,Normal,1,Severe
val,2505,235,SA12,SA12:F12_SA12_R04.txt,1,Fall,1,1,1,Severe,0.0598513197020884,0,Normal,1,Severe
val,2518,236,SA12,SA12:F12_SA12_R05.txt,1,Fall,1,1,1,Severe,0.1058036801914295,0,Normal,1,Severe
val,2519,237,SA12,SA12:F12_SA12_R05.txt,1,Fall,1,1,1,Severe,0.10885674268266277,0,Normal,1,Severe
val,2520,238,SA12,SA12:F12_SA12_R05.txt,1,Fall,1,1,1,Severe,0.10120534374637352,0,Normal,1,Severe
val,2521,239,SA12,SA12:F12_SA12_R05.txt,1,Fall,1,1,1,Severe,0.04203578066250019,0,Normal,1,Severe
val,2535,240,SA12,SA12:F13_SA12_R01.txt,1,Fall,0,0,0,Mild,0.0741613734289695,0,Normal,0,Mild
val,2536,241,SA12,SA12:F13_SA12_R01.txt,1,Fall,0,0,0,Mild,0.08480509087863886,0,Normal,0,Mild
val,2537,242,SA12,SA12:F13_SA12_R01.txt,1,Fall,0,0,0,Mild,0.09156057634977344,0,Normal,0,Mild
val,2538,243,SA12,SA12:F13_SA12_R01.txt,1,Fall,0,0,0,Mild,0.08570960909700204,0,Normal,0,Mild
val,2545,244,SA12,SA12:F13_SA12_R02.txt,1,Fall,0,0,0,Mild,0.0919050346108542,0,Normal,0,Mild
val,2546,245,SA12,SA12:F13_SA12_R02.txt,1,Fall,0,0,0,Mild,0.10805502718497179,0,Normal,0,Mild
val,2547,246,SA12,SA12:F13_SA12_R02.txt,1,Fall,0,0,0,Mild,0.11302030381164196,0,Normal,0,Mild
val,2548,247,SA12,SA12:F13_SA12_R02.txt,1,Fall,0,0,0,Mild,0.11250021900029289,0,Normal,0,Mild
val,2562,248,SA12,SA12:F13_SA12_R03.txt,1,Fall,0,0,0,Mild,0.12385006603584642,0,Normal,0,Mild
val,2563,249,SA12,SA12:F13_SA12_R03.txt,1,Fall,0,0,0,Mild,0.1249850333642123,0,Normal,0,Mild
val,2564,250,SA12,SA12:F13_SA12_R03.txt,1,Fall,0,0,0,Mild,0.1283033705070562,0,Normal,0,Mild
val,2565,251,SA12,SA12:F13_SA12_R03.txt,1,Fall,0,0,0,Mild,0.10528099544867109,0,Normal,0,Mild
val,2576,252,SA12,SA12:F13_SA12_R04.txt,1,Fall,0,0,0,Mild,0.05888895585723142,0,Normal,0,Mild
val,2577,253,SA12,SA12:F13_SA12_R04.txt,1,Fall,0,0,0,Mild,0.06200357088222852,0,Normal,0,Mild
val,2578,254,SA12,SA12:F13_SA12_R04.txt,1,Fall,0,0,0,Mild,0.06704830407246015,0,Normal,0,Mild
val,2579,255,SA12,SA12:F13_SA12_R04.txt,1,Fall,0,0,0,Mild,0.06620880038530086,0,Normal,0,Mild
val,2594,256,SA12,SA12:F13_SA12_R05.txt,1,Fall,0,0,0,Mild,0.07995283914790591,0,Normal,0,Mild
val,2595,257,SA12,SA12:F13_SA12_R05.txt,1,Fall,0,0,0,Mild,0.09960924546191763,0,Normal,0,Mild
val,2596,258,SA12,SA12:F13_SA12_R05.txt,1,Fall,0,0,0,Mild,0.1045900664398629,0,Normal,0,Mild
val,2597,259,SA12,SA12:F13_SA12_R05.txt,1,Fall,0,0,0,Mild,0.09668331723579215,0,Normal,0,Mild
val,2605,260,SA12,SA12:F14_SA12_R01.txt,1,Fall,0,0,0,Mild,0.0644803883626105,0,Normal,0,Mild
val,2606,261,SA12,SA12:F14_SA12_R01.txt,1,Fall,0,0,0,Mild,0.06430624066281104,0,Normal,0,Mild
val,2607,262,SA12,SA12:F14_SA12_R01.txt,1,Fall,0,0,0,Mild,0.060199345899923484,0,Normal,0,Mild
val,2608,263,SA12,SA12:F14_SA12_R01.txt,1,Fall,0,0,0,Mild,0.03988651318123654,0,Normal,0,Mild
val,2621,264,SA12,SA12:F14_SA12_R02.txt,1,Fall,0,0,0,Mild,0.025878291839772083,0,Normal,0,Mild
val,2622,265,SA12,SA12:F14_SA12_R02.txt,1,Fall,0,0,0,Mild,0.024548770636415806,0,Normal,0,Mild
val,2623,266,SA12,SA12:F14_SA12_R02.txt,1,Fall,0,0,0,Mild,0.01536350017518584,0,Normal,0,Mild
val,2624,267,SA12,SA12:F14_SA12_R02.txt,1,Fall,0,0,0,Mild,-0.006378736374684002,1,Anomalous,-1,Non-applicable
val,2637,268,SA12,SA12:F14_SA12_R03.txt,1,Fall,0,0,0,Mild,0.05521820371263003,0,Normal,0,Mild
val,2638,269,SA12,SA12:F14_SA12_R03.txt,1,Fall,0,0,0,Mild,0.058567029238701496,0,Normal,0,Mild
val,2639,270,SA12,SA12:F14_SA12_R03.txt,1,Fall,0,0,0,Mild,0.046126127280325335,0,Normal,0,Mild
val,2640,271,SA12,SA12:F14_SA12_R03.txt,1,Fall,0,0,0,Mild,0.0396099009418292,0,Normal,0,Mild
val,2652,272,SA12,SA12:F14_SA12_R04.txt,1,Fall,0,0,0,Mild,0.07010783493643458,0,Normal,0,Mild
val,2653,273,SA12,SA12:F14_SA12_R04.txt,1,Fall,0,0,0,Mild,0.06939847425622958,0,Normal,0,Mild
val,2654,274,SA12,SA12:F14_SA12_R04.txt,1,Fall,0,0,0,Mild,0.06269436021052033,0,Normal,0,Mild
val,2655,275,SA12,SA12:F14_SA12_R04.txt,1,Fall,0,0,0,Mild,0.044785238039430464,0,Normal,0,Mild
val,2667,276,SA12,SA12:F14_SA12_R05.txt,1,Fall,0,0,0,Mild,0.05478577502505272,0,Normal,0,Mild
val,2668,277,SA12,SA12:F14_SA12_R05.txt,1,Fall,0,0,0,Mild,0.05632354551276364,0,Normal,0,Mild
val,2669,278,SA12,SA12:F14_SA12_R05.txt,1,Fall,0,0,0,Mild,0.05104669180738303,0,Normal,0,Mild
val,2670,279,SA12,SA12:F14_SA12_R05.txt,1,Fall,0,0,0,Mild,0.03884938421523204,0,Normal,0,Mild
val,2682,280,SA12,SA12:F15_SA12_R01.txt,1,Fall,1,1,1,Severe,0.07581746103844139,0,Normal,1,Severe
val,2683,281,SA12,SA12:F15_SA12_R01.txt,1,Fall,1,1,1,Severe,0.09003145830301729,0,Normal,1,Severe
val,2684,282,SA12,SA12:F15_SA12_R01.txt,1,Fall,1,1,1,Severe,0.09625042504480669,0,Normal,1,Severe
val,2685,283,SA12,SA12:F15_SA12_R01.txt,1,Fall,1,1,1,Severe,0.08578904822149597,0,Normal,1,Severe
val,2698,284,SA12,SA12:F15_SA12_R02.txt,1,Fall,1,1,1,Severe,0.1121736260964511,0,Normal,1,Severe
val,2699,285,SA12,SA12:F15_SA12_R02.txt,1,Fall,1,1,1,Severe,0.11480032413026298,0,Normal,1,Severe
val,2700,286,SA12,SA12:F15_SA12_R02.txt,1,Fall,1,1,1,Severe,0.1056700751797559,0,Normal,1,Severe
val,2701,287,SA12,SA12:F15_SA12_R02.txt,1,Fall,1,1,1,Severe,0.046670119124136766,0,Normal,1,Severe
val,2712,288,SA12,SA12:F15_SA12_R03.txt,1,Fall,1,1,1,Severe,0.0718148379433251,0,Normal,1,Severe
val,2713,289,SA12,SA12:F15_SA12_R03.txt,1,Fall,1,1,1,Severe,0.10260907302832023,0,Normal,1,Severe
val,2714,290,SA12,SA12:F15_SA12_R03.txt,1,Fall,1,1,1,Severe,0.09943801225911758,0,Normal,1,Severe
val,2715,291,SA12,SA12:F15_SA12_R03.txt,1,Fall,1,1,1,Severe,0.0908559022259961,0,Normal,1,Severe
val,2727,292,SA12,SA12:F15_SA12_R04.txt,1,Fall,1,1,1,Severe,0.08676876604446782,0,Normal,1,Severe
val,2728,293,SA12,SA12:F15_SA12_R04.txt,1,Fall,1,1,1,Severe,0.09928464125159919,0,Normal,1,Severe
val,2729,294,SA12,SA12:F15_SA12_R04.txt,1,Fall,1,1,1,Severe,0.10306835404449594,0,Normal,1,Severe
val,2730,295,SA12,SA12:F15_SA12_R04.txt,1,Fall,1,1,1,Severe,0.08826144645657108,0,Normal,1,Severe
val,2742,296,SA12,SA12:F15_SA12_R05.txt,1,Fall,1,1,1,Severe,0.07018819608674798,0,Normal,1,Severe
val,2743,297,SA12,SA12:F15_SA12_R05.txt,1,Fall,1,1,1,Severe,0.07820827428758337,0,Normal,1,Severe
val,2744,298,SA12,SA12:F15_SA12_R05.txt,1,Fall,1,1,1,Severe,0.08522826629398006,0,Normal,1,Severe
val,2745,299,SA12,SA12:F15_SA12_R05.txt,1,Fall,1,1,1,Severe,0.06864647339096669,0,Normal,1,Severe
val,4387,300,SA13,SA13:F01_SA13_R01.txt,1,Fall,0,0,0,Mild,0.09580964442165696,0,Normal,0,Mild
val,4388,301,SA13,SA13:F01_SA13_R01.txt,1,Fall,0,0,0,Mild,0.10256381381264718,0,Normal,0,Mild
val,4389,302,SA13,SA13:F01_SA13_R01.txt,1,Fall,0,0,0,Mild,0.10399716682400134,0,Normal,0,Mild
val,4390,303,SA13,SA13:F01_SA13_R01.txt,1,Fall,0,0,0,Mild,0.08012021255098517,0,Normal,0,Mild
val,4402,304,SA13,SA13:F01_SA13_R02.txt,1,Fall,0,0,0,Mild,0.10827351338982344,0,Normal,0,Mild
val,4403,305,SA13,SA13:F01_SA13_R02.txt,1,Fall,0,0,0,Mild,0.11010880335982004,0,Normal,0,Mild
val,4404,306,SA13,SA13:F01_SA13_R02.txt,1,Fall,0,0,0,Mild,0.10341654560929164,0,Normal,0,Mild
val,4405,307,SA13,SA13:F01_SA13_R02.txt,1,Fall,0,0,0,Mild,0.0459186141003739,0,Normal,0,Mild
val,4416,308,SA13,SA13:F01_SA13_R03.txt,1,Fall,0,0,0,Mild,0.04497692609986498,0,Normal,0,Mild
val,4417,309,SA13,SA13:F01_SA13_R03.txt,1,Fall,0,0,0,Mild,0.1143838797230009,0,Normal,0,Mild
val,4418,310,SA13,SA13:F01_SA13_R03.txt,1,Fall,0,0,0,Mild,0.11434309784908397,0,Normal,0,Mild
val,4419,311,SA13,SA13:F01_SA13_R03.txt,1,Fall,0,0,0,Mild,0.11130169223109804,0,Normal,0,Mild
val,4433,312,SA13,SA13:F01_SA13_R04.txt,1,Fall,0,0,0,Mild,0.11130971390365874,0,Normal,0,Mild
val,4434,313,SA13,SA13:F01_SA13_R04.txt,1,Fall,0,0,0,Mild,0.11052263186820771,0,Normal,0,Mild
val,4435,314,SA13,SA13:F01_SA13_R04.txt,1,Fall,0,0,0,Mild,0.10497044694637697,0,Normal,0,Mild
val,4436,315,SA13,SA13:F01_SA13_R04.txt,1,Fall,0,0,0,Mild,0.06047318529252066,0,Normal,0,Mild
val,4448,316,SA13,SA13:F01_SA13_R05.txt,1,Fall,0,0,0,Mild,0.0806756948355043,0,Normal,0,Mild
val,4449,317,SA13,SA13:F01_SA13_R05.txt,1,Fall,0,0,0,Mild,0.08259243999702487,0,Normal,0,Mild
val,4450,318,SA13,SA13:F01_SA13_R05.txt,1,Fall,0,0,0,Mild,0.07638805165819224,0,Normal,0,Mild
val,4451,319,SA13,SA13:F01_SA13_R05.txt,1,Fall,0,0,0,Mild,0.09401637311739997,0,Normal,0,Mild
val,4466,320,SA13,SA13:F02_SA13_R01.txt,1,Fall,0,0,0,Mild,0.09138298089206165,0,Normal,0,Mild
val,4467,321,SA13,SA13:F02_SA13_R01.txt,1,Fall,0,0,0,Mild,0.10151869789810153,0,Normal,0,Mild
val,4468,322,SA13,SA13:F02_SA13_R01.txt,1,Fall,0,0,0,Mild,0.09863859824504206,0,Normal,0,Mild
val,4469,323,SA13,SA13:F02_SA13_R01.txt,1,Fall,0,0,0,Mild,0.09357318670672982,0,Normal,0,Mild
val,4480,324,SA13,SA13:F02_SA13_R02.txt,1,Fall,0,0,0,Mild,0.06561172871099646,0,Normal,0,Mild
val,4481,325,SA13,SA13:F02_SA13_R02.txt,1,Fall,0,0,0,Mild,0.10104787756393435,0,Normal,0,Mild
val,4482,326,SA13,SA13:F02_SA13_R02.txt,1,Fall,0,0,0,Mild,0.1074988817517345,0,Normal,0,Mild
val,4483,327,SA13,SA13:F02_SA13_R02.txt,1,Fall,0,0,0,Mild,0.10640648972525546,0,Normal,0,Mild
val,4495,328,SA13,SA13:F02_SA13_R03.txt,1,Fall,0,0,0,Mild,0.09430438008402015,0,Normal,0,Mild
val,4496,329,SA13,SA13:F02_SA13_R03.txt,1,Fall,0,0,0,Mild,0.10081349106912696,0,Normal,0,Mild
val,4497,330,SA13,SA13:F02_SA13_R03.txt,1,Fall,0,0,0,Mild,0.09768491767951493,0,Normal,0,Mild
val,4498,331,SA13,SA13:F02_SA13_R03.txt,1,Fall,0,0,0,Mild,0.09259010085907748,0,Normal,0,Mild
val,4511,332,SA13,SA13:F02_SA13_R04.txt,1,Fall,0,0,0,Mild,0.11870450167660712,0,Normal,0,Mild
val,4512,333,SA13,SA13:F02_SA13_R04.txt,1,Fall,0,0,0,Mild,0.1273204445473466,0,Normal,0,Mild
val,4513,334,SA13,SA13:F02_SA13_R04.txt,1,Fall,0,0,0,Mild,0.12290543287324007,0,Normal,0,Mild
val,4514,335,SA13,SA13:F02_SA13_R04.txt,1,Fall,0,0,0,Mild,0.08645230446665603,0,Normal,0,Mild
val,4526,336,SA13,SA13:F02_SA13_R05.txt,1,Fall,0,0,0,Mild,0.10853674897345611,0,Normal,0,Mild
val,4527,337,SA13,SA13:F02_SA13_R05.txt,1,Fall,0,0,0,Mild,0.11131511032039165,0,Normal,0,Mild
val,4528,338,SA13,SA13:F02_SA13_R05.txt,1,Fall,0,0,0,Mild,0.11986319254926148,0,Normal,0,Mild
val,4529,339,SA13,SA13:F02_SA13_R05.txt,1,Fall,0,0,0,Mild,0.10149332180033627,0,Normal,0,Mild
val,4538,340,SA13,SA13:F03_SA13_R01.txt,1,Fall,1,1,1,Severe,0.04747464795434786,0,Normal,1,Severe
val,4539,341,SA13,SA13:F03_SA13_R01.txt,1,Fall,1,1,1,Severe,0.09818041232326657,0,Normal,1,Severe
val,4540,342,SA13,SA13:F03_SA13_R01.txt,1,Fall,1,1,1,Severe,0.10956599154238994,0,Normal,1,Severe
val,4541,343,SA13,SA13:F03_SA13_R01.txt,1,Fall,1,1,1,Severe,0.09157050220039659,0,Normal,1,Severe
val,4553,344,SA13,SA13:F03_SA13_R02.txt,1,Fall,1,1,1,Severe,0.08082793425906476,0,Normal,1,Severe
val,4554,345,SA13,SA13:F03_SA13_R02.txt,1,Fall,1,1,1,Severe,0.10710407737093858,0,Normal,1,Severe
val,4555,346,SA13,SA13:F03_SA13_R02.txt,1,Fall,1,1,1,Severe,0.10534210848065384,0,Normal,1,Severe
val,4556,347,SA13,SA13:F03_SA13_R02.txt,1,Fall,1,1,1,Severe,0.09187270880733389,0,Normal,1,Severe
val,4569,348,SA13,SA13:F03_SA13_R03.txt,1,Fall,1,1,1,Severe,0.0852804823550472,0,Normal,1,Severe
val,4570,349,SA13,SA13:F03_SA13_R03.txt,1,Fall,1,1,1,Severe,0.10904286337090108,0,Normal,1,Severe
val,4571,350,SA13,SA13:F03_SA13_R03.txt,1,Fall,1,1,1,Severe,0.1049070757221442,0,Normal,1,Severe
val,4572,351,SA13,SA13:F03_SA13_R03.txt,1,Fall,0,0,0,Mild,0.09382452180340384,0,Normal,0,Mild
val,4582,352,SA13,SA13:F03_SA13_R04.txt,1,Fall,1,1,1,Severe,0.11337134797562598,0,Normal,1,Severe
val,4583,353,SA13,SA13:F03_SA13_R04.txt,1,Fall,1,1,1,Severe,0.11343515185149278,0,Normal,1,Severe
val,4584,354,SA13,SA13:F03_SA13_R04.txt,1,Fall,1,1,1,Severe,0.11920704098181445,0,Normal,1,Severe
val,4585,355,SA13,SA13:F03_SA13_R04.txt,1,Fall,1,1,1,Severe,0.0710504196956831,0,Normal,1,Severe
val,4598,356,SA13,SA13:F03_SA13_R05.txt,1,Fall,1,1,1,Severe,0.07693710024839573,0,Normal,1,Severe
val,4599,357,SA13,SA13:F03_SA13_R05.txt,1,Fall,1,1,1,Severe,0.0982919770323708,0,Normal,1,Severe
val,4600,358,SA13,SA13:F03_SA13_R05.txt,1,Fall,1,1,1,Severe,0.10027479057402694,0,Normal,1,Severe
val,4601,359,SA13,SA13:F03_SA13_R05.txt,1,Fall,1,1,1,Severe,0.09830952106651142,0,Normal,1,Severe
val,4612,360,SA13,SA13:F04_SA13_R01.txt,1,Fall,0,0,0,Mild,0.0602569558558525,0,Normal,0,Mild
val,4613,361,SA13,SA13:F04_SA13_R01.txt,1,Fall,0,0,0,Mild,0.08078809704038115,0,Normal,0,Mild
val,4614,362,SA13,SA13:F04_SA13_R01.txt,1,Fall,0,0,0,Mild,0.07908485620106631,0,Normal,0,Mild
val,4615,363,SA13,SA13:F04_SA13_R01.txt,1,Fall,0,0,0,Mild,0.07982836255843034,0,Normal,0,Mild
val,4627,364,SA13,SA13:F04_SA13_R02.txt,1,Fall,0,0,0,Mild,0.06145297351019896,0,Normal,0,Mild
val,4628,365,SA13,SA13:F04_SA13_R02.txt,1,Fall,0,0,0,Mild,0.09011002997764073,0,Normal,0,Mild
val,4629,366,SA13,SA13:F04_SA13_R02.txt,1,Fall,0,0,0,Mild,0.08889790185246854,0,Normal,0,Mild
val,4630,367,SA13,SA13:F04_SA13_R02.txt,1,Fall,0,0,0,Mild,0.0864000679549573,0,Normal,0,Mild
val,4642,368,SA13,SA13:F04_SA13_R03.txt,1,Fall,0,0,0,Mild,0.06075077054328082,0,Normal,0,Mild
val,4643,369,SA13,SA13:F04_SA13_R03.txt,1,Fall,0,0,0,Mild,0.09917823674660292,0,Normal,0,Mild
val,4644,370,SA13,SA13:F04_SA13_R03.txt,1,Fall,0,0,0,Mild,0.09609553846710395,0,Normal,0,Mild
val,4645,371,SA13,SA13:F04_SA13_R03.txt,1,Fall,0,0,0,Mild,0.09094321869886035,0,Normal,0,Mild
val,4658,372,SA13,SA13:F04_SA13_R04.txt,1,Fall,0,0,0,Mild,0.04689424875326004,0,Normal,0,Mild
val,4659,373,SA13,SA13:F04_SA13_R04.txt,1,Fall,0,0,0,Mild,0.10012732078471454,0,Normal,0,Mild
val,4660,374,SA13,SA13:F04_SA13_R04.txt,1,Fall,0,0,0,Mild,0.11152254544251128,0,Normal,0,Mild
val,4661,375,SA13,SA13:F04_SA13_R04.txt,1,Fall,0,0,0,Mild,0.10894687554222726,0,Normal,0,Mild
val,4673,376,SA13,SA13:F04_SA13_R05.txt,1,Fall,1,1,1,Severe,0.10264582994799148,0,Normal,1,Severe
val,4674,377,SA13,SA13:F04_SA13_R05.txt,1,Fall,1,1,1,Severe,0.1155700085463835,0,Normal,1,Severe
val,4675,378,SA13,SA13:F04_SA13_R05.txt,1,Fall,1,1,1,Severe,0.11614522982466086,0,Normal,1,Severe
val,4676,379,SA13,SA13:F04_SA13_R05.txt,1,Fall,1,1,1,Severe,0.1041884934003603,0,Normal,1,Severe
val,4682,380,SA13,SA13:F05_SA13_R01.txt,1,Fall,1,1,1,Severe,0.023230933226143224,0,Normal,1,Severe
val,4683,381,SA13,SA13:F05_SA13_R01.txt,1,Fall,1,1,1,Severe,0.03797507858656318,0,Normal,1,Severe
val,4684,382,SA13,SA13:F05_SA13_R01.txt,1,Fall,1,1,1,Severe,0.04534638915982364,0,Normal,1,Severe
val,4685,383,SA13,SA13:F05_SA13_R01.txt,1,Fall,0,0,0,Mild,0.026016009215610758,0,Normal,0,Mild
val,4697,384,SA13,SA13:F05_SA13_R02.txt,1,Fall,1,1,1,Severe,0.05939553999922115,0,Normal,1,Severe
val,4698,385,SA13,SA13:F05_SA13_R02.txt,1,Fall,1,1,1,Severe,0.06786155162532254,0,Normal,1,Severe
val,4699,386,SA13,SA13:F05_SA13_R02.txt,1,Fall,1,1,1,Severe,0.06927225131221393,0,Normal,1,Severe
val,4700,387,SA13,SA13:F05_SA13_R02.txt,1,Fall,1,1,1,Severe,0.07948175856246414,0,Normal,1,Severe
val,4713,388,SA13,SA13:F05_SA13_R03.txt,1,Fall,1,1,1,Severe,0.0476677492147769,0,Normal,1,Severe
val,4714,389,SA13,SA13:F05_SA13_R03.txt,1,Fall,1,1,1,Severe,0.061758314648149015,0,Normal,1,Severe
val,4715,390,SA13,SA13:F05_SA13_R03.txt,1,Fall,1,1,1,Severe,0.07833744581749835,0,Normal,1,Severe
val,4716,391,SA13,SA13:F05_SA13_R03.txt,1,Fall,1,1,1,Severe,0.06772826663863679,0,Normal,1,Severe
val,4728,392,SA13,SA13:F05_SA13_R04.txt,1,Fall,1,1,1,Severe,0.08668429580650566,0,Normal,1,Severe
val,4729,393,SA13,SA13:F05_SA13_R04.txt,1,Fall,1,1,1,Severe,0.09654527444523398,0,Normal,1,Severe
val,4730,394,SA13,SA13:F05_SA13_R04.txt,1,Fall,0,0,0,Mild,0.1151819988714411,0,Normal,0,Mild
val,4731,395,SA13,SA13:F05_SA13_R04.txt,1,Fall,0,0,0,Mild,0.10584689352903504,0,Normal,0,Mild
val,4742,396,SA13,SA13:F05_SA13_R05.txt,1,Fall,1,1,1,Severe,0.07151732956993645,0,Normal,1,Severe
val,4743,397,SA13,SA13:F05_SA13_R05.txt,1,Fall,1,1,1,Severe,0.07930691059163097,0,Normal,1,Severe
val,4744,398,SA13,SA13:F05_SA13_R05.txt,1,Fall,1,1,1,Severe,0.0960984018189791,0,Normal,1,Severe
val,4745,399,SA13,SA13:F05_SA13_R05.txt,1,Fall,1,1,1,Severe,0.10238832382745722,0,Normal,1,Severe
val,4764,400,SA13,SA13:F06_SA13_R01.txt,1,Fall,1,1,1,Severe,0.0586544534309702,0,Normal,1,Severe
val,4765,401,SA13,SA13:F06_SA13_R01.txt,1,Fall,1,1,1,Severe,0.07205433088450752,0,Normal,1,Severe
val,4766,402,SA13,SA13:F06_SA13_R01.txt,1,Fall,1,1,1,Severe,0.06726516201136612,0,Normal,1,Severe
val,4767,403,SA13,SA13:F06_SA13_R01.txt,1,Fall,1,1,1,Severe,0.030518949627746705,0,Normal,1,Severe
val,4778,404,SA13,SA13:F06_SA13_R02.txt,1,Fall,1,1,1,Severe,0.08003819803172313,0,Normal,1,Severe
val,4779,405,SA13,SA13:F06_SA13_R02.txt,1,Fall,1,1,1,Severe,0.08941495778487107,0,Normal,1,Severe
val,4780,406,SA13,SA13:F06_SA13_R02.txt,1,Fall,1,1,1,Severe,0.08777715479591736,0,Normal,1,Severe
val,4781,407,SA13,SA13:F06_SA13_R02.txt,1,Fall,1,1,1,Severe,0.05569403898664854,0,Normal,1,Severe
val,4793,408,SA13,SA13:F06_SA13_R03.txt,1,Fall,1,1,1,Severe,0.07488839093287819,0,Normal,1,Severe
val,4794,409,SA13,SA13:F06_SA13_R03.txt,1,Fall,1,1,1,Severe,0.09893180755547792,0,Normal,1,Severe
val,4795,410,SA13,SA13:F06_SA13_R03.txt,1,Fall,1,1,1,Severe,0.10325168369175647,0,Normal,1,Severe
val,4796,411,SA13,SA13:F06_SA13_R03.txt,1,Fall,1,1,1,Severe,0.09658996248627316,0,Normal,1,Severe
val,4807,412,SA13,SA13:F06_SA13_R04.txt,1,Fall,1,1,1,Severe,0.05821505880489791,0,Normal,1,Severe
val,4808,413,SA13,SA13:F06_SA13_R04.txt,1,Fall,1,1,1,Severe,0.0672597316083739,0,Normal,1,Severe
val,4809,414,SA13,SA13:F06_SA13_R04.txt,1,Fall,1,1,1,Severe,0.06058206991113502,0,Normal,1,Severe
val,4810,415,SA13,SA13:F06_SA13_R04.txt,1,Fall,1,1,1,Severe,0.004739685840663421,0,Normal,1,Severe
val,4823,416,SA13,SA13:F06_SA13_R05.txt,1,Fall,1,1,1,Severe,0.08456425906172471,0,Normal,1,Severe
val,4824,417,SA13,SA13:F06_SA13_R05.txt,1,Fall,1,1,1,Severe,0.09297675066736016,0,Normal,1,Severe
val,4825,418,SA13,SA13:F06_SA13_R05.txt,1,Fall,1,1,1,Severe,0.09748092598753916,0,Normal,1,Severe
val,4826,419,SA13,SA13:F06_SA13_R05.txt,1,Fall,1,1,1,Severe,0.05966013887048943,0,Normal,1,Severe
val,4837,420,SA13,SA13:F07_SA13_R01.txt,1,Fall,1,1,1,Severe,0.06615891601391966,0,Normal,1,Severe
val,4838,421,SA13,SA13:F07_SA13_R01.txt,1,Fall,1,1,1,Severe,0.06556120498191331,0,Normal,1,Severe
val,4839,422,SA13,SA13:F07_SA13_R01.txt,1,Fall,1,1,1,Severe,0.061077733419503566,0,Normal,1,Severe
val,4840,423,SA13,SA13:F07_SA13_R01.txt,1,Fall,1,1,1,Severe,0.07553986657686312,0,Normal,1,Severe
val,4852,424,SA13,SA13:F07_SA13_R02.txt,1,Fall,1,1,1,Severe,0.07531138808785842,0,Normal,1,Severe
val,4853,425,SA13,SA13:F07_SA13_R02.txt,1,Fall,1,1,1,Severe,0.06978301091975686,0,Normal,1,Severe
val,4854,426,SA13,SA13:F07_SA13_R02.txt,1,Fall,1,1,1,Severe,0.08065302743993219,0,Normal,1,Severe
val,4855,427,SA13,SA13:F07_SA13_R02.txt,1,Fall,1,1,1,Severe,0.03851636284987642,0,Normal,1,Severe
val,4866,428,SA13,SA13:F07_SA13_R03.txt,1,Fall,1,1,1,Severe,0.08321184855156755,0,Normal,1,Severe
val,4867,429,SA13,SA13:F07_SA13_R03.txt,1,Fall,1,1,1,Severe,0.08516125493276944,0,Normal,1,Severe
val,4868,430,SA13,SA13:F07_SA13_R03.txt,1,Fall,1,1,1,Severe,0.09404359946409752,0,Normal,1,Severe
val,4869,431,SA13,SA13:F07_SA13_R03.txt,1,Fall,1,1,1,Severe,0.0717165286868901,0,Normal,1,Severe
val,4882,432,SA13,SA13:F07_SA13_R04.txt,1,Fall,1,1,1,Severe,0.09460657068004552,0,Normal,1,Severe
val,4883,433,SA13,SA13:F07_SA13_R04.txt,1,Fall,1,1,1,Severe,0.10538566336696997,0,Normal,1,Severe
val,4884,434,SA13,SA13:F07_SA13_R04.txt,1,Fall,1,1,1,Severe,0.10916814498239236,0,Normal,1,Severe
val,4885,435,SA13,SA13:F07_SA13_R04.txt,1,Fall,1,1,1,Severe,0.07141570705519767,0,Normal,1,Severe
val,4896,436,SA13,SA13:F07_SA13_R05.txt,1,Fall,1,1,1,Severe,0.08942198000854756,0,Normal,1,Severe
val,4897,437,SA13,SA13:F07_SA13_R05.txt,1,Fall,1,1,1,Severe,0.09538834422818665,0,Normal,1,Severe
val,4898,438,SA13,SA13:F07_SA13_R05.txt,1,Fall,1,1,1,Severe,0.09033763617903579,0,Normal,1,Severe
val,4899,439,SA13,SA13:F07_SA13_R05.txt,1,Fall,1,1,1,Severe,0.02621009903370597,0,Normal,1,Severe
val,4911,440,SA13,SA13:F08_SA13_R01.txt,1,Fall,0,0,0,Mild,0.08780676138408972,0,Normal,0,Mild
val,4912,441,SA13,SA13:F08_SA13_R01.txt,1,Fall,0,0,0,Mild,0.10497988137224978,0,Normal,0,Mild
val,4913,442,SA13,SA13:F08_SA13_R01.txt,1,Fall,0,0,0,Mild,0.110037951761986,0,Normal,0,Mild
val,4914,443,SA13,SA13:F08_SA13_R01.txt,1,Fall,0,0,0,Mild,0.11018732284269162,0,Normal,0,Mild
val,4927,444,SA13,SA13:F08_SA13_R02.txt,1,Fall,0,0,0,Mild,0.101040423247313,0,Normal,0,Mild
val,4928,445,SA13,SA13:F08_SA13_R02.txt,1,Fall,0,0,0,Mild,0.10379388806452622,0,Normal,0,Mild
val,4929,446,SA13,SA13:F08_SA13_R02.txt,1,Fall,0,0,0,Mild,0.12032224656882173,0,Normal,0,Mild
val,4930,447,SA13,SA13:F08_SA13_R02.txt,1,Fall,0,0,0,Mild,0.054115217727799314,0,Normal,0,Mild
val,4941,448,SA13,SA13:F08_SA13_R03.txt,1,Fall,0,0,0,Mild,0.10739255083658156,0,Normal,0,Mild
val,4942,449,SA13,SA13:F08_SA13_R03.txt,1,Fall,0,0,0,Mild,0.10978074860492731,0,Normal,0,Mild
val,4943,450,SA13,SA13:F08_SA13_R03.txt,1,Fall,0,0,0,Mild,0.11639954845344247,0,Normal,0,Mild
val,4944,451,SA13,SA13:F08_SA13_R03.txt,1,Fall,0,0,0,Mild,0.09549890471266043,0,Normal,0,Mild
val,4955,452,SA13,SA13:F08_SA13_R04.txt,1,Fall,0,0,0,Mild,0.045687221222543206,0,Normal,0,Mild
val,4956,453,SA13,SA13:F08_SA13_R04.txt,1,Fall,0,0,0,Mild,0.08929557477445843,0,Normal,0,Mild
val,4957,454,SA13,SA13:F08_SA13_R04.txt,1,Fall,0,0,0,Mild,0.09264492176379724,0,Normal,0,Mild
val,4958,455,SA13,SA13:F08_SA13_R04.txt,1,Fall,0,0,0,Mild,0.09968346206024259,0,Normal,0,Mild
val,4970,456,SA13,SA13:F08_SA13_R05.txt,1,Fall,0,0,0,Mild,0.08742703575813271,0,Normal,0,Mild
val,4971,457,SA13,SA13:F08_SA13_R05.txt,1,Fall,0,0,0,Mild,0.09808192293238843,0,Normal,0,Mild
val,4972,458,SA13,SA13:F08_SA13_R05.txt,1,Fall,0,0,0,Mild,0.1083402661770948,0,Normal,0,Mild
val,4973,459,SA13,SA13:F08_SA13_R05.txt,1,Fall,0,0,0,Mild,0.0905963215279652,0,Normal,0,Mild
val,4984,460,SA13,SA13:F09_SA13_R01.txt,1,Fall,1,1,1,Severe,0.07641350662507257,0,Normal,1,Severe
val,4985,461,SA13,SA13:F09_SA13_R01.txt,1,Fall,1,1,1,Severe,0.071489497487081,0,Normal,1,Severe
val,4986,462,SA13,SA13:F09_SA13_R01.txt,1,Fall,1,1,1,Severe,0.05615447194705908,0,Normal,1,Severe
val,4987,463,SA13,SA13:F09_SA13_R01.txt,1,Fall,1,1,1,Severe,0.012669113989925651,0,Normal,1,Severe
val,4999,464,SA13,SA13:F09_SA13_R02.txt,1,Fall,1,1,1,Severe,0.08141190626895828,0,Normal,1,Severe
val,5000,465,SA13,SA13:F09_SA13_R02.txt,1,Fall,1,1,1,Severe,0.0871485725925773,0,Normal,1,Severe
val,5001,466,SA13,SA13:F09_SA13_R02.txt,1,Fall,1,1,1,Severe,0.08610939978058657,0,Normal,1,Severe
val,5002,467,SA13,SA13:F09_SA13_R02.txt,1,Fall,1,1,1,Severe,0.06849580712082143,0,Normal,1,Severe
val,5011,468,SA13,SA13:F09_SA13_R03.txt,1,Fall,1,1,1,Severe,0.0587924155594573,0,Normal,1,Severe
val,5012,469,SA13,SA13:F09_SA13_R03.txt,1,Fall,1,1,1,Severe,0.05167101033137944,0,Normal,1,Severe
val,5013,470,SA13,SA13:F09_SA13_R03.txt,1,Fall,1,1,1,Severe,0.03108722523583962,0,Normal,1,Severe
val,5014,471,SA13,SA13:F09_SA13_R03.txt,1,Fall,1,1,1,Severe,-0.015747293547569874,1,Anomalous,-1,Non-applicable
val,5030,472,SA13,SA13:F09_SA13_R04.txt,1,Fall,1,1,1,Severe,0.10280657774122959,0,Normal,1,Severe
val,5031,473,SA13,SA13:F09_SA13_R04.txt,1,Fall,1,1,1,Severe,0.10091427701474548,0,Normal,1,Severe
val,5032,474,SA13,SA13:F09_SA13_R04.txt,1,Fall,1,1,1,Severe,0.09310431412203157,0,Normal,1,Severe
val,5033,475,SA13,SA13:F09_SA13_R04.txt,1,Fall,1,1,1,Severe,0.072208127620013,0,Normal,1,Severe
val,5046,476,SA13,SA13:F09_SA13_R05.txt,1,Fall,0,0,0,Mild,0.0965914276133516,0,Normal,0,Mild
val,5047,477,SA13,SA13:F09_SA13_R05.txt,1,Fall,1,1,1,Severe,0.1088059350112538,0,Normal,1,Severe
val,5048,478,SA13,SA13:F09_SA13_R05.txt,1,Fall,1,1,1,Severe,0.11369781665000356,0,Normal,1,Severe
val,5049,479,SA13,SA13:F09_SA13_R05.txt,1,Fall,1,1,1,Severe,0.09912531536553953,0,Normal,1,Severe
val,5057,480,SA13,SA13:F10_SA13_R01.txt,1,Fall,0,0,0,Mild,0.06529112695792427,0,Normal,0,Mild
val,5058,481,SA13,SA13:F10_SA13_R01.txt,1,Fall,0,0,0,Mild,0.08202156815380812,0,Normal,0,Mild
val,5059,482,SA13,SA13:F10_SA13_R01.txt,1,Fall,0,0,0,Mild,0.08531237091276928,0,Normal,0,Mild
val,5060,483,SA13,SA13:F10_SA13_R01.txt,1,Fall,0,0,0,Mild,0.07918050784006603,0,Normal,0,Mild
val,5073,484,SA13,SA13:F10_SA13_R02.txt,1,Fall,0,0,0,Mild,0.09908854211357981,0,Normal,0,Mild
val,5074,485,SA13,SA13:F10_SA13_R02.txt,1,Fall,0,0,0,Mild,0.10866318800876806,0,Normal,0,Mild
val,5075,486,SA13,SA13:F10_SA13_R02.txt,1,Fall,0,0,0,Mild,0.10605453071479243,0,Normal,0,Mild
val,5076,487,SA13,SA13:F10_SA13_R02.txt,1,Fall,0,0,0,Mild,0.06267276840245489,0,Normal,0,Mild
val,5088,488,SA13,SA13:F10_SA13_R03.txt,1,Fall,0,0,0,Mild,0.10419661970375571,0,Normal,0,Mild
val,5089,489,SA13,SA13:F10_SA13_R03.txt,1,Fall,0,0,0,Mild,0.11778090522569395,0,Normal,0,Mild
val,5090,490,SA13,SA13:F10_SA13_R03.txt,1,Fall,0,0,0,Mild,0.11226092773544616,0,Normal,0,Mild
val,5091,491,SA13,SA13:F10_SA13_R03.txt,1,Fall,0,0,0,Mild,0.08696004921813238,0,Normal,0,Mild
val,5103,492,SA13,SA13:F10_SA13_R04.txt,1,Fall,0,0,0,Mild,0.09349333534136323,0,Normal,0,Mild
val,5104,493,SA13,SA13:F10_SA13_R04.txt,1,Fall,0,0,0,Mild,0.09938413505663202,0,Normal,0,Mild
val,5105,494,SA13,SA13:F10_SA13_R04.txt,1,Fall,0,0,0,Mild,0.09915664931451806,0,Normal,0,Mild
val,5106,495,SA13,SA13:F10_SA13_R04.txt,1,Fall,0,0,0,Mild,0.032422860995806935,0,Normal,0,Mild
val,5116,496,SA13,SA13:F10_SA13_R05.txt,1,Fall,0,0,0,Mild,0.10885154953563447,0,Normal,0,Mild
val,5117,497,SA13,SA13:F10_SA13_R05.txt,1,Fall,0,0,0,Mild,0.11083844432523066,0,Normal,0,Mild
val,5118,498,SA13,SA13:F10_SA13_R05.txt,1,Fall,0,0,0,Mild,0.10868431833524966,0,Normal,0,Mild
val,5119,499,SA13,SA13:F10_SA13_R05.txt,1,Fall,0,0,0,Mild,0.08127115884063679,0,Normal,0,Mild
val,5135,500,SA13,SA13:F11_SA13_R01.txt,1,Fall,0,0,0,Mild,0.040709458117323294,0,Normal,0,Mild
val,5136,501,SA13,SA13:F11_SA13_R01.txt,1,Fall,0,0,0,Mild,0.09705088161141656,0,Normal,0,Mild
val,5137,502,SA13,SA13:F11_SA13_R01.txt,1,Fall,0,0,0,Mild,0.09284371892967513,0,Normal,0,Mild
val,5138,503,SA13,SA13:F11_SA13_R01.txt,1,Fall,0,0,0,Mild,0.08537731780204849,0,Normal,0,Mild
val,5147,504,SA13,SA13:F11_SA13_R02.txt,1,Fall,0,0,0,Mild,0.04718553849833773,0,Normal,0,Mild
val,5148,505,SA13,SA13:F11_SA13_R02.txt,1,Fall,0,0,0,Mild,0.07027489243536461,0,Normal,0,Mild
val,5149,506,SA13,SA13:F11_SA13_R02.txt,1,Fall,0,0,0,Mild,0.06096811623812254,0,Normal,0,Mild
val,5150,507,SA13,SA13:F11_SA13_R02.txt,1,Fall,0,0,0,Mild,0.04199293665006132,0,Normal,0,Mild
val,5163,508,SA13,SA13:F11_SA13_R03.txt,1,Fall,0,0,0,Mild,0.08445615521466898,0,Normal,0,Mild
val,5164,509,SA13,SA13:F11_SA13_R03.txt,1,Fall,0,0,0,Mild,0.08705678484016782,0,Normal,0,Mild
val,5165,510,SA13,SA13:F11_SA13_R03.txt,1,Fall,0,0,0,Mild,0.0753395094228036,0,Normal,0,Mild
val,5166,511,SA13,SA13:F11_SA13_R03.txt,1,Fall,0,0,0,Mild,0.055737137284555816,0,Normal,0,Mild
val,5177,512,SA13,SA13:F11_SA13_R04.txt,1,Fall,0,0,0,Mild,0.050552023864017526,0,Normal,0,Mild
val,5178,513,SA13,SA13:F11_SA13_R04.txt,1,Fall,0,0,0,Mild,0.07137776014655389,0,Normal,0,Mild
val,5179,514,SA13,SA13:F11_SA13_R04.txt,1,Fall,0,0,0,Mild,0.06694203547091188,0,Normal,0,Mild
val,5180,515,SA13,SA13:F11_SA13_R04.txt,1,Fall,0,0,0,Mild,0.05954088518369238,0,Normal,0,Mild
val,5191,516,SA13,SA13:F11_SA13_R05.txt,1,Fall,0,0,0,Mild,0.07156824661006922,0,Normal,0,Mild
val,5192,517,SA13,SA13:F11_SA13_R05.txt,1,Fall,0,0,0,Mild,0.08152197744912515,0,Normal,0,Mild
val,5193,518,SA13,SA13:F11_SA13_R05.txt,1,Fall,0,0,0,Mild,0.0725648337453852,0,Normal,0,Mild
val,5194,519,SA13,SA13:F11_SA13_R05.txt,1,Fall,0,0,0,Mild,0.029089056123589918,0,Normal,0,Mild
val,5207,520,SA13,SA13:F12_SA13_R01.txt,1,Fall,1,1,1,Severe,0.09993473810720821,0,Normal,1,Severe
val,5208,521,SA13,SA13:F12_SA13_R01.txt,1,Fall,1,1,1,Severe,0.10275687537889011,0,Normal,1,Severe
val,5209,522,SA13,SA13:F12_SA13_R01.txt,1,Fall,1,1,1,Severe,0.09689568729765297,0,Normal,1,Severe
val,5210,523,SA13,SA13:F12_SA13_R01.txt,1,Fall,1,1,1,Severe,0.037582452399589295,0,Normal,1,Severe
val,5222,524,SA13,SA13:F12_SA13_R02.txt,1,Fall,1,1,1,Severe,0.09221939718747096,0,Normal,1,Severe
val,5223,525,SA13,SA13:F12_SA13_R02.txt,1,Fall,1,1,1,Severe,0.11926867013678283,0,Normal,1,Severe
val,5224,526,SA13,SA13:F12_SA13_R02.txt,1,Fall,1,1,1,Severe,0.119320519820378,0,Normal,1,Severe
val,5225,527,SA13,SA13:F12_SA13_R02.txt,1,Fall,1,1,1,Severe,0.10585713102992372,0,Normal,1,Severe
val,5237,528,SA13,SA13:F12_SA13_R03.txt,1,Fall,1,1,1,Severe,0.09949716309754103,0,Normal,1,Severe
val,5238,529,SA13,SA13:F12_SA13_R03.txt,1,Fall,1,1,1,Severe,0.11091985382064523,0,Normal,1,Severe
val,5239,530,SA13,SA13:F12_SA13_R03.txt,1,Fall,1,1,1,Severe,0.11003402316491168,0,Normal,1,Severe
val,5240,531,SA13,SA13:F12_SA13_R03.txt,1,Fall,1,1,1,Severe,0.07876986750743836,0,Normal,1,Severe
val,5252,532,SA13,SA13:F12_SA13_R04.txt,1,Fall,1,1,1,Severe,0.059146484841572755,0,Normal,1,Severe
val,5253,533,SA13,SA13:F12_SA13_R04.txt,1,Fall,1,1,1,Severe,0.0797287965455093,0,Normal,1,Severe
val,5254,534,SA13,SA13:F12_SA13_R04.txt,1,Fall,1,1,1,Severe,0.08129684051372366,0,Normal,1,Severe
val,5255,535,SA13,SA13:F12_SA13_R04.txt,1,Fall,1,1,1,Severe,0.06591769062329711,0,Normal,1,Severe
val,5268,536,SA13,SA13:F12_SA13_R05.txt,1,Fall,1,1,1,Severe,0.06205003795639513,0,Normal,1,Severe
val,5269,537,SA13,SA13:F12_SA13_R05.txt,1,Fall,1,1,1,Severe,0.06751127323867462,0,Normal,1,Severe
val,5270,538,SA13,SA13:F12_SA13_R05.txt,1,Fall,1,1,1,Severe,0.06102115567466637,0,Normal,1,Severe
val,5271,539,SA13,SA13:F12_SA13_R05.txt,1,Fall,1,1,1,Severe,0.01277197194149926,0,Normal,1,Severe
val,5282,540,SA13,SA13:F13_SA13_R01.txt,1,Fall,0,0,0,Mild,0.07118636315365179,0,Normal,0,Mild
val,5283,541,SA13,SA13:F13_SA13_R01.txt,1,Fall,0,0,0,Mild,0.08331927411811679,0,Normal,0,Mild
val,5284,542,SA13,SA13:F13_SA13_R01.txt,1,Fall,0,0,0,Mild,0.08454095679146129,0,Normal,0,Mild
val,5285,543,SA13,SA13:F13_SA13_R01.txt,1,Fall,0,0,0,Mild,0.07655086303525271,0,Normal,0,Mild
val,5300,544,SA13,SA13:F13_SA13_R02.txt,1,Fall,0,0,0,Mild,0.07533015788246955,0,Normal,0,Mild
val,5301,545,SA13,SA13:F13_SA13_R02.txt,1,Fall,0,0,0,Mild,0.0922029314229108,0,Normal,0,Mild
val,5302,546,SA13,SA13:F13_SA13_R02.txt,1,Fall,0,0,0,Mild,0.09439365100332081,0,Normal,0,Mild
val,5303,547,SA13,SA13:F13_SA13_R02.txt,1,Fall,0,0,0,Mild,0.08781363002831222,0,Normal,0,Mild
val,5313,548,SA13,SA13:F13_SA13_R03.txt,1,Fall,0,0,0,Mild,0.07223838913977892,0,Normal,0,Mild
val,5314,549,SA13,SA13:F13_SA13_R03.txt,1,Fall,0,0,0,Mild,0.09003044888067097,0,Normal,0,Mild
val,5315,550,SA13,SA13:F13_SA13_R03.txt,1,Fall,0,0,0,Mild,0.0929997771582094,0,Normal,0,Mild
val,5316,551,SA13,SA13:F13_SA13_R03.txt,1,Fall,0,0,0,Mild,0.08690455668220665,0,Normal,0,Mild
val,5328,552,SA13,SA13:F13_SA13_R04.txt,1,Fall,0,0,0,Mild,0.09933663236010037,0,Normal,0,Mild
val,5329,553,SA13,SA13:F13_SA13_R04.txt,1,Fall,0,0,0,Mild,0.10093648166116848,0,Normal,0,Mild
val,5330,554,SA13,SA13:F13_SA13_R04.txt,1,Fall,0,0,0,Mild,0.0993009052055781,0,Normal,0,Mild
val,5331,555,SA13,SA13:F13_SA13_R04.txt,1,Fall,0,0,0,Mild,0.020520845952969435,0,Normal,0,Mild
val,5344,556,SA13,SA13:F13_SA13_R05.txt,1,Fall,0,0,0,Mild,0.10006191684314791,0,Normal,0,Mild
val,5345,557,SA13,SA13:F13_SA13_R05.txt,1,Fall,0,0,0,Mild,0.11391420267301483,0,Normal,0,Mild
val,5346,558,SA13,SA13:F13_SA13_R05.txt,1,Fall,0,0,0,Mild,0.12117261125014989,0,Normal,0,Mild
val,5347,559,SA13,SA13:F13_SA13_R05.txt,1,Fall,0,0,0,Mild,0.11509183546064866,0,Normal,0,Mild
val,5357,560,SA13,SA13:F14_SA13_R01.txt,1,Fall,0,0,0,Mild,0.07537810937137046,0,Normal,0,Mild
val,5358,561,SA13,SA13:F14_SA13_R01.txt,1,Fall,0,0,0,Mild,0.06906857147725998,0,Normal,0,Mild
val,5359,562,SA13,SA13:F14_SA13_R01.txt,1,Fall,0,0,0,Mild,0.0574359010546826,0,Normal,0,Mild
val,5360,563,SA13,SA13:F14_SA13_R01.txt,1,Fall,0,0,0,Mild,0.03902724735901941,0,Normal,0,Mild
val,5372,564,SA13,SA13:F14_SA13_R02.txt,1,Fall,0,0,0,Mild,0.0807466262793135,0,Normal,0,Mild
val,5373,565,SA13,SA13:F14_SA13_R02.txt,1,Fall,0,0,0,Mild,0.08710753413142008,0,Normal,0,Mild
val,5374,566,SA13,SA13:F14_SA13_R02.txt,1,Fall,0,0,0,Mild,0.07061982226155866,0,Normal,0,Mild
val,5375,567,SA13,SA13:F14_SA13_R02.txt,1,Fall,1,1,1,Severe,0.05894727364170216,0,Normal,1,Severe
val,5386,568,SA13,SA13:F14_SA13_R03.txt,1,Fall,0,0,0,Mild,0.07425021168612161,0,Normal,0,Mild
val,5387,569,SA13,SA13:F14_SA13_R03.txt,1,Fall,0,0,0,Mild,0.09063456565131472,0,Normal,0,Mild
val,5388,570,SA13,SA13:F14_SA13_R03.txt,1,Fall,0,0,0,Mild,0.07637118840736684,0,Normal,0,Mild
val,5389,571,SA13,SA13:F14_SA13_R03.txt,1,Fall,0,0,0,Mild,0.05783265212848038,0,Normal,0,Mild
val,5401,572,SA13,SA13:F14_SA13_R04.txt,1,Fall,0,0,0,Mild,0.04499909294203924,0,Normal,0,Mild
val,5402,573,SA13,SA13:F14_SA13_R04.txt,1,Fall,0,0,0,Mild,0.09016709135452544,0,Normal,0,Mild
val,5403,574,SA13,SA13:F14_SA13_R04.txt,1,Fall,0,0,0,Mild,0.08448821558814995,0,Normal,0,Mild
val,5404,575,SA13,SA13:F14_SA13_R04.txt,1,Fall,0,0,0,Mild,0.07063861458951698,0,Normal,0,Mild
val,5417,576,SA13,SA13:F14_SA13_R05.txt,1,Fall,0,0,0,Mild,0.08128354336440574,0,Normal,0,Mild
val,5418,577,SA13,SA13:F14_SA13_R05.txt,1,Fall,0,0,0,Mild,0.07507666100309313,0,Normal,0,Mild
val,5419,578,SA13,SA13:F14_SA13_R05.txt,1,Fall,0,0,0,Mild,0.05998203377766853,0,Normal,0,Mild
val,5420,579,SA13,SA13:F14_SA13_R05.txt,1,Fall,0,0,0,Mild,0.04663482383857337,0,Normal,0,Mild
val,5432,580,SA13,SA13:F15_SA13_R01.txt,1,Fall,1,1,1,Severe,0.10113684292471398,0,Normal,1,Severe
val,5433,581,SA13,SA13:F15_SA13_R01.txt,1,Fall,1,1,1,Severe,0.10092638306982887,0,Normal,1,Severe
val,5434,582,SA13,SA13:F15_SA13_R01.txt,1,Fall,1,1,1,Severe,0.0898155343169898,0,Normal,1,Severe
val,5435,583,SA13,SA13:F15_SA13_R01.txt,1,Fall,1,1,1,Severe,0.057467269520801445,0,Normal,1,Severe
val,5447,584,SA13,SA13:F15_SA13_R02.txt,1,Fall,1,1,1,Severe,0.11558641929923841,0,Normal,1,Severe
val,5448,585,SA13,SA13:F15_SA13_R02.txt,1,Fall,1,1,1,Severe,0.11918861206663128,0,Normal,1,Severe
val,5449,586,SA13,SA13:F15_SA13_R02.txt,1,Fall,1,1,1,Severe,0.1068699066571569,0,Normal,1,Severe
val,5450,587,SA13,SA13:F15_SA13_R02.txt,1,Fall,1,1,1,Severe,0.06930934823492929,0,Normal,1,Severe
val,5463,588,SA13,SA13:F15_SA13_R03.txt,1,Fall,1,1,1,Severe,0.1091353661699026,0,Normal,1,Severe
val,5464,589,SA13,SA13:F15_SA13_R03.txt,1,Fall,1,1,1,Severe,0.11009227422973616,0,Normal,1,Severe
val,5465,590,SA13,SA13:F15_SA13_R03.txt,1,Fall,1,1,1,Severe,0.1011767427779634,0,Normal,1,Severe
val,5466,591,SA13,SA13:F15_SA13_R03.txt,1,Fall,1,1,1,Severe,0.03418008062778799,0,Normal,1,Severe
val,5478,592,SA13,SA13:F15_SA13_R04.txt,1,Fall,1,1,1,Severe,0.07572071110973339,0,Normal,1,Severe
val,5479,593,SA13,SA13:F15_SA13_R04.txt,1,Fall,1,1,1,Severe,0.06519725513196717,0,Normal,1,Severe
val,5480,594,SA13,SA13:F15_SA13_R04.txt,1,Fall,1,1,1,Severe,0.0591495371996823,0,Normal,1,Severe
val,5481,595,SA13,SA13:F15_SA13_R04.txt,1,Fall,1,1,1,Severe,0.033423578634552364,0,Normal,1,Severe
val,5492,596,SA13,SA13:F15_SA13_R05.txt,1,Fall,1,1,1,Severe,0.08444672754755272,0,Normal,1,Severe
val,5493,597,SA13,SA13:F15_SA13_R05.txt,1,Fall,1,1,1,Severe,0.09171886025375248,0,Normal,1,Severe
val,5494,598,SA13,SA13:F15_SA13_R05.txt,1,Fall,1,1,1,Severe,0.08786668845385065,0,Normal,1,Severe
val,5495,599,SA13,SA13:F15_SA13_R05.txt,1,Fall,1,1,1,Severe,0.07100853048088629,0,Normal,1,Severe
val,7140,600,SA15,SA15:F01_SA15_R01.txt,1,Fall,1,1,1,Severe,0.06251889626325852,0,Normal,1,Severe
val,7141,601,SA15,SA15:F01_SA15_R01.txt,1,Fall,1,1,1,Severe,0.06285989311557538,0,Normal,1,Severe
val,7142,602,SA15,SA15:F01_SA15_R01.txt,1,Fall,1,1,1,Severe,0.05377551887197268,0,Normal,1,Severe
val,7143,603,SA15,SA15:F01_SA15_R01.txt,1,Fall,1,1,1,Severe,0.029162389852754877,0,Normal,1,Severe
val,7155,604,SA15,SA15:F01_SA15_R02.txt,1,Fall,1,1,1,Severe,0.09534957297767299,0,Normal,1,Severe
val,7156,605,SA15,SA15:F01_SA15_R02.txt,1,Fall,1,1,1,Severe,0.0998132808752733,0,Normal,1,Severe
val,7157,606,SA15,SA15:F01_SA15_R02.txt,1,Fall,1,1,1,Severe,0.09664006908706424,0,Normal,1,Severe
val,7158,607,SA15,SA15:F01_SA15_R02.txt,1,Fall,1,1,1,Severe,0.031707675265924384,0,Normal,1,Severe
val,7170,608,SA15,SA15:F01_SA15_R03.txt,1,Fall,1,1,1,Severe,0.09625609096956478,0,Normal,1,Severe
val,7171,609,SA15,SA15:F01_SA15_R03.txt,1,Fall,1,1,1,Severe,0.09822920016216247,0,Normal,1,Severe
val,7172,610,SA15,SA15:F01_SA15_R03.txt,1,Fall,1,1,1,Severe,0.09645288506340649,0,Normal,1,Severe
val,7173,611,SA15,SA15:F01_SA15_R03.txt,1,Fall,1,1,1,Severe,0.08365006809831343,0,Normal,1,Severe
val,7185,612,SA15,SA15:F01_SA15_R04.txt,1,Fall,1,1,1,Severe,0.08678343438155611,0,Normal,1,Severe
val,7186,613,SA15,SA15:F01_SA15_R04.txt,1,Fall,1,1,1,Severe,0.08714019816110152,0,Normal,1,Severe
val,7187,614,SA15,SA15:F01_SA15_R04.txt,1,Fall,1,1,1,Severe,0.08512785003784334,0,Normal,1,Severe
val,7188,615,SA15,SA15:F01_SA15_R04.txt,1,Fall,1,1,1,Severe,0.0665491151750065,0,Normal,1,Severe
val,7200,616,SA15,SA15:F01_SA15_R05.txt,1,Fall,1,1,1,Severe,0.028135013659586705,0,Normal,1,Severe
val,7201,617,SA15,SA15:F01_SA15_R05.txt,1,Fall,1,1,1,Severe,0.023693895629947725,0,Normal,1,Severe
val,7202,618,SA15,SA15:F01_SA15_R05.txt,1,Fall,1,1,1,Severe,0.012535839646088842,0,Normal,1,Severe
val,7203,619,SA15,SA15:F01_SA15_R05.txt,1,Fall,1,1,1,Severe,0.021185943849503563,0,Normal,1,Severe
val,7214,620,SA15,SA15:F02_SA15_R01.txt,1,Fall,0,0,0,Mild,0.10005128641578331,0,Normal,0,Mild
val,7215,621,SA15,SA15:F02_SA15_R01.txt,1,Fall,0,0,0,Mild,0.10224680146843396,0,Normal,0,Mild
val,7216,622,SA15,SA15:F02_SA15_R01.txt,1,Fall,0,0,0,Mild,0.10560012413863135,0,Normal,0,Mild
val,7217,623,SA15,SA15:F02_SA15_R01.txt,1,Fall,0,0,0,Mild,0.0771088659150444,0,Normal,0,Mild
val,7230,624,SA15,SA15:F02_SA15_R02.txt,1,Fall,0,0,0,Mild,0.08569845611406013,0,Normal,0,Mild
val,7231,625,SA15,SA15:F02_SA15_R02.txt,1,Fall,0,0,0,Mild,0.08143361878204786,0,Normal,0,Mild
val,7232,626,SA15,SA15:F02_SA15_R02.txt,1,Fall,0,0,0,Mild,0.07211221522692063,0,Normal,0,Mild
val,7233,627,SA15,SA15:F02_SA15_R02.txt,1,Fall,0,0,0,Mild,0.03167584821970526,0,Normal,0,Mild
val,7245,628,SA15,SA15:F02_SA15_R03.txt,1,Fall,0,0,0,Mild,0.10729897116897691,0,Normal,0,Mild
val,7246,629,SA15,SA15:F02_SA15_R03.txt,1,Fall,0,0,0,Mild,0.10673340053329722,0,Normal,0,Mild
val,7247,630,SA15,SA15:F02_SA15_R03.txt,1,Fall,0,0,0,Mild,0.10540446123513636,0,Normal,0,Mild
val,7248,631,SA15,SA15:F02_SA15_R03.txt,1,Fall,0,0,0,Mild,0.07824262007444294,0,Normal,0,Mild
val,7260,632,SA15,SA15:F02_SA15_R04.txt,1,Fall,0,0,0,Mild,0.1127622990262015,0,Normal,0,Mild
val,7261,633,SA15,SA15:F02_SA15_R04.txt,1,Fall,0,0,0,Mild,0.11485706761946596,0,Normal,0,Mild
val,7262,634,SA15,SA15:F02_SA15_R04.txt,1,Fall,0,0,0,Mild,0.11299378748147021,0,Normal,0,Mild
val,7263,635,SA15,SA15:F02_SA15_R04.txt,1,Fall,0,0,0,Mild,0.0963160072540149,0,Normal,0,Mild
val,7275,636,SA15,SA15:F02_SA15_R05.txt,1,Fall,0,0,0,Mild,0.0893691565567371,0,Normal,0,Mild
val,7276,637,SA15,SA15:F02_SA15_R05.txt,1,Fall,0,0,0,Mild,0.11444431354397377,0,Normal,0,Mild
val,7277,638,SA15,SA15:F02_SA15_R05.txt,1,Fall,0,0,0,Mild,0.11306613619918782,0,Normal,0,Mild
val,7278,639,SA15,SA15:F02_SA15_R05.txt,1,Fall,0,0,0,Mild,0.101548655763674,0,Normal,0,Mild
val,7289,640,SA15,SA15:F03_SA15_R01.txt,1,Fall,1,1,1,Severe,0.06810828847934819,0,Normal,1,Severe
val,7290,641,SA15,SA15:F03_SA15_R01.txt,1,Fall,1,1,1,Severe,0.10221037397123045,0,Normal,1,Severe
val,7291,642,SA15,SA15:F03_SA15_R01.txt,1,Fall,1,1,1,Severe,0.09429914634548603,0,Normal,1,Severe
val,7292,643,SA15,SA15:F03_SA15_R01.txt,1,Fall,1,1,1,Severe,0.09581780593351585,0,Normal,1,Severe
val,7301,644,SA15,SA15:F03_SA15_R02.txt,1,Fall,1,1,1,Severe,0.05503816331291406,0,Normal,1,Severe
val,7302,645,SA15,SA15:F03_SA15_R02.txt,1,Fall,1,1,1,Severe,0.08328488958526048,0,Normal,1,Severe
val,7303,646,SA15,SA15:F03_SA15_R02.txt,1,Fall,1,1,1,Severe,0.09215719373794978,0,Normal,1,Severe
val,7304,647,SA15,SA15:F03_SA15_R02.txt,1,Fall,1,1,1,Severe,0.07632374858470253,0,Normal,1,Severe
val,7317,648,SA15,SA15:F03_SA15_R03.txt,1,Fall,1,1,1,Severe,0.09205384373598169,0,Normal,1,Severe
val,7318,649,SA15,SA15:F03_SA15_R03.txt,1,Fall,1,1,1,Severe,0.10612355514291594,0,Normal,1,Severe
val,7319,650,SA15,SA15:F03_SA15_R03.txt,1,Fall,1,1,1,Severe,0.1115438990979658,0,Normal,1,Severe
val,7320,651,SA15,SA15:F03_SA15_R03.txt,1,Fall,1,1,1,Severe,0.103169210800644,0,Normal,1,Severe
val,7333,652,SA15,SA15:F03_SA15_R04.txt,1,Fall,1,1,1,Severe,0.09379490872564306,0,Normal,1,Severe
val,7334,653,SA15,SA15:F03_SA15_R04.txt,1,Fall,1,1,1,Severe,0.09102683180348481,0,Normal,1,Severe
val,7335,654,SA15,SA15:F03_SA15_R04.txt,1,Fall,1,1,1,Severe,0.08889220630711331,0,Normal,1,Severe
val,7336,655,SA15,SA15:F03_SA15_R04.txt,1,Fall,1,1,1,Severe,0.06206229489390608,0,Normal,1,Severe
val,7348,656,SA15,SA15:F03_SA15_R05.txt,1,Fall,1,1,1,Severe,0.0668941536416533,0,Normal,1,Severe
val,7349,657,SA15,SA15:F03_SA15_R05.txt,1,Fall,1,1,1,Severe,0.09299648780788705,0,Normal,1,Severe
val,7350,658,SA15,SA15:F03_SA15_R05.txt,1,Fall,1,1,1,Severe,0.10464760907613785,0,Normal,1,Severe
val,7351,659,SA15,SA15:F03_SA15_R05.txt,1,Fall,1,1,1,Severe,0.1018395622419071,0,Normal,1,Severe
val,7364,660,SA15,SA15:F04_SA15_R01.txt,1,Fall,1,1,1,Severe,0.08013485872085335,0,Normal,1,Severe
val,7365,661,SA15,SA15:F04_SA15_R01.txt,1,Fall,1,1,1,Severe,0.08685867615782855,0,Normal,1,Severe
val,7366,662,SA15,SA15:F04_SA15_R01.txt,1,Fall,1,1,1,Severe,0.07933903103776702,0,Normal,1,Severe
val,7367,663,SA15,SA15:F04_SA15_R01.txt,1,Fall,1,1,1,Severe,0.07434800192183416,0,Normal,1,Severe
val,7379,664,SA15,SA15:F04_SA15_R02.txt,1,Fall,1,1,1,Severe,0.0514284995245764,0,Normal,1,Severe
val,7380,665,SA15,SA15:F04_SA15_R02.txt,1,Fall,1,1,1,Severe,0.055944317851520986,0,Normal,1,Severe
val,7381,666,SA15,SA15:F04_SA15_R02.txt,1,Fall,1,1,1,Severe,0.051777319111555364,0,Normal,1,Severe
val,7382,667,SA15,SA15:F04_SA15_R02.txt,1,Fall,1,1,1,Severe,0.05318607920261076,0,Normal,1,Severe
val,7395,668,SA15,SA15:F04_SA15_R03.txt,1,Fall,1,1,1,Severe,0.04877494818500838,0,Normal,1,Severe
val,7396,669,SA15,SA15:F04_SA15_R03.txt,1,Fall,1,1,1,Severe,0.046613357989313875,0,Normal,1,Severe
val,7397,670,SA15,SA15:F04_SA15_R03.txt,1,Fall,1,1,1,Severe,0.038019692485100065,0,Normal,1,Severe
val,7398,671,SA15,SA15:F04_SA15_R03.txt,1,Fall,1,1,1,Severe,0.02988013348989782,0,Normal,1,Severe
val,7410,672,SA15,SA15:F04_SA15_R04.txt,1,Fall,1,1,1,Severe,0.070104777710992,0,Normal,1,Severe
val,7411,673,SA15,SA15:F04_SA15_R04.txt,1,Fall,1,1,1,Severe,0.06762118113874349,0,Normal,1,Severe
val,7412,674,SA15,SA15:F04_SA15_R04.txt,1,Fall,1,1,1,Severe,0.06154633025011258,0,Normal,1,Severe
val,7413,675,SA15,SA15:F04_SA15_R04.txt,1,Fall,1,1,1,Severe,0.02683596121092957,0,Normal,1,Severe
val,7425,676,SA15,SA15:F04_SA15_R05.txt,1,Fall,1,1,1,Severe,0.06680534834832319,0,Normal,1,Severe
val,7426,677,SA15,SA15:F04_SA15_R05.txt,1,Fall,1,1,1,Severe,0.06390470646795454,0,Normal,1,Severe
val,7427,678,SA15,SA15:F04_SA15_R05.txt,1,Fall,1,1,1,Severe,0.057545760878361774,0,Normal,1,Severe
val,7428,679,SA15,SA15:F04_SA15_R05.txt,1,Fall,1,1,1,Severe,0.005519364735220078,0,Normal,1,Severe
val,7437,680,SA15,SA15:F05_SA15_R01.txt,1,Fall,1,1,1,Severe,-0.006498591091388284,1,Anomalous,-1,Non-applicable
val,7438,681,SA15,SA15:F05_SA15_R01.txt,1,Fall,1,1,1,Severe,-0.01552530087306525,1,Anomalous,-1,Non-applicable
val,7439,682,SA15,SA15:F05_SA15_R01.txt,1,Fall,1,1,1,Severe,-0.0024404191848963475,1,Anomalous,-1,Non-applicable
val,7440,683,SA15,SA15:F05_SA15_R01.txt,1,Fall,1,1,1,Severe,-0.005390559737421308,1,Anomalous,-1,Non-applicable
val,7453,684,SA15,SA15:F05_SA15_R02.txt,1,Fall,1,1,1,Severe,-0.0038027698915652497,1,Anomalous,-1,Non-applicable
val,7454,685,SA15,SA15:F05_SA15_R02.txt,1,Fall,1,1,1,Severe,0.007164924452281007,0,Normal,1,Severe
val,7455,686,SA15,SA15:F05_SA15_R02.txt,1,Fall,1,1,1,Severe,0.016458623378790005,0,Normal,1,Severe
val,7456,687,SA15,SA15:F05_SA15_R02.txt,1,Fall,1,1,1,Severe,0.01062967940421855,0,Normal,1,Severe
val,7467,688,SA15,SA15:F05_SA15_R03.txt,1,Fall,1,1,1,Severe,-0.02249474397177642,1,Anomalous,-1,Non-applicable
val,7468,689,SA15,SA15:F05_SA15_R03.txt,1,Fall,1,1,1,Severe,-0.021473460499354946,1,Anomalous,-1,Non-applicable
val,7469,690,SA15,SA15:F05_SA15_R03.txt,1,Fall,1,1,1,Severe,-0.016892619756827765,1,Anomalous,-1,Non-applicable
val,7470,691,SA15,SA15:F05_SA15_R03.txt,1,Fall,1,1,1,Severe,-0.02111783913659726,1,Anomalous,-1,Non-applicable
val,7483,692,SA15,SA15:F05_SA15_R04.txt,1,Fall,1,1,1,Severe,0.043680202093049125,0,Normal,1,Severe
val,7484,693,SA15,SA15:F05_SA15_R04.txt,1,Fall,1,1,1,Severe,0.050791061240810786,0,Normal,1,Severe
val,7485,694,SA15,SA15:F05_SA15_R04.txt,1,Fall,1,1,1,Severe,0.04387982031565274,0,Normal,1,Severe
val,7486,695,SA15,SA15:F05_SA15_R04.txt,1,Fall,1,1,1,Severe,-0.00829349170483984,1,Anomalous,-1,Non-applicable
val,7497,696,SA15,SA15:F05_SA15_R05.txt,1,Fall,1,1,1,Severe,0.03299679308463155,0,Normal,1,Severe
val,7498,697,SA15,SA15:F05_SA15_R05.txt,1,Fall,1,1,1,Severe,0.038465879089385535,0,Normal,1,Severe
val,7499,698,SA15,SA15:F05_SA15_R05.txt,1,Fall,1,1,1,Severe,0.04253690318500725,0,Normal,1,Severe
val,7500,699,SA15,SA15:F05_SA15_R05.txt,1,Fall,1,1,1,Severe,0.03481874319720124,0,Normal,1,Severe
val,7515,700,SA15,SA15:F06_SA15_R01.txt,1,Fall,1,1,1,Severe,0.05637626381711669,0,Normal,1,Severe
val,7516,701,SA15,SA15:F06_SA15_R01.txt,1,Fall,1,1,1,Severe,0.058639650384878006,0,Normal,1,Severe
val,7517,702,SA15,SA15:F06_SA15_R01.txt,1,Fall,1,1,1,Severe,0.06195508864859073,0,Normal,1,Severe
val,7518,703,SA15,SA15:F06_SA15_R01.txt,1,Fall,1,1,1,Severe,0.07961915397317176,0,Normal,1,Severe
val,7530,704,SA15,SA15:F06_SA15_R02.txt,1,Fall,1,1,1,Severe,0.049557533323796366,0,Normal,1,Severe
val,7531,705,SA15,SA15:F06_SA15_R02.txt,1,Fall,1,1,1,Severe,0.053074477318055036,0,Normal,1,Severe
val,7532,706,SA15,SA15:F06_SA15_R02.txt,1,Fall,1,1,1,Severe,0.05514201229670623,0,Normal,1,Severe
val,7533,707,SA15,SA15:F06_SA15_R02.txt,1,Fall,1,1,1,Severe,0.0516584907909719,0,Normal,1,Severe
val,7545,708,SA15,SA15:F06_SA15_R03.txt,1,Fall,1,1,1,Severe,0.07270530435545014,0,Normal,1,Severe
val,7546,709,SA15,SA15:F06_SA15_R03.txt,1,Fall,1,1,1,Severe,0.06556010836041809,0,Normal,1,Severe
val,7547,710,SA15,SA15:F06_SA15_R03.txt,1,Fall,1,1,1,Severe,0.06359038569438141,0,Normal,1,Severe
val,7548,711,SA15,SA15:F06_SA15_R03.txt,1,Fall,1,1,1,Severe,0.07798166050505634,0,Normal,1,Severe
val,7561,712,SA15,SA15:F06_SA15_R04.txt,1,Fall,1,1,1,Severe,0.06317835629145063,0,Normal,1,Severe
val,7562,713,SA15,SA15:F06_SA15_R04.txt,1,Fall,1,1,1,Severe,0.06408393864001988,0,Normal,1,Severe
val,7563,714,SA15,SA15:F06_SA15_R04.txt,1,Fall,1,1,1,Severe,0.06447352605420403,0,Normal,1,Severe
val,7564,715,SA15,SA15:F06_SA15_R04.txt,1,Fall,1,1,1,Severe,0.061009671475035665,0,Normal,1,Severe
val,7575,716,SA15,SA15:F06_SA15_R05.txt,1,Fall,1,1,1,Severe,0.06866784231689455,0,Normal,1,Severe
val,7576,717,SA15,SA15:F06_SA15_R05.txt,1,Fall,1,1,1,Severe,0.05686229348880639,0,Normal,1,Severe
val,7577,718,SA15,SA15:F06_SA15_R05.txt,1,Fall,1,1,1,Severe,0.05240108733444293,0,Normal,1,Severe
val,7578,719,SA15,SA15:F06_SA15_R05.txt,1,Fall,1,1,1,Severe,0.057811787076721965,0,Normal,1,Severe
val,7589,720,SA15,SA15:F07_SA15_R01.txt,1,Fall,1,1,1,Severe,0.11302050021315296,0,Normal,1,Severe
val,7590,721,SA15,SA15:F07_SA15_R01.txt,1,Fall,1,1,1,Severe,0.12178991924205296,0,Normal,1,Severe
val,7591,722,SA15,SA15:F07_SA15_R01.txt,1,Fall,1,1,1,Severe,0.11918710415232925,0,Normal,1,Severe
val,7592,723,SA15,SA15:F07_SA15_R01.txt,1,Fall,1,1,1,Severe,0.07651105451269058,0,Normal,1,Severe
val,7604,724,SA15,SA15:F07_SA15_R02.txt,1,Fall,1,1,1,Severe,0.09350206084730533,0,Normal,1,Severe
val,7605,725,SA15,SA15:F07_SA15_R02.txt,1,Fall,1,1,1,Severe,0.11017594583094686,0,Normal,1,Severe
val,7606,726,SA15,SA15:F07_SA15_R02.txt,1,Fall,1,1,1,Severe,0.11071524035918323,0,Normal,1,Severe
val,7607,727,SA15,SA15:F07_SA15_R02.txt,1,Fall,1,1,1,Severe,0.10027169412596615,0,Normal,1,Severe
val,7620,728,SA15,SA15:F07_SA15_R03.txt,1,Fall,1,1,1,Severe,0.09064631946214619,0,Normal,1,Severe
val,7621,729,SA15,SA15:F07_SA15_R03.txt,1,Fall,1,1,1,Severe,0.12306881072551518,0,Normal,1,Severe
val,7622,730,SA15,SA15:F07_SA15_R03.txt,1,Fall,1,1,1,Severe,0.12799748972658986,0,Normal,1,Severe
val,7623,731,SA15,SA15:F07_SA15_R03.txt,1,Fall,1,1,1,Severe,0.11756023948831135,0,Normal,1,Severe
val,7636,732,SA15,SA15:F07_SA15_R04.txt,1,Fall,1,1,1,Severe,0.11256585894223659,0,Normal,1,Severe
val,7637,733,SA15,SA15:F07_SA15_R04.txt,1,Fall,1,1,1,Severe,0.1189098881005588,0,Normal,1,Severe
val,7638,734,SA15,SA15:F07_SA15_R04.txt,1,Fall,1,1,1,Severe,0.11306339453739911,0,Normal,1,Severe
val,7639,735,SA15,SA15:F07_SA15_R04.txt,1,Fall,1,1,1,Severe,0.06066594315295393,0,Normal,1,Severe
val,7651,736,SA15,SA15:F07_SA15_R05.txt,1,Fall,1,1,1,Severe,0.11091884343025371,0,Normal,1,Severe
val,7652,737,SA15,SA15:F07_SA15_R05.txt,1,Fall,1,1,1,Severe,0.11799825839741507,0,Normal,1,Severe
val,7653,738,SA15,SA15:F07_SA15_R05.txt,1,Fall,1,1,1,Severe,0.11347153716831948,0,Normal,1,Severe
val,7654,739,SA15,SA15:F07_SA15_R05.txt,1,Fall,1,1,1,Severe,0.09168182524360119,0,Normal,1,Severe
val,7664,740,SA15,SA15:F08_SA15_R01.txt,1,Fall,1,1,1,Severe,0.08305227799362147,0,Normal,1,Severe
val,7665,741,SA15,SA15:F08_SA15_R01.txt,1,Fall,1,1,1,Severe,0.07979993098223576,0,Normal,1,Severe
val,7666,742,SA15,SA15:F08_SA15_R01.txt,1,Fall,1,1,1,Severe,0.07835707099117034,0,Normal,1,Severe
val,7667,743,SA15,SA15:F08_SA15_R01.txt,1,Fall,1,1,1,Severe,0.06263119855888594,0,Normal,1,Severe
val,7679,744,SA15,SA15:F08_SA15_R02.txt,1,Fall,1,1,1,Severe,0.09876656514524274,0,Normal,1,Severe
val,7680,745,SA15,SA15:F08_SA15_R02.txt,1,Fall,1,1,1,Severe,0.10813225908077223,0,Normal,1,Severe
val,7681,746,SA15,SA15:F08_SA15_R02.txt,1,Fall,1,1,1,Severe,0.09403605935523024,0,Normal,1,Severe
val,7682,747,SA15,SA15:F08_SA15_R02.txt,1,Fall,1,1,1,Severe,0.047345996052586714,0,Normal,1,Severe
val,7695,748,SA15,SA15:F08_SA15_R03.txt,1,Fall,1,1,1,Severe,0.10930710368984076,0,Normal,1,Severe
val,7696,749,SA15,SA15:F08_SA15_R03.txt,1,Fall,1,1,1,Severe,0.10876685017826077,0,Normal,1,Severe
val,7697,750,SA15,SA15:F08_SA15_R03.txt,1,Fall,1,1,1,Severe,0.09145587411476408,0,Normal,1,Severe
val,7698,751,SA15,SA15:F08_SA15_R03.txt,1,Fall,1,1,1,Severe,0.06314841990880843,0,Normal,1,Severe
val,7710,752,SA15,SA15:F08_SA15_R04.txt,1,Fall,1,1,1,Severe,0.10732015798064842,0,Normal,1,Severe
val,7711,753,SA15,SA15:F08_SA15_R04.txt,1,Fall,1,1,1,Severe,0.11018060785459638,0,Normal,1,Severe
val,7712,754,SA15,SA15:F08_SA15_R04.txt,1,Fall,1,1,1,Severe,0.10100801106628915,0,Normal,1,Severe
val,7713,755,SA15,SA15:F08_SA15_R04.txt,1,Fall,1,1,1,Severe,0.06349606231945243,0,Normal,1,Severe
val,7724,756,SA15,SA15:F08_SA15_R05.txt,1,Fall,1,1,1,Severe,0.11826863959988587,0,Normal,1,Severe
val,7725,757,SA15,SA15:F08_SA15_R05.txt,1,Fall,1,1,1,Severe,0.12286675475447373,0,Normal,1,Severe
val,7726,758,SA15,SA15:F08_SA15_R05.txt,1,Fall,1,1,1,Severe,0.11794350168078271,0,Normal,1,Severe
val,7727,759,SA15,SA15:F08_SA15_R05.txt,1,Fall,1,1,1,Severe,0.09361483670866655,0,Normal,1,Severe
val,7737,760,SA15,SA15:F09_SA15_R01.txt,1,Fall,1,1,1,Severe,0.1109089066416396,0,Normal,1,Severe
val,7738,761,SA15,SA15:F09_SA15_R01.txt,1,Fall,1,1,1,Severe,0.12696610788440232,0,Normal,1,Severe
val,7739,762,SA15,SA15:F09_SA15_R01.txt,1,Fall,1,1,1,Severe,0.1203589352893133,0,Normal,1,Severe
val,7740,763,SA15,SA15:F09_SA15_R01.txt,1,Fall,1,1,1,Severe,0.10392298928876814,0,Normal,1,Severe
val,7753,764,SA15,SA15:F09_SA15_R02.txt,1,Fall,1,1,1,Severe,0.115144448601533,0,Normal,1,Severe
val,7754,765,SA15,SA15:F09_SA15_R02.txt,1,Fall,1,1,1,Severe,0.12076809984631898,0,Normal,1,Severe
val,7755,766,SA15,SA15:F09_SA15_R02.txt,1,Fall,1,1,1,Severe,0.11196695656409944,0,Normal,1,Severe
val,7756,767,SA15,SA15:F09_SA15_R02.txt,1,Fall,1,1,1,Severe,0.09361591703230182,0,Normal,1,Severe
val,7768,768,SA15,SA15:F09_SA15_R03.txt,1,Fall,1,1,1,Severe,0.11860890238955252,0,Normal,1,Severe
val,7769,769,SA15,SA15:F09_SA15_R03.txt,1,Fall,1,1,1,Severe,0.12598876959769417,0,Normal,1,Severe
val,7770,770,SA15,SA15:F09_SA15_R03.txt,1,Fall,1,1,1,Severe,0.1253830789405232,0,Normal,1,Severe
val,7771,771,SA15,SA15:F09_SA15_R03.txt,1,Fall,1,1,1,Severe,0.09272589305896672,0,Normal,1,Severe
val,7783,772,SA15,SA15:F09_SA15_R04.txt,1,Fall,1,1,1,Severe,0.10939347168969843,0,Normal,1,Severe
val,7784,773,SA15,SA15:F09_SA15_R04.txt,1,Fall,1,1,1,Severe,0.1079621064286298,0,Normal,1,Severe
val,7785,774,SA15,SA15:F09_SA15_R04.txt,1,Fall,1,1,1,Severe,0.10137791941836188,0,Normal,1,Severe
val,7786,775,SA15,SA15:F09_SA15_R04.txt,1,Fall,1,1,1,Severe,0.0826932621339117,0,Normal,1,Severe
val,7799,776,SA15,SA15:F09_SA15_R05.txt,1,Fall,1,1,1,Severe,0.08565758142462326,0,Normal,1,Severe
val,7800,777,SA15,SA15:F09_SA15_R05.txt,1,Fall,1,1,1,Severe,0.08913528747953547,0,Normal,1,Severe
val,7801,778,SA15,SA15:F09_SA15_R05.txt,1,Fall,1,1,1,Severe,0.07737333675228653,0,Normal,1,Severe
val,7802,779,SA15,SA15:F09_SA15_R05.txt,1,Fall,1,1,1,Severe,0.029863348504257314,0,Normal,1,Severe
val,7813,780,SA15,SA15:F10_SA15_R01.txt,1,Fall,1,1,1,Severe,0.07418941166468429,0,Normal,1,Severe
val,7814,781,SA15,SA15:F10_SA15_R01.txt,1,Fall,1,1,1,Severe,0.07860806820569066,0,Normal,1,Severe
val,7815,782,SA15,SA15:F10_SA15_R01.txt,1,Fall,1,1,1,Severe,0.07172088190623505,0,Normal,1,Severe
val,7816,783,SA15,SA15:F10_SA15_R01.txt,1,Fall,1,1,1,Severe,0.057902867123704516,0,Normal,1,Severe
val,7834,784,SA15,SA15:F10_SA15_R02.txt,1,Fall,1,1,1,Severe,0.11009567931857406,0,Normal,1,Severe
val,7835,785,SA15,SA15:F10_SA15_R02.txt,1,Fall,1,1,1,Severe,0.09674046734041658,0,Normal,1,Severe
val,7836,786,SA15,SA15:F10_SA15_R02.txt,1,Fall,1,1,1,Severe,0.0912830892431788,0,Normal,1,Severe
val,7837,787,SA15,SA15:F10_SA15_R02.txt,1,Fall,1,1,1,Severe,0.05975637440903131,0,Normal,1,Severe
val,7843,788,SA15,SA15:F10_SA15_R03.txt,1,Fall,1,1,1,Severe,0.07876926615016122,0,Normal,1,Severe
val,7844,789,SA15,SA15:F10_SA15_R03.txt,1,Fall,1,1,1,Severe,0.07140599146559384,0,Normal,1,Severe
val,7845,790,SA15,SA15:F10_SA15_R03.txt,1,Fall,1,1,1,Severe,0.06702946918178265,0,Normal,1,Severe
val,7846,791,SA15,SA15:F10_SA15_R03.txt,1,Fall,1,1,1,Severe,0.0628409054078235,0,Normal,1,Severe
val,7859,792,SA15,SA15:F10_SA15_R04.txt,1,Fall,1,1,1,Severe,0.06268583045413234,0,Normal,1,Severe
val,7860,793,SA15,SA15:F10_SA15_R04.txt,1,Fall,1,1,1,Severe,0.04656763662497604,0,Normal,1,Severe
val,7861,794,SA15,SA15:F10_SA15_R04.txt,1,Fall,1,1,1,Severe,0.03567516568237428,0,Normal,1,Severe
val,7862,795,SA15,SA15:F10_SA15_R04.txt,1,Fall,1,1,1,Severe,0.03169366609838714,0,Normal,1,Severe
val,7873,796,SA15,SA15:F10_SA15_R05.txt,1,Fall,1,1,1,Severe,0.07992584063858754,0,Normal,1,Severe
val,7874,797,SA15,SA15:F10_SA15_R05.txt,1,Fall,1,1,1,Severe,0.07895233694491915,0,Normal,1,Severe
val,7875,798,SA15,SA15:F10_SA15_R05.txt,1,Fall,1,1,1,Severe,0.07549644948074147,0,Normal,1,Severe
val,7876,799,SA15,SA15:F10_SA15_R05.txt,1,Fall,1,1,1,Severe,0.06576281510050269,0,Normal,1,Severe
val,7888,800,SA15,SA15:F11_SA15_R01.txt,1,Fall,0,0,0,Mild,0.04160820458346698,0,Normal,0,Mild
val,7889,801,SA15,SA15:F11_SA15_R01.txt,1,Fall,0,0,0,Mild,0.04420722789467618,0,Normal,0,Mild
val,7890,802,SA15,SA15:F11_SA15_R01.txt,1,Fall,0,0,0,Mild,0.045413515881003175,0,Normal,0,Mild
val,7891,803,SA15,SA15:F11_SA15_R01.txt,1,Fall,0,0,0,Mild,0.04246920186941827,0,Normal,0,Mild
val,7903,804,SA15,SA15:F11_SA15_R02.txt,1,Fall,0,0,0,Mild,0.03752854554061302,0,Normal,0,Mild
val,7904,805,SA15,SA15:F11_SA15_R02.txt,1,Fall,0,0,0,Mild,0.05514504295599154,0,Normal,0,Mild
val,7905,806,SA15,SA15:F11_SA15_R02.txt,1,Fall,0,0,0,Mild,0.05801320868910709,0,Normal,0,Mild
val,7906,807,SA15,SA15:F11_SA15_R02.txt,1,Fall,0,0,0,Mild,0.04355320592402029,0,Normal,0,Mild
val,7918,808,SA15,SA15:F11_SA15_R03.txt,1,Fall,0,0,0,Mild,0.031263634451717426,0,Normal,0,Mild
val,7919,809,SA15,SA15:F11_SA15_R03.txt,1,Fall,0,0,0,Mild,0.03015817910558294,0,Normal,0,Mild
val,7920,810,SA15,SA15:F11_SA15_R03.txt,1,Fall,0,0,0,Mild,0.019012524912172868,0,Normal,0,Mild
val,7921,811,SA15,SA15:F11_SA15_R03.txt,1,Fall,0,0,0,Mild,0.01756369211555686,0,Normal,0,Mild
val,7932,812,SA15,SA15:F11_SA15_R04.txt,1,Fall,0,0,0,Mild,0.02211749308164268,0,Normal,0,Mild
val,7933,813,SA15,SA15:F11_SA15_R04.txt,1,Fall,0,0,0,Mild,0.027840383820583847,0,Normal,0,Mild
val,7934,814,SA15,SA15:F11_SA15_R04.txt,1,Fall,0,0,0,Mild,0.027697397680208846,0,Normal,0,Mild
val,7935,815,SA15,SA15:F11_SA15_R04.txt,1,Fall,0,0,0,Mild,0.019809714751877094,0,Normal,0,Mild
val,7948,816,SA15,SA15:F11_SA15_R05.txt,1,Fall,0,0,0,Mild,0.029080592408927797,0,Normal,0,Mild
val,7949,817,SA15,SA15:F11_SA15_R05.txt,1,Fall,0,0,0,Mild,0.025066227947400543,0,Normal,0,Mild
val,7950,818,SA15,SA15:F11_SA15_R05.txt,1,Fall,0,0,0,Mild,0.01578165165317391,0,Normal,0,Mild
val,7951,819,SA15,SA15:F11_SA15_R05.txt,1,Fall,0,0,0,Mild,0.007411264949888752,0,Normal,0,Mild
val,7963,820,SA15,SA15:F12_SA15_R01.txt,1,Fall,1,1,1,Severe,0.13450745336242315,0,Normal,1,Severe
val,7964,821,SA15,SA15:F12_SA15_R01.txt,1,Fall,1,1,1,Severe,0.13385357705785117,0,Normal,1,Severe
val,7965,822,SA15,SA15:F12_SA15_R01.txt,1,Fall,1,1,1,Severe,0.1098019950564853,0,Normal,1,Severe
val,7966,823,SA15,SA15:F12_SA15_R01.txt,1,Fall,1,1,1,Severe,0.03932052292263294,0,Normal,1,Severe
val,7977,824,SA15,SA15:F12_SA15_R02.txt,1,Fall,1,1,1,Severe,0.1172770037570201,0,Normal,1,Severe
val,7978,825,SA15,SA15:F12_SA15_R02.txt,1,Fall,1,1,1,Severe,0.13622772992818905,0,Normal,1,Severe
val,7979,826,SA15,SA15:F12_SA15_R02.txt,1,Fall,1,1,1,Severe,0.12934461200971115,0,Normal,1,Severe
val,7980,827,SA15,SA15:F12_SA15_R02.txt,1,Fall,1,1,1,Severe,0.09630585052187468,0,Normal,1,Severe
val,7993,828,SA15,SA15:F12_SA15_R03.txt,1,Fall,1,1,1,Severe,0.12177806491706439,0,Normal,1,Severe
val,7994,829,SA15,SA15:F12_SA15_R03.txt,1,Fall,1,1,1,Severe,0.1102179072180478,0,Normal,1,Severe
val,7995,830,SA15,SA15:F12_SA15_R03.txt,1,Fall,1,1,1,Severe,0.11694094652043086,0,Normal,1,Severe
val,7996,831,SA15,SA15:F12_SA15_R03.txt,1,Fall,1,1,1,Severe,0.10076617741219818,0,Normal,1,Severe
val,8008,832,SA15,SA15:F12_SA15_R04.txt,1,Fall,1,1,1,Severe,0.11334769511358395,0,Normal,1,Severe
val,8009,833,SA15,SA15:F12_SA15_R04.txt,1,Fall,1,1,1,Severe,0.1111724630512943,0,Normal,1,Severe
val,8010,834,SA15,SA15:F12_SA15_R04.txt,1,Fall,1,1,1,Severe,0.10440014131644848,0,Normal,1,Severe
val,8011,835,SA15,SA15:F12_SA15_R04.txt,1,Fall,1,1,1,Severe,0.06277250388498018,0,Normal,1,Severe
val,8021,836,SA15,SA15:F12_SA15_R05.txt,1,Fall,0,0,0,Mild,0.07866314267963181,0,Normal,0,Mild
val,8022,837,SA15,SA15:F12_SA15_R05.txt,1,Fall,1,1,1,Severe,0.10687610594185204,0,Normal,1,Severe
val,8023,838,SA15,SA15:F12_SA15_R05.txt,1,Fall,1,1,1,Severe,0.10300241657053388,0,Normal,1,Severe
val,8024,839,SA15,SA15:F12_SA15_R05.txt,1,Fall,1,1,1,Severe,0.0937854919573563,0,Normal,1,Severe
val,8038,840,SA15,SA15:F13_SA15_R01.txt,1,Fall,1,1,1,Severe,0.0746627777196901,0,Normal,1,Severe
val,8039,841,SA15,SA15:F13_SA15_R01.txt,1,Fall,1,1,1,Severe,0.06238100806159097,0,Normal,1,Severe
val,8040,842,SA15,SA15:F13_SA15_R01.txt,1,Fall,1,1,1,Severe,0.05710540205526593,0,Normal,1,Severe
val,8041,843,SA15,SA15:F13_SA15_R01.txt,1,Fall,1,1,1,Severe,0.035796627721473906,0,Normal,1,Severe
val,8054,844,SA15,SA15:F13_SA15_R02.txt,1,Fall,1,1,1,Severe,0.10362244369769441,0,Normal,1,Severe
val,8055,845,SA15,SA15:F13_SA15_R02.txt,1,Fall,1,1,1,Severe,0.0976909796962539,0,Normal,1,Severe
val,8056,846,SA15,SA15:F13_SA15_R02.txt,1,Fall,1,1,1,Severe,0.07383064696999231,0,Normal,1,Severe
val,8057,847,SA15,SA15:F13_SA15_R02.txt,1,Fall,1,1,1,Severe,0.02928792897211774,0,Normal,1,Severe
val,8069,848,SA15,SA15:F13_SA15_R03.txt,1,Fall,1,1,1,Severe,0.10075761091970692,0,Normal,1,Severe
val,8070,849,SA15,SA15:F13_SA15_R03.txt,1,Fall,1,1,1,Severe,0.07967738010331293,0,Normal,1,Severe
val,8071,850,SA15,SA15:F13_SA15_R03.txt,1,Fall,1,1,1,Severe,0.06888057861161068,0,Normal,1,Severe
val,8072,851,SA15,SA15:F13_SA15_R03.txt,1,Fall,1,1,1,Severe,0.014823415413612984,0,Normal,1,Severe
val,8085,852,SA15,SA15:F13_SA15_R04.txt,1,Fall,1,1,1,Severe,0.11297872750760135,0,Normal,1,Severe
val,8086,853,SA15,SA15:F13_SA15_R04.txt,1,Fall,1,1,1,Severe,0.11138274777503276,0,Normal,1,Severe
val,8087,854,SA15,SA15:F13_SA15_R04.txt,1,Fall,1,1,1,Severe,0.0871988552921823,0,Normal,1,Severe
val,8088,855,SA15,SA15:F13_SA15_R04.txt,1,Fall,1,1,1,Severe,0.07352519148265363,0,Normal,1,Severe
val,8099,856,SA15,SA15:F13_SA15_R05.txt,1,Fall,1,1,1,Severe,0.07154924847643701,0,Normal,1,Severe
val,8100,857,SA15,SA15:F13_SA15_R05.txt,1,Fall,1,1,1,Severe,0.06393558572242963,0,Normal,1,Severe
val,8101,858,SA15,SA15:F13_SA15_R05.txt,1,Fall,1,1,1,Severe,0.04499169046105378,0,Normal,1,Severe
val,8102,859,SA15,SA15:F13_SA15_R05.txt,1,Fall,1,1,1,Severe,0.030615522999781652,0,Normal,1,Severe
val,8112,860,SA15,SA15:F14_SA15_R01.txt,1,Fall,0,0,0,Mild,0.03776251679527376,0,Normal,0,Mild
val,8113,861,SA15,SA15:F14_SA15_R01.txt,1,Fall,0,0,0,Mild,0.04973579798648936,0,Normal,0,Mild
val,8114,862,SA15,SA15:F14_SA15_R01.txt,1,Fall,0,0,0,Mild,0.05147337082873893,0,Normal,0,Mild
val,8115,863,SA15,SA15:F14_SA15_R01.txt,1,Fall,0,0,0,Mild,0.03175889759705064,0,Normal,0,Mild
val,8127,864,SA15,SA15:F14_SA15_R02.txt,1,Fall,0,0,0,Mild,0.03448493142069514,0,Normal,0,Mild
val,8128,865,SA15,SA15:F14_SA15_R02.txt,1,Fall,0,0,0,Mild,0.04237323459624309,0,Normal,0,Mild
val,8129,866,SA15,SA15:F14_SA15_R02.txt,1,Fall,0,0,0,Mild,0.045332363183669566,0,Normal,0,Mild
val,8130,867,SA15,SA15:F14_SA15_R02.txt,1,Fall,0,0,0,Mild,0.0489840693520871,0,Normal,0,Mild
val,8142,868,SA15,SA15:F14_SA15_R03.txt,1,Fall,0,0,0,Mild,0.03958802159388963,0,Normal,0,Mild
val,8143,869,SA15,SA15:F14_SA15_R03.txt,1,Fall,0,0,0,Mild,0.04569589226734455,0,Normal,0,Mild
val,8144,870,SA15,SA15:F14_SA15_R03.txt,1,Fall,0,0,0,Mild,0.04809936828267353,0,Normal,0,Mild
val,8145,871,SA15,SA15:F14_SA15_R03.txt,1,Fall,0,0,0,Mild,0.045854991325969596,0,Normal,0,Mild
val,8158,872,SA15,SA15:F14_SA15_R04.txt,1,Fall,0,0,0,Mild,0.04239292175283005,0,Normal,0,Mild
val,8159,873,SA15,SA15:F14_SA15_R04.txt,1,Fall,0,0,0,Mild,0.04771878253828643,0,Normal,0,Mild
val,8160,874,SA15,SA15:F14_SA15_R04.txt,1,Fall,0,0,0,Mild,0.04837899623527836,0,Normal,0,Mild
val,8161,875,SA15,SA15:F14_SA15_R04.txt,1,Fall,0,0,0,Mild,0.03484923287587799,0,Normal,0,Mild
val,8172,876,SA15,SA15:F14_SA15_R05.txt,1,Fall,0,0,0,Mild,0.03879880691647558,0,Normal,0,Mild
val,8173,877,SA15,SA15:F14_SA15_R05.txt,1,Fall,0,0,0,Mild,0.043622853328426026,0,Normal,0,Mild
val,8174,878,SA15,SA15:F14_SA15_R05.txt,1,Fall,0,0,0,Mild,0.04411068473608226,0,Normal,0,Mild
val,8175,879,SA15,SA15:F14_SA15_R05.txt,1,Fall,0,0,0,Mild,0.04329918294463153,0,Normal,0,Mild
val,8190,880,SA15,SA15:F15_SA15_R01.txt,1,Fall,1,1,1,Severe,0.10692184904163893,0,Normal,1,Severe
val,8191,881,SA15,SA15:F15_SA15_R01.txt,1,Fall,1,1,1,Severe,0.10595181815470928,0,Normal,1,Severe
val,8192,882,SA15,SA15:F15_SA15_R01.txt,1,Fall,1,1,1,Severe,0.08456533271481398,0,Normal,1,Severe
val,8193,883,SA15,SA15:F15_SA15_R01.txt,1,Fall,0,0,0,Mild,-0.0050677743540008535,1,Anomalous,-1,Non-applicable
val,8204,884,SA15,SA15:F15_SA15_R02.txt,1,Fall,1,1,1,Severe,0.09458610270550477,0,Normal,1,Severe
val,8205,885,SA15,SA15:F15_SA15_R02.txt,1,Fall,1,1,1,Severe,0.09852894442399607,0,Normal,1,Severe
val,8206,886,SA15,SA15:F15_SA15_R02.txt,1,Fall,1,1,1,Severe,0.08872754913803504,0,Normal,1,Severe
val,8207,887,SA15,SA15:F15_SA15_R02.txt,1,Fall,1,1,1,Severe,0.039196335539573135,0,Normal,1,Severe
val,8220,888,SA15,SA15:F15_SA15_R03.txt,1,Fall,1,1,1,Severe,0.1168216320586859,0,Normal,1,Severe
val,8221,889,SA15,SA15:F15_SA15_R03.txt,1,Fall,1,1,1,Severe,0.11510748899335321,0,Normal,1,Severe
val,8222,890,SA15,SA15:F15_SA15_R03.txt,1,Fall,1,1,1,Severe,0.09547089546373372,0,Normal,1,Severe
val,8223,891,SA15,SA15:F15_SA15_R03.txt,1,Fall,0,0,0,Mild,0.012665347616347855,0,Normal,0,Mild
val,8234,892,SA15,SA15:F15_SA15_R04.txt,1,Fall,1,1,1,Severe,0.08220807553291343,0,Normal,1,Severe
val,8235,893,SA15,SA15:F15_SA15_R04.txt,1,Fall,1,1,1,Severe,0.0886711048176011,0,Normal,1,Severe
val,8236,894,SA15,SA15:F15_SA15_R04.txt,1,Fall,1,1,1,Severe,0.08556112756364465,0,Normal,1,Severe
val,8237,895,SA15,SA15:F15_SA15_R04.txt,1,Fall,1,1,1,Severe,0.06483734548776154,0,Normal,1,Severe
val,8249,896,SA15,SA15:F15_SA15_R05.txt,1,Fall,1,1,1,Severe,0.07925231922115011,0,Normal,1,Severe
val,8250,897,SA15,SA15:F15_SA15_R05.txt,1,Fall,1,1,1,Severe,0.08985953299057359,0,Normal,1,Severe
val,8251,898,SA15,SA15:F15_SA15_R05.txt,1,Fall,1,1,1,Severe,0.09122704724386782,0,Normal,1,Severe
val,8252,899,SA15,SA15:F15_SA15_R05.txt,1,Fall,1,1,1,Severe,0.06966153584047446,0,Normal,1,Severe
val,9893,900,SA18,SA18:F01_SA18_R01.txt,1,Fall,0,0,0,Mild,0.09410738511875738,0,Normal,0,Mild
val,9894,901,SA18,SA18:F01_SA18_R01.txt,1,Fall,0,0,0,Mild,0.10073277559703525,0,Normal,0,Mild
val,9895,902,SA18,SA18:F01_SA18_R01.txt,1,Fall,0,0,0,Mild,0.10038537760461513,0,Normal,0,Mild
val,9896,903,SA18,SA18:F01_SA18_R01.txt,1,Fall,0,0,0,Mild,0.021554610870145208,0,Normal,0,Mild
val,9905,904,SA18,SA18:F01_SA18_R02.txt,1,Fall,0,0,0,Mild,0.09939027551398277,0,Normal,0,Mild
val,9906,905,SA18,SA18:F01_SA18_R02.txt,1,Fall,0,0,0,Mild,0.10653287044663029,0,Normal,0,Mild
val,9907,906,SA18,SA18:F01_SA18_R02.txt,1,Fall,0,0,0,Mild,0.11002689850900094,0,Normal,0,Mild
val,9908,907,SA18,SA18:F01_SA18_R02.txt,1,Fall,0,0,0,Mild,0.09624424336199877,0,Normal,0,Mild
val,9922,908,SA18,SA18:F01_SA18_R03.txt,1,Fall,0,0,0,Mild,0.09030298255213759,0,Normal,0,Mild
val,9923,909,SA18,SA18:F01_SA18_R03.txt,1,Fall,0,0,0,Mild,0.09614355375855299,0,Normal,0,Mild
val,9924,910,SA18,SA18:F01_SA18_R03.txt,1,Fall,0,0,0,Mild,0.10169279654170205,0,Normal,0,Mild
val,9925,911,SA18,SA18:F01_SA18_R03.txt,1,Fall,0,0,0,Mild,0.058960538854629374,0,Normal,0,Mild
val,9936,912,SA18,SA18:F01_SA18_R04.txt,1,Fall,0,0,0,Mild,0.10486240492293913,0,Normal,0,Mild
val,9937,913,SA18,SA18:F01_SA18_R04.txt,1,Fall,0,0,0,Mild,0.11850125429533998,0,Normal,0,Mild
val,9938,914,SA18,SA18:F01_SA18_R04.txt,1,Fall,0,0,0,Mild,0.12002713822843691,0,Normal,0,Mild
val,9939,915,SA18,SA18:F01_SA18_R04.txt,1,Fall,0,0,0,Mild,0.11383308204201148,0,Normal,0,Mild
val,9951,916,SA18,SA18:F01_SA18_R05.txt,1,Fall,0,0,0,Mild,0.07997236440664957,0,Normal,0,Mild
val,9952,917,SA18,SA18:F01_SA18_R05.txt,1,Fall,0,0,0,Mild,0.08411624290729108,0,Normal,0,Mild
val,9953,918,SA18,SA18:F01_SA18_R05.txt,1,Fall,0,0,0,Mild,0.08453873930649458,0,Normal,0,Mild
val,9954,919,SA18,SA18:F01_SA18_R05.txt,1,Fall,0,0,0,Mild,0.05125826463171779,0,Normal,0,Mild
val,9967,920,SA18,SA18:F02_SA18_R01.txt,1,Fall,0,0,0,Mild,0.0742977180740762,0,Normal,0,Mild
val,9968,921,SA18,SA18:F02_SA18_R01.txt,1,Fall,0,0,0,Mild,0.07434192979679022,0,Normal,0,Mild
val,9969,922,SA18,SA18:F02_SA18_R01.txt,1,Fall,0,0,0,Mild,0.07278991408090713,0,Normal,0,Mild
val,9970,923,SA18,SA18:F02_SA18_R01.txt,1,Fall,0,0,0,Mild,0.05784419569434829,0,Normal,0,Mild
val,9982,924,SA18,SA18:F02_SA18_R02.txt,1,Fall,0,0,0,Mild,0.06025820967488499,0,Normal,0,Mild
val,9983,925,SA18,SA18:F02_SA18_R02.txt,1,Fall,0,0,0,Mild,0.09621004503140301,0,Normal,0,Mild
val,9984,926,SA18,SA18:F02_SA18_R02.txt,1,Fall,0,0,0,Mild,0.10260279031686048,0,Normal,0,Mild
val,9985,927,SA18,SA18:F02_SA18_R02.txt,1,Fall,0,0,0,Mild,0.09897630245701688,0,Normal,0,Mild
val,9997,928,SA18,SA18:F02_SA18_R03.txt,1,Fall,0,0,0,Mild,0.06026840831949626,0,Normal,0,Mild
val,9998,929,SA18,SA18:F02_SA18_R03.txt,1,Fall,0,0,0,Mild,0.07997677841625189,0,Normal,0,Mild
val,9999,930,SA18,SA18:F02_SA18_R03.txt,1,Fall,0,0,0,Mild,0.08079779823183442,0,Normal,0,Mild
val,10000,931,SA18,SA18:F02_SA18_R03.txt,1,Fall,0,0,0,Mild,0.07684633985129852,0,Normal,0,Mild
val,10012,932,SA18,SA18:F02_SA18_R04.txt,1,Fall,0,0,0,Mild,0.0675891622086714,0,Normal,0,Mild
val,10013,933,SA18,SA18:F02_SA18_R04.txt,1,Fall,0,0,0,Mild,0.09786973355355943,0,Normal,0,Mild
val,10014,934,SA18,SA18:F02_SA18_R04.txt,1,Fall,0,0,0,Mild,0.09707314104769987,0,Normal,0,Mild
val,10015,935,SA18,SA18:F02_SA18_R04.txt,1,Fall,0,0,0,Mild,0.09045744666132388,0,Normal,0,Mild
val,10027,936,SA18,SA18:F02_SA18_R05.txt,1,Fall,0,0,0,Mild,0.09212676439033729,0,Normal,0,Mild
val,10028,937,SA18,SA18:F02_SA18_R05.txt,1,Fall,0,0,0,Mild,0.10106097769968164,0,Normal,0,Mild
val,10029,938,SA18,SA18:F02_SA18_R05.txt,1,Fall,0,0,0,Mild,0.10147666582455844,0,Normal,0,Mild
val,10030,939,SA18,SA18:F02_SA18_R05.txt,1,Fall,0,0,0,Mild,0.09731855784205262,0,Normal,0,Mild
val,10040,940,SA18,SA18:F03_SA18_R01.txt,1,Fall,1,1,1,Severe,0.10292495426592202,0,Normal,1,Severe
val,10041,941,SA18,SA18:F03_SA18_R01.txt,1,Fall,1,1,1,Severe,0.11347385592845788,0,Normal,1,Severe
val,10042,942,SA18,SA18:F03_SA18_R01.txt,1,Fall,1,1,1,Severe,0.11108737358460413,0,Normal,1,Severe
val,10043,943,SA18,SA18:F03_SA18_R01.txt,1,Fall,1,1,1,Severe,0.0897766963684078,0,Normal,1,Severe
val,10056,944,SA18,SA18:F03_SA18_R02.txt,1,Fall,1,1,1,Severe,0.09222451106816149,0,Normal,1,Severe
val,10057,945,SA18,SA18:F03_SA18_R02.txt,1,Fall,1,1,1,Severe,0.11259698655978806,0,Normal,1,Severe
val,10058,946,SA18,SA18:F03_SA18_R02.txt,1,Fall,1,1,1,Severe,0.11581436212150453,0,Normal,1,Severe
val,10059,947,SA18,SA18:F03_SA18_R02.txt,1,Fall,1,1,1,Severe,0.10577661099339741,0,Normal,1,Severe
val,10071,948,SA18,SA18:F03_SA18_R03.txt,1,Fall,1,1,1,Severe,0.06791908997317031,0,Normal,1,Severe
val,10072,949,SA18,SA18:F03_SA18_R03.txt,1,Fall,1,1,1,Severe,0.07666102537204073,0,Normal,1,Severe
val,10073,950,SA18,SA18:F03_SA18_R03.txt,1,Fall,1,1,1,Severe,0.07415388399599654,0,Normal,1,Severe
val,10074,951,SA18,SA18:F03_SA18_R03.txt,1,Fall,1,1,1,Severe,0.06607606681651795,0,Normal,1,Severe
val,10086,952,SA18,SA18:F03_SA18_R04.txt,1,Fall,1,1,1,Severe,0.06978340096415997,0,Normal,1,Severe
val,10087,953,SA18,SA18:F03_SA18_R04.txt,1,Fall,1,1,1,Severe,0.07879610483039123,0,Normal,1,Severe
val,10088,954,SA18,SA18:F03_SA18_R04.txt,1,Fall,1,1,1,Severe,0.08750480751060641,0,Normal,1,Severe
val,10089,955,SA18,SA18:F03_SA18_R04.txt,1,Fall,1,1,1,Severe,0.08367696733537072,0,Normal,1,Severe
val,10101,956,SA18,SA18:F03_SA18_R05.txt,1,Fall,1,1,1,Severe,0.059742819660653534,0,Normal,1,Severe
val,10102,957,SA18,SA18:F03_SA18_R05.txt,1,Fall,1,1,1,Severe,0.0786524952854295,0,Normal,1,Severe
val,10103,958,SA18,SA18:F03_SA18_R05.txt,1,Fall,1,1,1,Severe,0.08880052391441945,0,Normal,1,Severe
val,10104,959,SA18,SA18:F03_SA18_R05.txt,1,Fall,1,1,1,Severe,0.08170822625804713,0,Normal,1,Severe
val,10116,960,SA18,SA18:F04_SA18_R01.txt,1,Fall,0,0,0,Mild,0.10678550236874529,0,Normal,0,Mild
val,10117,961,SA18,SA18:F04_SA18_R01.txt,1,Fall,0,0,0,Mild,0.12180974515465531,0,Normal,0,Mild
val,10118,962,SA18,SA18:F04_SA18_R01.txt,1,Fall,0,0,0,Mild,0.1249391101521054,0,Normal,0,Mild
val,10119,963,SA18,SA18:F04_SA18_R01.txt,1,Fall,0,0,0,Mild,0.11633238488852204,0,Normal,0,Mild
val,10130,964,SA18,SA18:F04_SA18_R02.txt,1,Fall,0,0,0,Mild,0.08727599439795847,0,Normal,0,Mild
val,10131,965,SA18,SA18:F04_SA18_R02.txt,1,Fall,0,0,0,Mild,0.10144786243218362,0,Normal,0,Mild
val,10132,966,SA18,SA18:F04_SA18_R02.txt,1,Fall,0,0,0,Mild,0.09790211688306583,0,Normal,0,Mild
val,10133,967,SA18,SA18:F04_SA18_R02.txt,1,Fall,0,0,0,Mild,0.08900886594025648,0,Normal,0,Mild
val,10146,968,SA18,SA18:F04_SA18_R03.txt,1,Fall,0,0,0,Mild,0.11210990186299113,0,Normal,0,Mild
val,10147,969,SA18,SA18:F04_SA18_R03.txt,1,Fall,0,0,0,Mild,0.1164553466272975,0,Normal,0,Mild
val,10148,970,SA18,SA18:F04_SA18_R03.txt,1,Fall,0,0,0,Mild,0.11422059619175134,0,Normal,0,Mild
val,10149,971,SA18,SA18:F04_SA18_R03.txt,1,Fall,0,0,0,Mild,0.10667207986765181,0,Normal,0,Mild
val,10161,972,SA18,SA18:F04_SA18_R04.txt,1,Fall,0,0,0,Mild,0.10822095778554386,0,Normal,0,Mild
val,10162,973,SA18,SA18:F04_SA18_R04.txt,1,Fall,0,0,0,Mild,0.11275059621506661,0,Normal,0,Mild
val,10163,974,SA18,SA18:F04_SA18_R04.txt,1,Fall,0,0,0,Mild,0.11145600134824274,0,Normal,0,Mild
val,10164,975,SA18,SA18:F04_SA18_R04.txt,1,Fall,0,0,0,Mild,0.1044419538896697,0,Normal,0,Mild
val,10176,976,SA18,SA18:F04_SA18_R05.txt,1,Fall,0,0,0,Mild,0.10951197305292487,0,Normal,0,Mild
val,10177,977,SA18,SA18:F04_SA18_R05.txt,1,Fall,0,0,0,Mild,0.10574502805808716,0,Normal,0,Mild
val,10178,978,SA18,SA18:F04_SA18_R05.txt,1,Fall,0,0,0,Mild,0.10625453021103776,0,Normal,0,Mild
val,10179,979,SA18,SA18:F04_SA18_R05.txt,1,Fall,0,0,0,Mild,0.0966258456911196,0,Normal,0,Mild
val,10190,980,SA18,SA18:F05_SA18_R01.txt,1,Fall,1,1,1,Severe,0.05461430038310716,0,Normal,1,Severe
val,10191,981,SA18,SA18:F05_SA18_R01.txt,1,Fall,1,1,1,Severe,0.07563770766988448,0,Normal,1,Severe
val,10192,982,SA18,SA18:F05_SA18_R01.txt,1,Fall,0,0,0,Mild,0.08031655910332602,0,Normal,0,Mild
val,10193,983,SA18,SA18:F05_SA18_R01.txt,1,Fall,0,0,0,Mild,0.07738119223559814,0,Normal,0,Mild
val,10205,984,SA18,SA18:F05_SA18_R02.txt,1,Fall,1,1,1,Severe,0.0008642577909672156,0,Normal,1,Severe
val,10206,985,SA18,SA18:F05_SA18_R02.txt,1,Fall,1,1,1,Severe,0.011626422000053482,0,Normal,1,Severe
val,10207,986,SA18,SA18:F05_SA18_R02.txt,1,Fall,1,1,1,Severe,0.0342569729765253,0,Normal,1,Severe
val,10208,987,SA18,SA18:F05_SA18_R02.txt,1,Fall,1,1,1,Severe,0.03879315346981216,0,Normal,1,Severe
val,10221,988,SA18,SA18:F05_SA18_R03.txt,1,Fall,1,1,1,Severe,0.037878006146569776,0,Normal,1,Severe
val,10222,989,SA18,SA18:F05_SA18_R03.txt,1,Fall,1,1,1,Severe,0.05924526313183959,0,Normal,1,Severe
val,10223,990,SA18,SA18:F05_SA18_R03.txt,1,Fall,1,1,1,Severe,0.05790390249270305,0,Normal,1,Severe
val,10224,991,SA18,SA18:F05_SA18_R03.txt,1,Fall,1,1,1,Severe,0.05331031972797956,0,Normal,1,Severe
val,10237,992,SA18,SA18:F05_SA18_R04.txt,1,Fall,1,1,1,Severe,0.008599330104209657,0,Normal,1,Severe
val,10238,993,SA18,SA18:F05_SA18_R04.txt,1,Fall,1,1,1,Severe,0.02098008906164195,0,Normal,1,Severe
val,10239,994,SA18,SA18:F05_SA18_R04.txt,1,Fall,1,1,1,Severe,0.021216688985393195,0,Normal,1,Severe
val,10240,995,SA18,SA18:F05_SA18_R04.txt,1,Fall,1,1,1,Severe,-0.020389776909581547,1,Anomalous,-1,Non-applicable
val,10251,996,SA18,SA18:F05_SA18_R05.txt,1,Fall,1,1,1,Severe,0.02121780198726242,0,Normal,1,Severe
val,10252,997,SA18,SA18:F05_SA18_R05.txt,1,Fall,1,1,1,Severe,0.0402057940953186,0,Normal,1,Severe
val,10253,998,SA18,SA18:F05_SA18_R05.txt,1,Fall,1,1,1,Severe,0.05898300121340638,0,Normal,1,Severe
val,10254,999,SA18,SA18:F05_SA18_R05.txt,1,Fall,1,1,1,Severe,0.05645636114773883,0,Normal,1,Severe
val,10268,1000,SA18,SA18:F06_SA18_R01.txt,1,Fall,1,1,1,Severe,0.10382414153280106,0,Normal,1,Severe
val,10269,1001,SA18,SA18:F06_SA18_R01.txt,1,Fall,1,1,1,Severe,0.112825220623398,0,Normal,1,Severe
val,10270,1002,SA18,SA18:F06_SA18_R01.txt,1,Fall,1,1,1,Severe,0.10797717026685272,0,Normal,1,Severe
val,10271,1003,SA18,SA18:F06_SA18_R01.txt,1,Fall,1,1,1,Severe,0.06942580545625987,0,Normal,1,Severe
val,10282,1004,SA18,SA18:F06_SA18_R02.txt,1,Fall,1,1,1,Severe,0.09465446320277193,0,Normal,1,Severe
val,10283,1005,SA18,SA18:F06_SA18_R02.txt,1,Fall,1,1,1,Severe,0.09965432612739245,0,Normal,1,Severe
val,10284,1006,SA18,SA18:F06_SA18_R02.txt,1,Fall,1,1,1,Severe,0.11536490454398535,0,Normal,1,Severe
val,10285,1007,SA18,SA18:F06_SA18_R02.txt,1,Fall,1,1,1,Severe,0.11202104884022673,0,Normal,1,Severe
val,10298,1008,SA18,SA18:F06_SA18_R03.txt,1,Fall,1,1,1,Severe,0.09564344768318528,0,Normal,1,Severe
val,10299,1009,SA18,SA18:F06_SA18_R03.txt,1,Fall,1,1,1,Severe,0.10837263930772223,0,Normal,1,Severe
val,10300,1010,SA18,SA18:F06_SA18_R03.txt,1,Fall,1,1,1,Severe,0.10815576707493524,0,Normal,1,Severe
val,10301,1011,SA18,SA18:F06_SA18_R03.txt,1,Fall,1,1,1,Severe,0.11361926501565228,0,Normal,1,Severe
val,10312,1012,SA18,SA18:F06_SA18_R04.txt,1,Fall,1,1,1,Severe,0.09990430580007081,0,Normal,1,Severe
val,10313,1013,SA18,SA18:F06_SA18_R04.txt,1,Fall,1,1,1,Severe,0.1172546222210662,0,Normal,1,Severe
val,10314,1014,SA18,SA18:F06_SA18_R04.txt,1,Fall,1,1,1,Severe,0.12388315742063644,0,Normal,1,Severe
val,10315,1015,SA18,SA18:F06_SA18_R04.txt,1,Fall,1,1,1,Severe,0.11489927765972613,0,Normal,1,Severe
val,10329,1016,SA18,SA18:F06_SA18_R05.txt,1,Fall,1,1,1,Severe,0.11152432931428191,0,Normal,1,Severe
val,10330,1017,SA18,SA18:F06_SA18_R05.txt,1,Fall,1,1,1,Severe,0.12271236410856906,0,Normal,1,Severe
val,10331,1018,SA18,SA18:F06_SA18_R05.txt,1,Fall,1,1,1,Severe,0.12169893919423758,0,Normal,1,Severe
val,10332,1019,SA18,SA18:F06_SA18_R05.txt,1,Fall,1,1,1,Severe,0.10532860035652208,0,Normal,1,Severe
val,10343,1020,SA18,SA18:F07_SA18_R01.txt,1,Fall,1,1,1,Severe,0.05064755506798374,0,Normal,1,Severe
val,10344,1021,SA18,SA18:F07_SA18_R01.txt,1,Fall,1,1,1,Severe,0.06121690487715997,0,Normal,1,Severe
val,10345,1022,SA18,SA18:F07_SA18_R01.txt,1,Fall,1,1,1,Severe,0.06503763565833848,0,Normal,1,Severe
val,10346,1023,SA18,SA18:F07_SA18_R01.txt,1,Fall,1,1,1,Severe,0.05777519960286592,0,Normal,1,Severe
val,10357,1024,SA18,SA18:F07_SA18_R02.txt,1,Fall,1,1,1,Severe,0.035302197585316275,0,Normal,1,Severe
val,10358,1025,SA18,SA18:F07_SA18_R02.txt,1,Fall,1,1,1,Severe,0.04599487802607677,0,Normal,1,Severe
val,10359,1026,SA18,SA18:F07_SA18_R02.txt,1,Fall,1,1,1,Severe,0.04622739133861764,0,Normal,1,Severe
val,10360,1027,SA18,SA18:F07_SA18_R02.txt,1,Fall,1,1,1,Severe,0.0391716777137463,0,Normal,1,Severe
val,10373,1028,SA18,SA18:F07_SA18_R03.txt,1,Fall,1,1,1,Severe,0.08128007276707455,0,Normal,1,Severe
val,10374,1029,SA18,SA18:F07_SA18_R03.txt,1,Fall,1,1,1,Severe,0.08884894389111114,0,Normal,1,Severe
val,10375,1030,SA18,SA18:F07_SA18_R03.txt,1,Fall,1,1,1,Severe,0.08417014124378652,0,Normal,1,Severe
val,10376,1031,SA18,SA18:F07_SA18_R03.txt,1,Fall,1,1,1,Severe,0.0675978389727151,0,Normal,1,Severe
val,10388,1032,SA18,SA18:F07_SA18_R04.txt,1,Fall,1,1,1,Severe,0.07175484012208033,0,Normal,1,Severe
val,10389,1033,SA18,SA18:F07_SA18_R04.txt,1,Fall,1,1,1,Severe,0.08027411325792833,0,Normal,1,Severe
val,10390,1034,SA18,SA18:F07_SA18_R04.txt,1,Fall,1,1,1,Severe,0.07335412777535527,0,Normal,1,Severe
val,10391,1035,SA18,SA18:F07_SA18_R04.txt,1,Fall,1,1,1,Severe,0.07660674846883442,0,Normal,1,Severe
val,10401,1036,SA18,SA18:F07_SA18_R05.txt,1,Fall,1,1,1,Severe,0.07385437430519598,0,Normal,1,Severe
val,10402,1037,SA18,SA18:F07_SA18_R05.txt,1,Fall,1,1,1,Severe,0.08660230937754193,0,Normal,1,Severe
val,10403,1038,SA18,SA18:F07_SA18_R05.txt,1,Fall,1,1,1,Severe,0.08882525137235175,0,Normal,1,Severe
val,10404,1039,SA18,SA18:F07_SA18_R05.txt,1,Fall,1,1,1,Severe,0.08254703889360643,0,Normal,1,Severe
val,10417,1040,SA18,SA18:F08_SA18_R01.txt,1,Fall,1,1,1,Severe,0.07114002868131414,0,Normal,1,Severe
val,10418,1041,SA18,SA18:F08_SA18_R01.txt,1,Fall,1,1,1,Severe,0.10578882087071645,0,Normal,1,Severe
val,10419,1042,SA18,SA18:F08_SA18_R01.txt,1,Fall,1,1,1,Severe,0.11821347394587006,0,Normal,1,Severe
val,10420,1043,SA18,SA18:F08_SA18_R01.txt,1,Fall,1,1,1,Severe,0.1112297396810375,0,Normal,1,Severe
val,10431,1044,SA18,SA18:F08_SA18_R02.txt,1,Fall,1,1,1,Severe,0.07171796198340852,0,Normal,1,Severe
val,10432,1045,SA18,SA18:F08_SA18_R02.txt,1,Fall,1,1,1,Severe,0.09519862274298202,0,Normal,1,Severe
val,10433,1046,SA18,SA18:F08_SA18_R02.txt,1,Fall,1,1,1,Severe,0.10817188761163221,0,Normal,1,Severe
val,10434,1047,SA18,SA18:F08_SA18_R02.txt,1,Fall,1,1,1,Severe,0.10767057418553316,0,Normal,1,Severe
val,10446,1048,SA18,SA18:F08_SA18_R03.txt,1,Fall,1,1,1,Severe,0.121803796586125,0,Normal,1,Severe
val,10447,1049,SA18,SA18:F08_SA18_R03.txt,1,Fall,1,1,1,Severe,0.1272835663301426,0,Normal,1,Severe
val,10448,1050,SA18,SA18:F08_SA18_R03.txt,1,Fall,1,1,1,Severe,0.12330552941417627,0,Normal,1,Severe
val,10449,1051,SA18,SA18:F08_SA18_R03.txt,1,Fall,1,1,1,Severe,0.10707869264396075,0,Normal,1,Severe
val,10462,1052,SA18,SA18:F08_SA18_R04.txt,1,Fall,1,1,1,Severe,0.07731035318429924,0,Normal,1,Severe
val,10463,1053,SA18,SA18:F08_SA18_R04.txt,1,Fall,1,1,1,Severe,0.09679651918896964,0,Normal,1,Severe
val,10464,1054,SA18,SA18:F08_SA18_R04.txt,1,Fall,1,1,1,Severe,0.09520989478231656,0,Normal,1,Severe
val,10465,1055,SA18,SA18:F08_SA18_R04.txt,1,Fall,1,1,1,Severe,0.07798221737636107,0,Normal,1,Severe
val,10476,1056,SA18,SA18:F08_SA18_R05.txt,1,Fall,1,1,1,Severe,0.0899075754801626,0,Normal,1,Severe
val,10477,1057,SA18,SA18:F08_SA18_R05.txt,1,Fall,1,1,1,Severe,0.09851040206290673,0,Normal,1,Severe
val,10478,1058,SA18,SA18:F08_SA18_R05.txt,1,Fall,1,1,1,Severe,0.11328300759346632,0,Normal,1,Severe
val,10479,1059,SA18,SA18:F08_SA18_R05.txt,1,Fall,1,1,1,Severe,0.10288219749027122,0,Normal,1,Severe
val,10490,1060,SA18,SA18:F09_SA18_R01.txt,1,Fall,1,1,1,Severe,0.12170638180185539,0,Normal,1,Severe
val,10491,1061,SA18,SA18:F09_SA18_R01.txt,1,Fall,1,1,1,Severe,0.11455955289500791,0,Normal,1,Severe
val,10492,1062,SA18,SA18:F09_SA18_R01.txt,1,Fall,1,1,1,Severe,0.12064770629809823,0,Normal,1,Severe
val,10493,1063,SA18,SA18:F09_SA18_R01.txt,1,Fall,1,1,1,Severe,0.09226604850618275,0,Normal,1,Severe
val,10506,1064,SA18,SA18:F09_SA18_R02.txt,1,Fall,1,1,1,Severe,0.11399979838185897,0,Normal,1,Severe
val,10507,1065,SA18,SA18:F09_SA18_R02.txt,1,Fall,1,1,1,Severe,0.11852703957204919,0,Normal,1,Severe
val,10508,1066,SA18,SA18:F09_SA18_R02.txt,1,Fall,1,1,1,Severe,0.11624136724625467,0,Normal,1,Severe
val,10509,1067,SA18,SA18:F09_SA18_R02.txt,1,Fall,1,1,1,Severe,0.1032907373602917,0,Normal,1,Severe
val,10522,1068,SA18,SA18:F09_SA18_R03.txt,1,Fall,1,1,1,Severe,0.09164200256336347,0,Normal,1,Severe
val,10523,1069,SA18,SA18:F09_SA18_R03.txt,1,Fall,1,1,1,Severe,0.11327439456891669,0,Normal,1,Severe
val,10524,1070,SA18,SA18:F09_SA18_R03.txt,1,Fall,1,1,1,Severe,0.11040425195044812,0,Normal,1,Severe
val,10525,1071,SA18,SA18:F09_SA18_R03.txt,1,Fall,1,1,1,Severe,0.026518737774935075,0,Normal,1,Severe
val,10536,1072,SA18,SA18:F09_SA18_R04.txt,1,Fall,1,1,1,Severe,0.08023334518061837,0,Normal,1,Severe
val,10537,1073,SA18,SA18:F09_SA18_R04.txt,1,Fall,1,1,1,Severe,0.11030555955007726,0,Normal,1,Severe
val,10538,1074,SA18,SA18:F09_SA18_R04.txt,1,Fall,1,1,1,Severe,0.10753863028760119,0,Normal,1,Severe
val,10539,1075,SA18,SA18:F09_SA18_R04.txt,1,Fall,1,1,1,Severe,0.10449745901162383,0,Normal,1,Severe
val,10552,1076,SA18,SA18:F09_SA18_R05.txt,1,Fall,1,1,1,Severe,0.09515752073940248,0,Normal,1,Severe
val,10553,1077,SA18,SA18:F09_SA18_R05.txt,1,Fall,1,1,1,Severe,0.09864979116789752,0,Normal,1,Severe
val,10554,1078,SA18,SA18:F09_SA18_R05.txt,1,Fall,1,1,1,Severe,0.09416590043543538,0,Normal,1,Severe
val,10555,1079,SA18,SA18:F09_SA18_R05.txt,1,Fall,1,1,1,Severe,0.05558307339383345,0,Normal,1,Severe
val,10565,1080,SA18,SA18:F10_SA18_R01.txt,1,Fall,0,0,0,Mild,0.06884955220764266,0,Normal,0,Mild
val,10566,1081,SA18,SA18:F10_SA18_R01.txt,1,Fall,0,0,0,Mild,0.08895579550767457,0,Normal,0,Mild
val,10567,1082,SA18,SA18:F10_SA18_R01.txt,1,Fall,0,0,0,Mild,0.08150155395833608,0,Normal,0,Mild
val,10568,1083,SA18,SA18:F10_SA18_R01.txt,1,Fall,0,0,0,Mild,0.06570813528782588,0,Normal,0,Mild
val,10582,1084,SA18,SA18:F10_SA18_R02.txt,1,Fall,1,1,1,Severe,0.10958923932741926,0,Normal,1,Severe
val,10583,1085,SA18,SA18:F10_SA18_R02.txt,1,Fall,1,1,1,Severe,0.10990946896397596,0,Normal,1,Severe
val,10584,1086,SA18,SA18:F10_SA18_R02.txt,1,Fall,1,1,1,Severe,0.09902710324506814,0,Normal,1,Severe
val,10585,1087,SA18,SA18:F10_SA18_R02.txt,1,Fall,1,1,1,Severe,0.038085380769792954,0,Normal,1,Severe
val,10597,1088,SA18,SA18:F10_SA18_R03.txt,1,Fall,1,1,1,Severe,0.08982525045647549,0,Normal,1,Severe
val,10598,1089,SA18,SA18:F10_SA18_R03.txt,1,Fall,1,1,1,Severe,0.09060556954274318,0,Normal,1,Severe
val,10599,1090,SA18,SA18:F10_SA18_R03.txt,1,Fall,1,1,1,Severe,0.0856589275213066,0,Normal,1,Severe
val,10600,1091,SA18,SA18:F10_SA18_R03.txt,1,Fall,1,1,1,Severe,0.00420879576543709,0,Normal,1,Severe
val,10612,1092,SA18,SA18:F10_SA18_R04.txt,1,Fall,1,1,1,Severe,0.0829508695750556,0,Normal,1,Severe
val,10613,1093,SA18,SA18:F10_SA18_R04.txt,1,Fall,1,1,1,Severe,0.08269508461416575,0,Normal,1,Severe
val,10614,1094,SA18,SA18:F10_SA18_R04.txt,1,Fall,1,1,1,Severe,0.0768639257337862,0,Normal,1,Severe
val,10615,1095,SA18,SA18:F10_SA18_R04.txt,1,Fall,1,1,1,Severe,0.054308485597828915,0,Normal,1,Severe
val,10628,1096,SA18,SA18:F10_SA18_R05.txt,1,Fall,1,1,1,Severe,0.04346302020999809,0,Normal,1,Severe
val,10629,1097,SA18,SA18:F10_SA18_R05.txt,1,Fall,1,1,1,Severe,0.04225258620616801,0,Normal,1,Severe
val,10630,1098,SA18,SA18:F10_SA18_R05.txt,1,Fall,1,1,1,Severe,0.0191467379817849,0,Normal,1,Severe
val,10631,1099,SA18,SA18:F10_SA18_R05.txt,1,Fall,1,1,1,Severe,-0.01625858715647932,1,Anomalous,-1,Non-applicable
val,10639,1100,SA18,SA18:F11_SA18_R01.txt,1,Fall,0,0,0,Mild,0.025309274153899497,0,Normal,0,Mild
val,10640,1101,SA18,SA18:F11_SA18_R01.txt,1,Fall,0,0,0,Mild,0.0359834993521963,0,Normal,0,Mild
val,10641,1102,SA18,SA18:F11_SA18_R01.txt,1,Fall,0,0,0,Mild,0.03297594757980049,0,Normal,0,Mild
val,10642,1103,SA18,SA18:F11_SA18_R01.txt,1,Fall,0,0,0,Mild,0.0316076580644602,0,Normal,0,Mild
val,10655,1104,SA18,SA18:F11_SA18_R02.txt,1,Fall,0,0,0,Mild,-0.03152148928447096,1,Anomalous,-1,Non-applicable
val,10656,1105,SA18,SA18:F11_SA18_R02.txt,1,Fall,0,0,0,Mild,0.028472709626943593,0,Normal,0,Mild
val,10657,1106,SA18,SA18:F11_SA18_R02.txt,1,Fall,0,0,0,Mild,0.02368072312724212,0,Normal,0,Mild
val,10658,1107,SA18,SA18:F11_SA18_R02.txt,1,Fall,0,0,0,Mild,0.015730547775810177,0,Normal,0,Mild
val,10670,1108,SA18,SA18:F11_SA18_R03.txt,1,Fall,0,0,0,Mild,-0.032590714725791003,1,Anomalous,-1,Non-applicable
val,10671,1109,SA18,SA18:F11_SA18_R03.txt,1,Fall,0,0,0,Mild,0.02830332591056528,0,Normal,0,Mild
val,10672,1110,SA18,SA18:F11_SA18_R03.txt,1,Fall,0,0,0,Mild,0.023389658704171867,0,Normal,0,Mild
val,10673,1111,SA18,SA18:F11_SA18_R03.txt,1,Fall,0,0,0,Mild,0.01726318965064899,0,Normal,0,Mild
val,10687,1112,SA18,SA18:F11_SA18_R04.txt,1,Fall,0,0,0,Mild,0.036206809750379154,0,Normal,0,Mild
val,10688,1113,SA18,SA18:F11_SA18_R04.txt,1,Fall,0,0,0,Mild,0.037371148839772717,0,Normal,0,Mild
val,10689,1114,SA18,SA18:F11_SA18_R04.txt,1,Fall,0,0,0,Mild,0.02688869346702738,0,Normal,0,Mild
val,10690,1115,SA18,SA18:F11_SA18_R04.txt,1,Fall,0,0,0,Mild,0.023996758181716205,0,Normal,0,Mild
val,10701,1116,SA18,SA18:F11_SA18_R05.txt,1,Fall,0,0,0,Mild,0.05175421903686117,0,Normal,0,Mild
val,10702,1117,SA18,SA18:F11_SA18_R05.txt,1,Fall,0,0,0,Mild,0.05928963864141745,0,Normal,0,Mild
val,10703,1118,SA18,SA18:F11_SA18_R05.txt,1,Fall,0,0,0,Mild,0.057318030606481385,0,Normal,0,Mild
val,10704,1119,SA18,SA18:F11_SA18_R05.txt,1,Fall,0,0,0,Mild,0.041310305313697615,0,Normal,0,Mild
val,10715,1120,SA18,SA18:F12_SA18_R01.txt,1,Fall,1,1,1,Severe,0.11552872125978803,0,Normal,1,Severe
val,10716,1121,SA18,SA18:F12_SA18_R01.txt,1,Fall,1,1,1,Severe,0.12246639271688486,0,Normal,1,Severe
val,10717,1122,SA18,SA18:F12_SA18_R01.txt,1,Fall,1,1,1,Severe,0.11884405093744543,0,Normal,1,Severe
val,10718,1123,SA18,SA18:F12_SA18_R01.txt,1,Fall,1,1,1,Severe,0.09563635720510999,0,Normal,1,Severe
val,10730,1124,SA18,SA18:F12_SA18_R02.txt,1,Fall,0,0,0,Mild,0.07608268389946676,0,Normal,0,Mild
val,10731,1125,SA18,SA18:F12_SA18_R02.txt,1,Fall,1,1,1,Severe,0.1233418817049976,0,Normal,1,Severe
val,10732,1126,SA18,SA18:F12_SA18_R02.txt,1,Fall,1,1,1,Severe,0.12275644924484691,0,Normal,1,Severe
val,10733,1127,SA18,SA18:F12_SA18_R02.txt,1,Fall,1,1,1,Severe,0.11572328320789499,0,Normal,1,Severe
val,10746,1128,SA18,SA18:F12_SA18_R03.txt,1,Fall,1,1,1,Severe,0.10040457251664298,0,Normal,1,Severe
val,10747,1129,SA18,SA18:F12_SA18_R03.txt,1,Fall,1,1,1,Severe,0.1012825241007132,0,Normal,1,Severe
val,10748,1130,SA18,SA18:F12_SA18_R03.txt,1,Fall,1,1,1,Severe,0.09620203643335767,0,Normal,1,Severe
val,10749,1131,SA18,SA18:F12_SA18_R03.txt,1,Fall,1,1,1,Severe,0.06279746250635143,0,Normal,1,Severe
val,10761,1132,SA18,SA18:F12_SA18_R04.txt,1,Fall,1,1,1,Severe,0.124426414631019,0,Normal,1,Severe
val,10762,1133,SA18,SA18:F12_SA18_R04.txt,1,Fall,1,1,1,Severe,0.1205230343736386,0,Normal,1,Severe
val,10763,1134,SA18,SA18:F12_SA18_R04.txt,1,Fall,1,1,1,Severe,0.11242233258263629,0,Normal,1,Severe
val,10764,1135,SA18,SA18:F12_SA18_R04.txt,1,Fall,1,1,1,Severe,0.04341809520702983,0,Normal,1,Severe
val,10776,1136,SA18,SA18:F12_SA18_R05.txt,1,Fall,1,1,1,Severe,0.12890362963140523,0,Normal,1,Severe
val,10777,1137,SA18,SA18:F12_SA18_R05.txt,1,Fall,1,1,1,Severe,0.12708590911767476,0,Normal,1,Severe
val,10778,1138,SA18,SA18:F12_SA18_R05.txt,1,Fall,1,1,1,Severe,0.11874160321729199,0,Normal,1,Severe
val,10779,1139,SA18,SA18:F12_SA18_R05.txt,1,Fall,1,1,1,Severe,0.08095425443160031,0,Normal,1,Severe
val,10791,1140,SA18,SA18:F13_SA18_R01.txt,1,Fall,1,1,1,Severe,0.11067803649335878,0,Normal,1,Severe
val,10792,1141,SA18,SA18:F13_SA18_R01.txt,1,Fall,1,1,1,Severe,0.10244380119995444,0,Normal,1,Severe
val,10793,1142,SA18,SA18:F13_SA18_R01.txt,1,Fall,1,1,1,Severe,0.0833075585728475,0,Normal,1,Severe
val,10794,1143,SA18,SA18:F13_SA18_R01.txt,1,Fall,1,1,1,Severe,0.015221134747204434,0,Normal,1,Severe
val,10807,1144,SA18,SA18:F13_SA18_R02.txt,1,Fall,1,1,1,Severe,0.1224975583181302,0,Normal,1,Severe
val,10808,1145,SA18,SA18:F13_SA18_R02.txt,1,Fall,1,1,1,Severe,0.10753009033455135,0,Normal,1,Severe
val,10809,1146,SA18,SA18:F13_SA18_R02.txt,1,Fall,1,1,1,Severe,0.09097379825766683,0,Normal,1,Severe
val,10810,1147,SA18,SA18:F13_SA18_R02.txt,1,Fall,1,1,1,Severe,0.026019217643572956,0,Normal,1,Severe
val,10823,1148,SA18,SA18:F13_SA18_R03.txt,1,Fall,1,1,1,Severe,0.08665598322371931,0,Normal,1,Severe
val,10824,1149,SA18,SA18:F13_SA18_R03.txt,1,Fall,1,1,1,Severe,0.08086639015714558,0,Normal,1,Severe
val,10825,1150,SA18,SA18:F13_SA18_R03.txt,1,Fall,1,1,1,Severe,0.06432194502932376,0,Normal,1,Severe
val,10826,1151,SA18,SA18:F13_SA18_R03.txt,1,Fall,1,1,1,Severe,0.033806327729864916,0,Normal,1,Severe
val,10837,1152,SA18,SA18:F13_SA18_R04.txt,1,Fall,1,1,1,Severe,0.09203800544978741,0,Normal,1,Severe
val,10838,1153,SA18,SA18:F13_SA18_R04.txt,1,Fall,1,1,1,Severe,0.08681216730764674,0,Normal,1,Severe
val,10839,1154,SA18,SA18:F13_SA18_R04.txt,1,Fall,1,1,1,Severe,0.06737418817656637,0,Normal,1,Severe
val,10840,1155,SA18,SA18:F13_SA18_R04.txt,1,Fall,1,1,1,Severe,0.05416612577980334,0,Normal,1,Severe
val,10852,1156,SA18,SA18:F13_SA18_R05.txt,1,Fall,1,1,1,Severe,0.10284959242807207,0,Normal,1,Severe
val,10853,1157,SA18,SA18:F13_SA18_R05.txt,1,Fall,1,1,1,Severe,0.09842502555434995,0,Normal,1,Severe
val,10854,1158,SA18,SA18:F13_SA18_R05.txt,1,Fall,1,1,1,Severe,0.08313729644263135,0,Normal,1,Severe
val,10855,1159,SA18,SA18:F13_SA18_R05.txt,1,Fall,1,1,1,Severe,0.000817310600852883,0,Normal,1,Severe
val,10866,1160,SA18,SA18:F14_SA18_R01.txt,1,Fall,0,0,0,Mild,0.08227388215015297,0,Normal,0,Mild
val,10867,1161,SA18,SA18:F14_SA18_R01.txt,1,Fall,0,0,0,Mild,0.10231553249971959,0,Normal,0,Mild
val,10868,1162,SA18,SA18:F14_SA18_R01.txt,1,Fall,0,0,0,Mild,0.09891102732903312,0,Normal,0,Mild
val,10869,1163,SA18,SA18:F14_SA18_R01.txt,1,Fall,0,0,0,Mild,0.08614786076088499,0,Normal,0,Mild
val,10880,1164,SA18,SA18:F14_SA18_R02.txt,1,Fall,0,0,0,Mild,0.09376736537071839,0,Normal,0,Mild
val,10881,1165,SA18,SA18:F14_SA18_R02.txt,1,Fall,0,0,0,Mild,0.09663301124690932,0,Normal,0,Mild
val,10882,1166,SA18,SA18:F14_SA18_R02.txt,1,Fall,0,0,0,Mild,0.08836011228983354,0,Normal,0,Mild
val,10883,1167,SA18,SA18:F14_SA18_R02.txt,1,Fall,0,0,0,Mild,0.07940377131731013,0,Normal,0,Mild
val,10895,1168,SA18,SA18:F14_SA18_R03.txt,1,Fall,0,0,0,Mild,0.07341667550919212,0,Normal,0,Mild
val,10896,1169,SA18,SA18:F14_SA18_R03.txt,1,Fall,0,0,0,Mild,0.07185450680919275,0,Normal,0,Mild
val,10897,1170,SA18,SA18:F14_SA18_R03.txt,1,Fall,0,0,0,Mild,0.06955755438541805,0,Normal,0,Mild
val,10898,1171,SA18,SA18:F14_SA18_R03.txt,1,Fall,0,0,0,Mild,0.030628990917389687,0,Normal,0,Mild
val,10910,1172,SA18,SA18:F14_SA18_R04.txt,1,Fall,0,0,0,Mild,0.09420575186691105,0,Normal,0,Mild
val,10911,1173,SA18,SA18:F14_SA18_R04.txt,1,Fall,0,0,0,Mild,0.09803030610824176,0,Normal,0,Mild
val,10912,1174,SA18,SA18:F14_SA18_R04.txt,1,Fall,0,0,0,Mild,0.09594963521473882,0,Normal,0,Mild
val,10913,1175,SA18,SA18:F14_SA18_R04.txt,1,Fall,0,0,0,Mild,0.07560329117358222,0,Normal,0,Mild
val,10925,1176,SA18,SA18:F14_SA18_R05.txt,1,Fall,0,0,0,Mild,0.08776771620615981,0,Normal,0,Mild
val,10926,1177,SA18,SA18:F14_SA18_R05.txt,1,Fall,0,0,0,Mild,0.08862991849731916,0,Normal,0,Mild
val,10927,1178,SA18,SA18:F14_SA18_R05.txt,1,Fall,0,0,0,Mild,0.08593544662740932,0,Normal,0,Mild
val,10928,1179,SA18,SA18:F14_SA18_R05.txt,1,Fall,0,0,0,Mild,0.0701521561866067,0,Normal,0,Mild
val,10941,1180,SA18,SA18:F15_SA18_R01.txt,1,Fall,1,1,1,Severe,0.09539183960505404,0,Normal,1,Severe
val,10942,1181,SA18,SA18:F15_SA18_R01.txt,1,Fall,1,1,1,Severe,0.10339346228675017,0,Normal,1,Severe
val,10943,1182,SA18,SA18:F15_SA18_R01.txt,1,Fall,1,1,1,Severe,0.09584569588251124,0,Normal,1,Severe
val,10944,1183,SA18,SA18:F15_SA18_R01.txt,1,Fall,1,1,1,Severe,0.05405814834177897,0,Normal,1,Severe
val,10956,1184,SA18,SA18:F15_SA18_R02.txt,1,Fall,1,1,1,Severe,0.1250433670750346,0,Normal,1,Severe
val,10957,1185,SA18,SA18:F15_SA18_R02.txt,1,Fall,1,1,1,Severe,0.1234158674555656,0,Normal,1,Severe
val,10958,1186,SA18,SA18:F15_SA18_R02.txt,1,Fall,1,1,1,Severe,0.10982040562255418,0,Normal,1,Severe
val,10959,1187,SA18,SA18:F15_SA18_R02.txt,1,Fall,1,1,1,Severe,0.07259669469016167,0,Normal,1,Severe
val,10972,1188,SA18,SA18:F15_SA18_R03.txt,1,Fall,1,1,1,Severe,0.1038836176800505,0,Normal,1,Severe
val,10973,1189,SA18,SA18:F15_SA18_R03.txt,1,Fall,1,1,1,Severe,0.10962974332146641,0,Normal,1,Severe
val,10974,1190,SA18,SA18:F15_SA18_R03.txt,1,Fall,1,1,1,Severe,0.10278023495235766,0,Normal,1,Severe
val,10975,1191,SA18,SA18:F15_SA18_R03.txt,1,Fall,1,1,1,Severe,0.07765893574555716,0,Normal,1,Severe
val,10986,1192,SA18,SA18:F15_SA18_R04.txt,1,Fall,1,1,1,Severe,0.0842868666616825,0,Normal,1,Severe
val,10987,1193,SA18,SA18:F15_SA18_R04.txt,1,Fall,1,1,1,Severe,0.09128035060855633,0,Normal,1,Severe
val,10988,1194,SA18,SA18:F15_SA18_R04.txt,1,Fall,1,1,1,Severe,0.09018992690543448,0,Normal,1,Severe
val,10989,1195,SA18,SA18:F15_SA18_R04.txt,1,Fall,1,1,1,Severe,0.05286574490962653,0,Normal,1,Severe
val,11002,1196,SA18,SA18:F15_SA18_R05.txt,1,Fall,1,1,1,Severe,0.10596577421385328,0,Normal,1,Severe
val,11003,1197,SA18,SA18:F15_SA18_R05.txt,1,Fall,1,1,1,Severe,0.11790462486066722,0,Normal,1,Severe
val,11004,1198,SA18,SA18:F15_SA18_R05.txt,1,Fall,1,1,1,Severe,0.11450263258466414,0,Normal,1,Severe
val,11005,1199,SA18,SA18:F15_SA18_R05.txt,1,Fall,1,1,1,Severe,0.09519378030095693,0,Normal,1,Severe
val,12645,1200,SA22,SA22:F01_SA22_R01.txt,1,Fall,1,1,1,Severe,0.10889800902801122,0,Normal,1,Severe
val,12646,1201,SA22,SA22:F01_SA22_R01.txt,1,Fall,1,1,1,Severe,0.10764547239203198,0,Normal,1,Severe
val,12647,1202,SA22,SA22:F01_SA22_R01.txt,1,Fall,1,1,1,Severe,0.11397738452697087,0,Normal,1,Severe
val,12648,1203,SA22,SA22:F01_SA22_R01.txt,1,Fall,0,0,0,Mild,0.11071092229840235,0,Normal,0,Mild
val,12661,1204,SA22,SA22:F01_SA22_R02.txt,1,Fall,1,1,1,Severe,0.06915853910764336,0,Normal,1,Severe
val,12662,1205,SA22,SA22:F01_SA22_R02.txt,1,Fall,1,1,1,Severe,0.07832317935031191,0,Normal,1,Severe
val,12663,1206,SA22,SA22:F01_SA22_R02.txt,1,Fall,1,1,1,Severe,0.07724759001947828,0,Normal,1,Severe
val,12664,1207,SA22,SA22:F01_SA22_R02.txt,1,Fall,1,1,1,Severe,0.050647216133574424,0,Normal,1,Severe
val,12676,1208,SA22,SA22:F01_SA22_R03.txt,1,Fall,1,1,1,Severe,0.08276922821145388,0,Normal,1,Severe
val,12677,1209,SA22,SA22:F01_SA22_R03.txt,1,Fall,1,1,1,Severe,0.09044085128972185,0,Normal,1,Severe
val,12678,1210,SA22,SA22:F01_SA22_R03.txt,1,Fall,1,1,1,Severe,0.09464539792678928,0,Normal,1,Severe
val,12679,1211,SA22,SA22:F01_SA22_R03.txt,1,Fall,1,1,1,Severe,0.06013032410789981,0,Normal,1,Severe
val,12691,1212,SA22,SA22:F01_SA22_R04.txt,1,Fall,0,0,0,Mild,0.11170675974029326,0,Normal,0,Mild
val,12692,1213,SA22,SA22:F01_SA22_R04.txt,1,Fall,0,0,0,Mild,0.1172608977077571,0,Normal,0,Mild
val,12693,1214,SA22,SA22:F01_SA22_R04.txt,1,Fall,0,0,0,Mild,0.11398086497204629,0,Normal,0,Mild
val,12694,1215,SA22,SA22:F01_SA22_R04.txt,1,Fall,0,0,0,Mild,0.06285802026593224,0,Normal,0,Mild
val,12706,1216,SA22,SA22:F01_SA22_R05.txt,1,Fall,0,0,0,Mild,0.106261042459659,0,Normal,0,Mild
val,12707,1217,SA22,SA22:F01_SA22_R05.txt,1,Fall,0,0,0,Mild,0.12162203644516961,0,Normal,0,Mild
val,12708,1218,SA22,SA22:F01_SA22_R05.txt,1,Fall,0,0,0,Mild,0.11879195284264304,0,Normal,0,Mild
val,12709,1219,SA22,SA22:F01_SA22_R05.txt,1,Fall,0,0,0,Mild,0.09770440978714806,0,Normal,0,Mild
val,12722,1220,SA22,SA22:F02_SA22_R01.txt,1,Fall,0,0,0,Mild,0.07476051955043478,0,Normal,0,Mild
val,12723,1221,SA22,SA22:F02_SA22_R01.txt,1,Fall,0,0,0,Mild,0.07972258353846506,0,Normal,0,Mild
val,12724,1222,SA22,SA22:F02_SA22_R01.txt,1,Fall,0,0,0,Mild,0.07199118070400673,0,Normal,0,Mild
val,12725,1223,SA22,SA22:F02_SA22_R01.txt,1,Fall,0,0,0,Mild,0.05116574774960203,0,Normal,0,Mild
val,12736,1224,SA22,SA22:F02_SA22_R02.txt,1,Fall,0,0,0,Mild,0.06675648081397278,0,Normal,0,Mild
val,12737,1225,SA22,SA22:F02_SA22_R02.txt,1,Fall,0,0,0,Mild,0.08312588120142361,0,Normal,0,Mild
val,12738,1226,SA22,SA22:F02_SA22_R02.txt,1,Fall,0,0,0,Mild,0.07968131417574154,0,Normal,0,Mild
val,12739,1227,SA22,SA22:F02_SA22_R02.txt,1,Fall,0,0,0,Mild,0.07161884280636582,0,Normal,0,Mild
val,12751,1228,SA22,SA22:F02_SA22_R03.txt,1,Fall,0,0,0,Mild,0.080983643660199,0,Normal,0,Mild
val,12752,1229,SA22,SA22:F02_SA22_R03.txt,1,Fall,0,0,0,Mild,0.08543322012720489,0,Normal,0,Mild
val,12753,1230,SA22,SA22:F02_SA22_R03.txt,1,Fall,0,0,0,Mild,0.08017414787442656,0,Normal,0,Mild
val,12754,1231,SA22,SA22:F02_SA22_R03.txt,1,Fall,0,0,0,Mild,0.0775457071210367,0,Normal,0,Mild
val,12765,1232,SA22,SA22:F02_SA22_R04.txt,1,Fall,0,0,0,Mild,0.09375275206586964,0,Normal,0,Mild
val,12766,1233,SA22,SA22:F02_SA22_R04.txt,1,Fall,0,0,0,Mild,0.09278707323437757,0,Normal,0,Mild
val,12767,1234,SA22,SA22:F02_SA22_R04.txt,1,Fall,0,0,0,Mild,0.0889853999123208,0,Normal,0,Mild
val,12768,1235,SA22,SA22:F02_SA22_R04.txt,1,Fall,0,0,0,Mild,0.07136193600321211,0,Normal,0,Mild
val,12780,1236,SA22,SA22:F02_SA22_R05.txt,1,Fall,1,1,1,Severe,0.08073645096232013,0,Normal,1,Severe
val,12781,1237,SA22,SA22:F02_SA22_R05.txt,1,Fall,1,1,1,Severe,0.10205825792118262,0,Normal,1,Severe
val,12782,1238,SA22,SA22:F02_SA22_R05.txt,1,Fall,1,1,1,Severe,0.09897551388170472,0,Normal,1,Severe
val,12783,1239,SA22,SA22:F02_SA22_R05.txt,1,Fall,1,1,1,Severe,0.09540315004447036,0,Normal,1,Severe
val,12798,1240,SA22,SA22:F03_SA22_R01.txt,1,Fall,1,1,1,Severe,0.0790716501395563,0,Normal,1,Severe
val,12799,1241,SA22,SA22:F03_SA22_R01.txt,1,Fall,1,1,1,Severe,0.08889691704329966,0,Normal,1,Severe
val,12800,1242,SA22,SA22:F03_SA22_R01.txt,1,Fall,1,1,1,Severe,0.0885783457102734,0,Normal,1,Severe
val,12801,1243,SA22,SA22:F03_SA22_R01.txt,1,Fall,1,1,1,Severe,0.06823336501156468,0,Normal,1,Severe
val,12808,1244,SA22,SA22:F03_SA22_R02.txt,1,Fall,1,1,1,Severe,0.021812455794705587,0,Normal,1,Severe
val,12809,1245,SA22,SA22:F03_SA22_R02.txt,1,Fall,1,1,1,Severe,0.042507614916636016,0,Normal,1,Severe
val,12810,1246,SA22,SA22:F03_SA22_R02.txt,1,Fall,1,1,1,Severe,0.04169957011842923,0,Normal,1,Severe
val,12811,1247,SA22,SA22:F03_SA22_R02.txt,1,Fall,1,1,1,Severe,0.04551995301109424,0,Normal,1,Severe
val,12825,1248,SA22,SA22:F03_SA22_R03.txt,1,Fall,1,1,1,Severe,0.08891657696349797,0,Normal,1,Severe
val,12826,1249,SA22,SA22:F03_SA22_R03.txt,1,Fall,1,1,1,Severe,0.09343444786353128,0,Normal,1,Severe
val,12827,1250,SA22,SA22:F03_SA22_R03.txt,1,Fall,1,1,1,Severe,0.09393586572436396,0,Normal,1,Severe
val,12828,1251,SA22,SA22:F03_SA22_R03.txt,1,Fall,1,1,1,Severe,0.07977918913305915,0,Normal,1,Severe
val,12839,1252,SA22,SA22:F03_SA22_R04.txt,1,Fall,1,1,1,Severe,0.07810761780576042,0,Normal,1,Severe
val,12840,1253,SA22,SA22:F03_SA22_R04.txt,1,Fall,1,1,1,Severe,0.07738273771700088,0,Normal,1,Severe
val,12841,1254,SA22,SA22:F03_SA22_R04.txt,1,Fall,1,1,1,Severe,0.074079211993683,0,Normal,1,Severe
val,12842,1255,SA22,SA22:F03_SA22_R04.txt,1,Fall,1,1,1,Severe,0.05589985381544299,0,Normal,1,Severe
val,12855,1256,SA22,SA22:F03_SA22_R05.txt,1,Fall,1,1,1,Severe,0.06660175344717634,0,Normal,1,Severe
val,12856,1257,SA22,SA22:F03_SA22_R05.txt,1,Fall,1,1,1,Severe,0.07775411260306464,0,Normal,1,Severe
val,12857,1258,SA22,SA22:F03_SA22_R05.txt,1,Fall,1,1,1,Severe,0.0891372825275184,0,Normal,1,Severe
val,12858,1259,SA22,SA22:F03_SA22_R05.txt,1,Fall,1,1,1,Severe,0.07855892867357617,0,Normal,1,Severe
val,12870,1260,SA22,SA22:F04_SA22_R01.txt,1,Fall,1,1,1,Severe,0.03584935238551468,0,Normal,1,Severe
val,12871,1261,SA22,SA22:F04_SA22_R01.txt,1,Fall,1,1,1,Severe,0.0664489606510189,0,Normal,1,Severe
val,12872,1262,SA22,SA22:F04_SA22_R01.txt,1,Fall,1,1,1,Severe,0.07752876947691784,0,Normal,1,Severe
val,12873,1263,SA22,SA22:F04_SA22_R01.txt,1,Fall,1,1,1,Severe,0.07109825997002583,0,Normal,1,Severe
val,12885,1264,SA22,SA22:F04_SA22_R02.txt,1,Fall,1,1,1,Severe,0.0895404520141248,0,Normal,1,Severe
val,12886,1265,SA22,SA22:F04_SA22_R02.txt,1,Fall,1,1,1,Severe,0.10356680440220312,0,Normal,1,Severe
val,12887,1266,SA22,SA22:F04_SA22_R02.txt,1,Fall,1,1,1,Severe,0.1064742252718276,0,Normal,1,Severe
val,12888,1267,SA22,SA22:F04_SA22_R02.txt,1,Fall,1,1,1,Severe,0.10152753096804634,0,Normal,1,Severe
val,12901,1268,SA22,SA22:F04_SA22_R03.txt,1,Fall,0,0,0,Mild,0.10562645433349577,0,Normal,0,Mild
val,12902,1269,SA22,SA22:F04_SA22_R03.txt,1,Fall,0,0,0,Mild,0.1252267372927226,0,Normal,0,Mild
val,12903,1270,SA22,SA22:F04_SA22_R03.txt,1,Fall,0,0,0,Mild,0.12831200821532251,0,Normal,0,Mild
val,12904,1271,SA22,SA22:F04_SA22_R03.txt,1,Fall,0,0,0,Mild,0.10535659957967886,0,Normal,0,Mild
val,12918,1272,SA22,SA22:F04_SA22_R04.txt,1,Fall,1,1,1,Severe,0.0635101798014947,0,Normal,1,Severe
val,12919,1273,SA22,SA22:F04_SA22_R04.txt,1,Fall,1,1,1,Severe,0.07201556610819393,0,Normal,1,Severe
val,12920,1274,SA22,SA22:F04_SA22_R04.txt,1,Fall,1,1,1,Severe,0.07980188697524582,0,Normal,1,Severe
val,12921,1275,SA22,SA22:F04_SA22_R04.txt,1,Fall,1,1,1,Severe,0.07117586587051605,0,Normal,1,Severe
val,12932,1276,SA22,SA22:F04_SA22_R05.txt,1,Fall,0,0,0,Mild,0.08167384027879088,0,Normal,0,Mild
val,12933,1277,SA22,SA22:F04_SA22_R05.txt,1,Fall,0,0,0,Mild,0.11110790973850176,0,Normal,0,Mild
val,12934,1278,SA22,SA22:F04_SA22_R05.txt,1,Fall,0,0,0,Mild,0.1221718038872629,0,Normal,0,Mild
val,12935,1279,SA22,SA22:F04_SA22_R05.txt,1,Fall,0,0,0,Mild,0.10402026269614878,0,Normal,0,Mild
val,12942,1280,SA22,SA22:F05_SA22_R01.txt,1,Fall,1,1,1,Severe,-0.007917492556048233,1,Anomalous,-1,Non-applicable
val,12943,1281,SA22,SA22:F05_SA22_R01.txt,1,Fall,1,1,1,Severe,0.012719675541194353,0,Normal,1,Severe
val,12944,1282,SA22,SA22:F05_SA22_R01.txt,1,Fall,1,1,1,Severe,0.032544329778587566,0,Normal,1,Severe
val,12945,1283,SA22,SA22:F05_SA22_R01.txt,1,Fall,1,1,1,Severe,0.014739947764748518,0,Normal,1,Severe
val,12956,1284,SA22,SA22:F05_SA22_R02.txt,1,Fall,1,1,1,Severe,0.04169083308918614,0,Normal,1,Severe
val,12957,1285,SA22,SA22:F05_SA22_R02.txt,1,Fall,1,1,1,Severe,0.02128951154612513,0,Normal,1,Severe
val,12958,1286,SA22,SA22:F05_SA22_R02.txt,1,Fall,1,1,1,Severe,0.053225272349501584,0,Normal,1,Severe
val,12959,1287,SA22,SA22:F05_SA22_R02.txt,1,Fall,1,1,1,Severe,0.07801290289647728,0,Normal,1,Severe
val,12972,1288,SA22,SA22:F05_SA22_R03.txt,1,Fall,1,1,1,Severe,0.07346376642018632,0,Normal,1,Severe
val,12973,1289,SA22,SA22:F05_SA22_R03.txt,1,Fall,1,1,1,Severe,0.08831395278839321,0,Normal,1,Severe
val,12974,1290,SA22,SA22:F05_SA22_R03.txt,1,Fall,1,1,1,Severe,0.10210410464905106,0,Normal,1,Severe
val,12975,1291,SA22,SA22:F05_SA22_R03.txt,1,Fall,1,1,1,Severe,0.0973479590981366,0,Normal,1,Severe
val,12987,1292,SA22,SA22:F05_SA22_R04.txt,1,Fall,1,1,1,Severe,0.06592203595535284,0,Normal,1,Severe
val,12988,1293,SA22,SA22:F05_SA22_R04.txt,1,Fall,1,1,1,Severe,0.07460968963850428,0,Normal,1,Severe
val,12989,1294,SA22,SA22:F05_SA22_R04.txt,1,Fall,1,1,1,Severe,0.08674625035059558,0,Normal,1,Severe
val,12990,1295,SA22,SA22:F05_SA22_R04.txt,1,Fall,1,1,1,Severe,0.07804773968344808,0,Normal,1,Severe
val,13001,1296,SA22,SA22:F05_SA22_R05.txt,1,Fall,0,0,0,Mild,0.08518837125781598,0,Normal,0,Mild
val,13002,1297,SA22,SA22:F05_SA22_R05.txt,1,Fall,0,0,0,Mild,0.10309949689380937,0,Normal,0,Mild
val,13003,1298,SA22,SA22:F05_SA22_R05.txt,1,Fall,0,0,0,Mild,0.11099215311995958,0,Normal,0,Mild
val,13004,1299,SA22,SA22:F05_SA22_R05.txt,1,Fall,0,0,0,Mild,0.11121667045029082,0,Normal,0,Mild
val,13021,1300,SA22,SA22:F06_SA22_R01.txt,1,Fall,1,1,1,Severe,0.041908524593010865,0,Normal,1,Severe
val,13022,1301,SA22,SA22:F06_SA22_R01.txt,1,Fall,1,1,1,Severe,0.04148371164274839,0,Normal,1,Severe
val,13023,1302,SA22,SA22:F06_SA22_R01.txt,1,Fall,1,1,1,Severe,0.04076895446205925,0,Normal,1,Severe
val,13024,1303,SA22,SA22:F06_SA22_R01.txt,1,Fall,1,1,1,Severe,0.03646472895324959,0,Normal,1,Severe
val,13037,1304,SA22,SA22:F06_SA22_R02.txt,1,Fall,1,1,1,Severe,0.04898346800834835,0,Normal,1,Severe
val,13038,1305,SA22,SA22:F06_SA22_R02.txt,1,Fall,1,1,1,Severe,0.07998237954880599,0,Normal,1,Severe
val,13039,1306,SA22,SA22:F06_SA22_R02.txt,1,Fall,1,1,1,Severe,0.08028940648332272,0,Normal,1,Severe
val,13040,1307,SA22,SA22:F06_SA22_R02.txt,1,Fall,1,1,1,Severe,0.07308417884331131,0,Normal,1,Severe
val,13053,1308,SA22,SA22:F06_SA22_R03.txt,1,Fall,1,1,1,Severe,0.03984314716507181,0,Normal,1,Severe
val,13054,1309,SA22,SA22:F06_SA22_R03.txt,1,Fall,1,1,1,Severe,0.04401617899929605,0,Normal,1,Severe
val,13055,1310,SA22,SA22:F06_SA22_R03.txt,1,Fall,1,1,1,Severe,0.052017327775688404,0,Normal,1,Severe
val,13056,1311,SA22,SA22:F06_SA22_R03.txt,1,Fall,1,1,1,Severe,0.059895763370341804,0,Normal,1,Severe
val,13066,1312,SA22,SA22:F06_SA22_R04.txt,1,Fall,1,1,1,Severe,0.06098932033558291,0,Normal,1,Severe
val,13067,1313,SA22,SA22:F06_SA22_R04.txt,1,Fall,1,1,1,Severe,0.08701679023709952,0,Normal,1,Severe
val,13068,1314,SA22,SA22:F06_SA22_R04.txt,1,Fall,1,1,1,Severe,0.09423476533828817,0,Normal,1,Severe
val,13069,1315,SA22,SA22:F06_SA22_R04.txt,1,Fall,1,1,1,Severe,0.08840901342062313,0,Normal,1,Severe
val,13083,1316,SA22,SA22:F06_SA22_R05.txt,1,Fall,1,1,1,Severe,-0.006141216180672537,1,Anomalous,-1,Non-applicable
val,13084,1317,SA22,SA22:F06_SA22_R05.txt,1,Fall,1,1,1,Severe,-0.0033922127211435393,1,Anomalous,-1,Non-applicable
val,13085,1318,SA22,SA22:F06_SA22_R05.txt,1,Fall,1,1,1,Severe,-0.0016329552675301562,1,Anomalous,-1,Non-applicable
val,13086,1319,SA22,SA22:F06_SA22_R05.txt,1,Fall,1,1,1,Severe,-0.004050736352173456,1,Anomalous,-1,Non-applicable
val,13096,1320,SA22,SA22:F07_SA22_R01.txt,1,Fall,1,1,1,Severe,0.05507548865905387,0,Normal,1,Severe
val,13097,1321,SA22,SA22:F07_SA22_R01.txt,1,Fall,1,1,1,Severe,0.06941416335466122,0,Normal,1,Severe
val,13098,1322,SA22,SA22:F07_SA22_R01.txt,1,Fall,1,1,1,Severe,0.059033216578565084,0,Normal,1,Severe
val,13099,1323,SA22,SA22:F07_SA22_R01.txt,1,Fall,1,1,1,Severe,0.05048223403909763,0,Normal,1,Severe
val,13109,1324,SA22,SA22:F07_SA22_R02.txt,1,Fall,1,1,1,Severe,0.06572789020110081,0,Normal,1,Severe
val,13110,1325,SA22,SA22:F07_SA22_R02.txt,1,Fall,1,1,1,Severe,0.07710383779698732,0,Normal,1,Severe
val,13111,1326,SA22,SA22:F07_SA22_R02.txt,1,Fall,1,1,1,Severe,0.07384355356161831,0,Normal,1,Severe
val,13112,1327,SA22,SA22:F07_SA22_R02.txt,1,Fall,1,1,1,Severe,0.06683518474168254,0,Normal,1,Severe
val,13126,1328,SA22,SA22:F07_SA22_R03.txt,1,Fall,1,1,1,Severe,0.06746631697176925,0,Normal,1,Severe
val,13127,1329,SA22,SA22:F07_SA22_R03.txt,1,Fall,1,1,1,Severe,0.0683558444751367,0,Normal,1,Severe
val,13128,1330,SA22,SA22:F07_SA22_R03.txt,1,Fall,1,1,1,Severe,0.07701757282052946,0,Normal,1,Severe
val,13129,1331,SA22,SA22:F07_SA22_R03.txt,1,Fall,1,1,1,Severe,0.0744538343700189,0,Normal,1,Severe
val,13141,1332,SA22,SA22:F07_SA22_R04.txt,1,Fall,1,1,1,Severe,0.06635190175022715,0,Normal,1,Severe
val,13142,1333,SA22,SA22:F07_SA22_R04.txt,1,Fall,1,1,1,Severe,0.07399568893208225,0,Normal,1,Severe
val,13143,1334,SA22,SA22:F07_SA22_R04.txt,1,Fall,1,1,1,Severe,0.07101798322105629,0,Normal,1,Severe
val,13144,1335,SA22,SA22:F07_SA22_R04.txt,1,Fall,1,1,1,Severe,0.06160839338875318,0,Normal,1,Severe
val,13156,1336,SA22,SA22:F07_SA22_R05.txt,1,Fall,1,1,1,Severe,0.09171881947748939,0,Normal,1,Severe
val,13157,1337,SA22,SA22:F07_SA22_R05.txt,1,Fall,0,0,0,Mild,0.10629036292058142,0,Normal,0,Mild
val,13158,1338,SA22,SA22:F07_SA22_R05.txt,1,Fall,0,0,0,Mild,0.09455050147728006,0,Normal,0,Mild
val,13159,1339,SA22,SA22:F07_SA22_R05.txt,1,Fall,0,0,0,Mild,0.0768714611524074,0,Normal,0,Mild
val,13172,1340,SA22,SA22:F08_SA22_R01.txt,1,Fall,1,1,1,Severe,0.10710442929865144,0,Normal,1,Severe
val,13173,1341,SA22,SA22:F08_SA22_R01.txt,1,Fall,1,1,1,Severe,0.10662860770187738,0,Normal,1,Severe
val,13174,1342,SA22,SA22:F08_SA22_R01.txt,1,Fall,1,1,1,Severe,0.10687862973529189,0,Normal,1,Severe
val,13175,1343,SA22,SA22:F08_SA22_R01.txt,1,Fall,1,1,1,Severe,0.0827317787796577,0,Normal,1,Severe
val,13185,1344,SA22,SA22:F08_SA22_R02.txt,1,Fall,1,1,1,Severe,0.08964370177158237,0,Normal,1,Severe
val,13186,1345,SA22,SA22:F08_SA22_R02.txt,1,Fall,1,1,1,Severe,0.11089123566885478,0,Normal,1,Severe
val,13187,1346,SA22,SA22:F08_SA22_R02.txt,1,Fall,1,1,1,Severe,0.11002887333935008,0,Normal,1,Severe
val,13188,1347,SA22,SA22:F08_SA22_R02.txt,1,Fall,1,1,1,Severe,0.10376851871552062,0,Normal,1,Severe
val,13200,1348,SA22,SA22:F08_SA22_R03.txt,1,Fall,1,1,1,Severe,0.104111447322082,0,Normal,1,Severe
val,13201,1349,SA22,SA22:F08_SA22_R03.txt,1,Fall,1,1,1,Severe,0.10481577281609916,0,Normal,1,Severe
val,13202,1350,SA22,SA22:F08_SA22_R03.txt,1,Fall,1,1,1,Severe,0.09010565571579665,0,Normal,1,Severe
val,13203,1351,SA22,SA22:F08_SA22_R03.txt,1,Fall,1,1,1,Severe,0.03488166956159017,0,Normal,1,Severe
val,13214,1352,SA22,SA22:F08_SA22_R04.txt,1,Fall,1,1,1,Severe,0.08661426218875051,0,Normal,1,Severe
val,13215,1353,SA22,SA22:F08_SA22_R04.txt,1,Fall,1,1,1,Severe,0.10579042767125518,0,Normal,1,Severe
val,13216,1354,SA22,SA22:F08_SA22_R04.txt,1,Fall,1,1,1,Severe,0.10630796330069325,0,Normal,1,Severe
val,13217,1355,SA22,SA22:F08_SA22_R04.txt,1,Fall,1,1,1,Severe,0.08107969945050753,0,Normal,1,Severe
val,13229,1356,SA22,SA22:F08_SA22_R05.txt,1,Fall,1,1,1,Severe,0.08128894932966613,0,Normal,1,Severe
val,13230,1357,SA22,SA22:F08_SA22_R05.txt,1,Fall,1,1,1,Severe,0.09755908648953027,0,Normal,1,Severe
val,13231,1358,SA22,SA22:F08_SA22_R05.txt,1,Fall,1,1,1,Severe,0.08590039955384404,0,Normal,1,Severe
val,13232,1359,SA22,SA22:F08_SA22_R05.txt,1,Fall,1,1,1,Severe,0.06085605238494585,0,Normal,1,Severe
val,13244,1360,SA22,SA22:F09_SA22_R01.txt,1,Fall,1,1,1,Severe,0.11415948087271532,0,Normal,1,Severe
val,13245,1361,SA22,SA22:F09_SA22_R01.txt,1,Fall,1,1,1,Severe,0.11420761468632146,0,Normal,1,Severe
val,13246,1362,SA22,SA22:F09_SA22_R01.txt,1,Fall,1,1,1,Severe,0.1044751012804615,0,Normal,1,Severe
val,13247,1363,SA22,SA22:F09_SA22_R01.txt,1,Fall,1,1,1,Severe,0.04054469311850789,0,Normal,1,Severe
val,13259,1364,SA22,SA22:F09_SA22_R02.txt,1,Fall,1,1,1,Severe,0.07808575683204738,0,Normal,1,Severe
val,13260,1365,SA22,SA22:F09_SA22_R02.txt,1,Fall,1,1,1,Severe,0.1024054422699851,0,Normal,1,Severe
val,13261,1366,SA22,SA22:F09_SA22_R02.txt,1,Fall,1,1,1,Severe,0.09843619774077506,0,Normal,1,Severe
val,13262,1367,SA22,SA22:F09_SA22_R02.txt,1,Fall,1,1,1,Severe,0.0824756787927664,0,Normal,1,Severe
val,13274,1368,SA22,SA22:F09_SA22_R03.txt,1,Fall,1,1,1,Severe,0.0820483066735665,0,Normal,1,Severe
val,13275,1369,SA22,SA22:F09_SA22_R03.txt,1,Fall,1,1,1,Severe,0.0920871159077789,0,Normal,1,Severe
val,13276,1370,SA22,SA22:F09_SA22_R03.txt,1,Fall,1,1,1,Severe,0.09078905870126674,0,Normal,1,Severe
val,13277,1371,SA22,SA22:F09_SA22_R03.txt,1,Fall,1,1,1,Severe,0.0416149732482497,0,Normal,1,Severe
val,13287,1372,SA22,SA22:F09_SA22_R04.txt,1,Fall,1,1,1,Severe,0.056581227302863246,0,Normal,1,Severe
val,13288,1373,SA22,SA22:F09_SA22_R04.txt,1,Fall,1,1,1,Severe,0.08038000556543734,0,Normal,1,Severe
val,13289,1374,SA22,SA22:F09_SA22_R04.txt,1,Fall,1,1,1,Severe,0.07566447445303148,0,Normal,1,Severe
val,13290,1375,SA22,SA22:F09_SA22_R04.txt,1,Fall,1,1,1,Severe,0.05902372997087835,0,Normal,1,Severe
val,13304,1376,SA22,SA22:F09_SA22_R05.txt,1,Fall,1,1,1,Severe,0.07291997029637315,0,Normal,1,Severe
val,13305,1377,SA22,SA22:F09_SA22_R05.txt,1,Fall,1,1,1,Severe,0.11783181780267743,0,Normal,1,Severe
val,13306,1378,SA22,SA22:F09_SA22_R05.txt,1,Fall,1,1,1,Severe,0.11708610355856258,0,Normal,1,Severe
val,13307,1379,SA22,SA22:F09_SA22_R05.txt,1,Fall,1,1,1,Severe,0.11131934347059802,0,Normal,1,Severe
val,13320,1380,SA22,SA22:F10_SA22_R01.txt,1,Fall,0,0,0,Mild,0.09866821873556975,0,Normal,0,Mild
val,13321,1381,SA22,SA22:F10_SA22_R01.txt,1,Fall,1,1,1,Severe,0.12934862564874694,0,Normal,1,Severe
val,13322,1382,SA22,SA22:F10_SA22_R01.txt,1,Fall,1,1,1,Severe,0.13439826621295564,0,Normal,1,Severe
val,13323,1383,SA22,SA22:F10_SA22_R01.txt,1,Fall,1,1,1,Severe,0.11563067351868844,0,Normal,1,Severe
val,13334,1384,SA22,SA22:F10_SA22_R02.txt,1,Fall,1,1,1,Severe,0.052275151073565285,0,Normal,1,Severe
val,13335,1385,SA22,SA22:F10_SA22_R02.txt,1,Fall,1,1,1,Severe,0.06144384414298926,0,Normal,1,Severe
val,13336,1386,SA22,SA22:F10_SA22_R02.txt,1,Fall,1,1,1,Severe,0.06253011563694227,0,Normal,1,Severe
val,13337,1387,SA22,SA22:F10_SA22_R02.txt,1,Fall,1,1,1,Severe,0.04690091491373555,0,Normal,1,Severe
val,13349,1388,SA22,SA22:F10_SA22_R03.txt,1,Fall,0,0,0,Mild,0.06280323405537741,0,Normal,0,Mild
val,13350,1389,SA22,SA22:F10_SA22_R03.txt,1,Fall,0,0,0,Mild,0.10607535751421404,0,Normal,0,Mild
val,13351,1390,SA22,SA22:F10_SA22_R03.txt,1,Fall,0,0,0,Mild,0.10644032846303558,0,Normal,0,Mild
val,13352,1391,SA22,SA22:F10_SA22_R03.txt,1,Fall,0,0,0,Mild,0.09096585637703725,0,Normal,0,Mild
val,13365,1392,SA22,SA22:F10_SA22_R04.txt,1,Fall,1,1,1,Severe,0.12811058819664833,0,Normal,1,Severe
val,13366,1393,SA22,SA22:F10_SA22_R04.txt,1,Fall,1,1,1,Severe,0.12985353247881676,0,Normal,1,Severe
val,13367,1394,SA22,SA22:F10_SA22_R04.txt,1,Fall,1,1,1,Severe,0.12144242652147724,0,Normal,1,Severe
val,13368,1395,SA22,SA22:F10_SA22_R04.txt,1,Fall,1,1,1,Severe,0.09971156324453712,0,Normal,1,Severe
val,13381,1396,SA22,SA22:F10_SA22_R05.txt,1,Fall,1,1,1,Severe,0.0981814806281307,0,Normal,1,Severe
val,13382,1397,SA22,SA22:F10_SA22_R05.txt,1,Fall,1,1,1,Severe,0.09889623602435071,0,Normal,1,Severe
val,13383,1398,SA22,SA22:F10_SA22_R05.txt,1,Fall,1,1,1,Severe,0.08130136052698156,0,Normal,1,Severe
val,13384,1399,SA22,SA22:F10_SA22_R05.txt,1,Fall,1,1,1,Severe,0.05815537866879317,0,Normal,1,Severe
val,13395,1400,SA22,SA22:F11_SA22_R01.txt,1,Fall,0,0,0,Mild,0.08715937599692208,0,Normal,0,Mild
val,13396,1401,SA22,SA22:F11_SA22_R01.txt,1,Fall,0,0,0,Mild,0.09422335331586856,0,Normal,0,Mild
val,13397,1402,SA22,SA22:F11_SA22_R01.txt,1,Fall,0,0,0,Mild,0.0825875287982033,0,Normal,0,Mild
val,13398,1403,SA22,SA22:F11_SA22_R01.txt,1,Fall,0,0,0,Mild,0.05751054782257592,0,Normal,0,Mild
val,13410,1404,SA22,SA22:F11_SA22_R02.txt,1,Fall,0,0,0,Mild,0.08648758199957424,0,Normal,0,Mild
val,13411,1405,SA22,SA22:F11_SA22_R02.txt,1,Fall,0,0,0,Mild,0.08966610229441313,0,Normal,0,Mild
val,13412,1406,SA22,SA22:F11_SA22_R02.txt,1,Fall,0,0,0,Mild,0.08670187514741479,0,Normal,0,Mild
val,13413,1407,SA22,SA22:F11_SA22_R02.txt,1,Fall,0,0,0,Mild,0.06277541149241128,0,Normal,0,Mild
val,13426,1408,SA22,SA22:F11_SA22_R03.txt,1,Fall,1,1,1,Severe,0.08172479423791457,0,Normal,1,Severe
val,13427,1409,SA22,SA22:F11_SA22_R03.txt,1,Fall,1,1,1,Severe,0.0937710617897003,0,Normal,1,Severe
val,13428,1410,SA22,SA22:F11_SA22_R03.txt,1,Fall,1,1,1,Severe,0.09135156909621606,0,Normal,1,Severe
val,13429,1411,SA22,SA22:F11_SA22_R03.txt,1,Fall,1,1,1,Severe,0.07799447692079536,0,Normal,1,Severe
val,13439,1412,SA22,SA22:F11_SA22_R04.txt,1,Fall,0,0,0,Mild,0.06601120041961123,0,Normal,0,Mild
val,13440,1413,SA22,SA22:F11_SA22_R04.txt,1,Fall,0,0,0,Mild,0.06757787414833571,0,Normal,0,Mild
val,13441,1414,SA22,SA22:F11_SA22_R04.txt,1,Fall,0,0,0,Mild,0.05849805917008827,0,Normal,0,Mild
val,13442,1415,SA22,SA22:F11_SA22_R04.txt,1,Fall,0,0,0,Mild,0.05073509756340028,0,Normal,0,Mild
val,13455,1416,SA22,SA22:F11_SA22_R05.txt,1,Fall,0,0,0,Mild,0.06575098328813933,0,Normal,0,Mild
val,13456,1417,SA22,SA22:F11_SA22_R05.txt,1,Fall,0,0,0,Mild,0.06506434463729355,0,Normal,0,Mild
val,13457,1418,SA22,SA22:F11_SA22_R05.txt,1,Fall,0,0,0,Mild,0.061932199954332245,0,Normal,0,Mild
val,13458,1419,SA22,SA22:F11_SA22_R05.txt,1,Fall,0,0,0,Mild,0.05058099819186873,0,Normal,0,Mild
val,13468,1420,SA22,SA22:F12_SA22_R01.txt,1,Fall,1,1,1,Severe,0.10944455614559656,0,Normal,1,Severe
val,13469,1421,SA22,SA22:F12_SA22_R01.txt,1,Fall,1,1,1,Severe,0.1220008888665442,0,Normal,1,Severe
val,13470,1422,SA22,SA22:F12_SA22_R01.txt,1,Fall,1,1,1,Severe,0.12305706198010108,0,Normal,1,Severe
val,13471,1423,SA22,SA22:F12_SA22_R01.txt,1,Fall,1,1,1,Severe,0.11063907552679036,0,Normal,1,Severe
val,13485,1424,SA22,SA22:F12_SA22_R02.txt,1,Fall,1,1,1,Severe,0.13368587312938968,0,Normal,1,Severe
val,13486,1425,SA22,SA22:F12_SA22_R02.txt,1,Fall,1,1,1,Severe,0.13311946417917486,0,Normal,1,Severe
val,13487,1426,SA22,SA22:F12_SA22_R02.txt,1,Fall,1,1,1,Severe,0.12803005365699272,0,Normal,1,Severe
val,13488,1427,SA22,SA22:F12_SA22_R02.txt,1,Fall,1,1,1,Severe,0.10095469419387659,0,Normal,1,Severe
val,13500,1428,SA22,SA22:F12_SA22_R03.txt,1,Fall,1,1,1,Severe,0.09005612890295978,0,Normal,1,Severe
val,13501,1429,SA22,SA22:F12_SA22_R03.txt,1,Fall,1,1,1,Severe,0.1299415335116056,0,Normal,1,Severe
val,13502,1430,SA22,SA22:F12_SA22_R03.txt,1,Fall,1,1,1,Severe,0.13154071243215215,0,Normal,1,Severe
val,13503,1431,SA22,SA22:F12_SA22_R03.txt,1,Fall,1,1,1,Severe,0.12406181886648321,0,Normal,1,Severe
val,13515,1432,SA22,SA22:F12_SA22_R04.txt,1,Fall,1,1,1,Severe,0.10667682003538786,0,Normal,1,Severe
val,13516,1433,SA22,SA22:F12_SA22_R04.txt,1,Fall,1,1,1,Severe,0.10427328115867385,0,Normal,1,Severe
val,13517,1434,SA22,SA22:F12_SA22_R04.txt,1,Fall,1,1,1,Severe,0.08583020832127014,0,Normal,1,Severe
val,13518,1435,SA22,SA22:F12_SA22_R04.txt,1,Fall,1,1,1,Severe,0.05893765773495391,0,Normal,1,Severe
val,13531,1436,SA22,SA22:F12_SA22_R05.txt,1,Fall,1,1,1,Severe,0.06124397589543107,0,Normal,1,Severe
val,13532,1437,SA22,SA22:F12_SA22_R05.txt,1,Fall,1,1,1,Severe,0.10559446115148297,0,Normal,1,Severe
val,13533,1438,SA22,SA22:F12_SA22_R05.txt,1,Fall,1,1,1,Severe,0.10269979418244796,0,Normal,1,Severe
val,13534,1439,SA22,SA22:F12_SA22_R05.txt,1,Fall,1,1,1,Severe,0.08756524437772634,0,Normal,1,Severe
val,13545,1440,SA22,SA22:F13_SA22_R01.txt,1,Fall,1,1,1,Severe,0.10428764156302983,0,Normal,1,Severe
val,13546,1441,SA22,SA22:F13_SA22_R01.txt,1,Fall,1,1,1,Severe,0.1016455566350315,0,Normal,1,Severe
val,13547,1442,SA22,SA22:F13_SA22_R01.txt,1,Fall,1,1,1,Severe,0.08292416742766484,0,Normal,1,Severe
val,13548,1443,SA22,SA22:F13_SA22_R01.txt,1,Fall,1,1,1,Severe,0.017225463103303196,0,Normal,1,Severe
val,13560,1444,SA22,SA22:F13_SA22_R02.txt,1,Fall,0,0,0,Mild,0.08835767957114715,0,Normal,0,Mild
val,13561,1445,SA22,SA22:F13_SA22_R02.txt,1,Fall,0,0,0,Mild,0.09307272722130644,0,Normal,0,Mild
val,13562,1446,SA22,SA22:F13_SA22_R02.txt,1,Fall,1,1,1,Severe,0.09396087162109057,0,Normal,1,Severe
val,13563,1447,SA22,SA22:F13_SA22_R02.txt,1,Fall,1,1,1,Severe,0.07477105032768883,0,Normal,1,Severe
val,13577,1448,SA22,SA22:F13_SA22_R03.txt,1,Fall,1,1,1,Severe,0.09790409912349762,0,Normal,1,Severe
val,13578,1449,SA22,SA22:F13_SA22_R03.txt,1,Fall,1,1,1,Severe,0.09697572554256051,0,Normal,1,Severe
val,13579,1450,SA22,SA22:F13_SA22_R03.txt,1,Fall,1,1,1,Severe,0.09637972220020224,0,Normal,1,Severe
val,13580,1451,SA22,SA22:F13_SA22_R03.txt,1,Fall,1,1,1,Severe,0.06529547721301288,0,Normal,1,Severe
val,13591,1452,SA22,SA22:F13_SA22_R04.txt,1,Fall,0,0,0,Mild,0.10506196534073503,0,Normal,0,Mild
val,13592,1453,SA22,SA22:F13_SA22_R04.txt,1,Fall,1,1,1,Severe,0.10127587975143004,0,Normal,1,Severe
val,13593,1454,SA22,SA22:F13_SA22_R04.txt,1,Fall,1,1,1,Severe,0.0937792387865774,0,Normal,1,Severe
val,13594,1455,SA22,SA22:F13_SA22_R04.txt,1,Fall,1,1,1,Severe,0.010519338554575763,0,Normal,1,Severe
val,13605,1456,SA22,SA22:F13_SA22_R05.txt,1,Fall,1,1,1,Severe,0.0941013921704732,0,Normal,1,Severe
val,13606,1457,SA22,SA22:F13_SA22_R05.txt,1,Fall,1,1,1,Severe,0.10077684996824554,0,Normal,1,Severe
val,13607,1458,SA22,SA22:F13_SA22_R05.txt,1,Fall,1,1,1,Severe,0.10169735266568392,0,Normal,1,Severe
val,13608,1459,SA22,SA22:F13_SA22_R05.txt,1,Fall,1,1,1,Severe,0.07471897331899807,0,Normal,1,Severe
val,13624,1460,SA22,SA22:F14_SA22_R01.txt,1,Fall,0,0,0,Mild,0.07585698251065193,0,Normal,0,Mild
val,13625,1461,SA22,SA22:F14_SA22_R01.txt,1,Fall,0,0,0,Mild,0.07488370418111479,0,Normal,0,Mild
val,13626,1462,SA22,SA22:F14_SA22_R01.txt,1,Fall,0,0,0,Mild,0.06978012107328713,0,Normal,0,Mild
val,13627,1463,SA22,SA22:F14_SA22_R01.txt,1,Fall,0,0,0,Mild,0.037371638489740566,0,Normal,0,Mild
val,13635,1464,SA22,SA22:F14_SA22_R02.txt,1,Fall,0,0,0,Mild,0.0424806526537716,0,Normal,0,Mild
val,13636,1465,SA22,SA22:F14_SA22_R02.txt,1,Fall,0,0,0,Mild,0.05203926059970182,0,Normal,0,Mild
val,13637,1466,SA22,SA22:F14_SA22_R02.txt,1,Fall,0,0,0,Mild,0.0647964642034477,0,Normal,0,Mild
val,13638,1467,SA22,SA22:F14_SA22_R02.txt,1,Fall,0,0,0,Mild,0.04936258349945072,0,Normal,0,Mild
val,13652,1468,SA22,SA22:F14_SA22_R03.txt,1,Fall,0,0,0,Mild,0.06847593465292562,0,Normal,0,Mild
val,13653,1469,SA22,SA22:F14_SA22_R03.txt,1,Fall,0,0,0,Mild,0.07133130262519716,0,Normal,0,Mild
val,13654,1470,SA22,SA22:F14_SA22_R03.txt,1,Fall,0,0,0,Mild,0.058267379006529674,0,Normal,0,Mild
val,13655,1471,SA22,SA22:F14_SA22_R03.txt,1,Fall,0,0,0,Mild,0.028471267004939516,0,Normal,0,Mild
val,13668,1472,SA22,SA22:F14_SA22_R04.txt,1,Fall,0,0,0,Mild,0.07599697927530275,0,Normal,0,Mild
val,13669,1473,SA22,SA22:F14_SA22_R04.txt,1,Fall,0,0,0,Mild,0.08174294939346105,0,Normal,0,Mild
val,13670,1474,SA22,SA22:F14_SA22_R04.txt,1,Fall,0,0,0,Mild,0.07104355557600539,0,Normal,0,Mild
val,13671,1475,SA22,SA22:F14_SA22_R04.txt,1,Fall,0,0,0,Mild,0.038015101452908096,0,Normal,0,Mild
val,13679,1476,SA22,SA22:F14_SA22_R05.txt,1,Fall,0,0,0,Mild,0.07106039837310518,0,Normal,0,Mild
val,13680,1477,SA22,SA22:F14_SA22_R05.txt,1,Fall,0,0,0,Mild,0.07420505501794156,0,Normal,0,Mild
val,13681,1478,SA22,SA22:F14_SA22_R05.txt,1,Fall,0,0,0,Mild,0.0633889891356808,0,Normal,0,Mild
val,13682,1479,SA22,SA22:F14_SA22_R05.txt,1,Fall,0,0,0,Mild,0.026398832350457035,0,Normal,0,Mild
val,13694,1480,SA22,SA22:F15_SA22_R01.txt,1,Fall,1,1,1,Severe,0.08108740685231358,0,Normal,1,Severe
val,13695,1481,SA22,SA22:F15_SA22_R01.txt,1,Fall,1,1,1,Severe,0.11221942871124302,0,Normal,1,Severe
val,13696,1482,SA22,SA22:F15_SA22_R01.txt,1,Fall,1,1,1,Severe,0.11983399693860575,0,Normal,1,Severe
val,13697,1483,SA22,SA22:F15_SA22_R01.txt,1,Fall,1,1,1,Severe,0.10165744870343946,0,Normal,1,Severe
val,13708,1484,SA22,SA22:F15_SA22_R02.txt,1,Fall,1,1,1,Severe,0.11184893593380052,0,Normal,1,Severe
val,13709,1485,SA22,SA22:F15_SA22_R02.txt,1,Fall,1,1,1,Severe,0.11952643185168815,0,Normal,1,Severe
val,13710,1486,SA22,SA22:F15_SA22_R02.txt,1,Fall,1,1,1,Severe,0.10376408386892716,0,Normal,1,Severe
val,13711,1487,SA22,SA22:F15_SA22_R02.txt,1,Fall,1,1,1,Severe,0.03873724184334287,0,Normal,1,Severe
val,13725,1488,SA22,SA22:F15_SA22_R03.txt,1,Fall,1,1,1,Severe,0.09702191929388826,0,Normal,1,Severe
val,13726,1489,SA22,SA22:F15_SA22_R03.txt,1,Fall,1,1,1,Severe,0.11075289921275866,0,Normal,1,Severe
val,13727,1490,SA22,SA22:F15_SA22_R03.txt,1,Fall,1,1,1,Severe,0.10590947666014205,0,Normal,1,Severe
val,13728,1491,SA22,SA22:F15_SA22_R03.txt,1,Fall,1,1,1,Severe,0.08440747029611223,0,Normal,1,Severe
val,13743,1492,SA22,SA22:F15_SA22_R04.txt,1,Fall,1,1,1,Severe,0.11528456749315708,0,Normal,1,Severe
val,13744,1493,SA22,SA22:F15_SA22_R04.txt,1,Fall,1,1,1,Severe,0.12109556919617037,0,Normal,1,Severe
val,13745,1494,SA22,SA22:F15_SA22_R04.txt,1,Fall,1,1,1,Severe,0.10916309985963557,0,Normal,1,Severe
val,13746,1495,SA22,SA22:F15_SA22_R04.txt,1,Fall,1,1,1,Severe,0.04509883542695864,0,Normal,1,Severe
val,13754,1496,SA22,SA22:F15_SA22_R05.txt,1,Fall,1,1,1,Severe,0.11215733575321418,0,Normal,1,Severe
val,13755,1497,SA22,SA22:F15_SA22_R05.txt,1,Fall,1,1,1,Severe,0.11794436509992784,0,Normal,1,Severe
val,13756,1498,SA22,SA22:F15_SA22_R05.txt,1,Fall,1,1,1,Severe,0.11906529252889192,0,Normal,1,Severe
val,13757,1499,SA22,SA22:F15_SA22_R05.txt,1,Fall,1,1,1,Severe,0.09013802288614448,0,Normal,1,Severe
test,1636,0,SA02,SA02:F01_SA02_R01.txt,1,Fall,0,0,0,Mild,-0.021353044873233085,1,Anomalous,-1,Non-applicable
test,1637,1,SA02,SA02:F01_SA02_R01.txt,1,Fall,0,0,0,Mild,-0.014183912549866395,1,Anomalous,-1,Non-applicable
test,1638,2,SA02,SA02:F01_SA02_R01.txt,1,Fall,0,0,0,Mild,-0.031086150646935318,1,Anomalous,-1,Non-applicable
test,1639,3,SA02,SA02:F01_SA02_R01.txt,1,Fall,0,0,0,Mild,-0.03675581631673741,1,Anomalous,-1,Non-applicable
test,1651,4,SA02,SA02:F01_SA02_R02.txt,1,Fall,0,0,0,Mild,0.08881848026394884,0,Normal,0,Mild
test,1652,5,SA02,SA02:F01_SA02_R02.txt,1,Fall,0,0,0,Mild,0.09875792124769317,0,Normal,0,Mild
test,1653,6,SA02,SA02:F01_SA02_R02.txt,1,Fall,0,0,0,Mild,0.10171490828647911,0,Normal,0,Mild
test,1654,7,SA02,SA02:F01_SA02_R02.txt,1,Fall,0,0,0,Mild,0.09630622182732168,0,Normal,0,Mild
test,1667,8,SA02,SA02:F01_SA02_R03.txt,1,Fall,0,0,0,Mild,0.015554323805980319,0,Normal,0,Mild
test,1668,9,SA02,SA02:F01_SA02_R03.txt,1,Fall,0,0,0,Mild,0.02367909499107712,0,Normal,0,Mild
test,1669,10,SA02,SA02:F01_SA02_R03.txt,1,Fall,0,0,0,Mild,0.014175105668355115,0,Normal,0,Mild
test,1670,11,SA02,SA02:F01_SA02_R03.txt,1,Fall,0,0,0,Mild,0.002372752498708164,0,Normal,0,Mild
test,1683,12,SA02,SA02:F01_SA02_R04.txt,1,Fall,0,0,0,Mild,0.11879647016828815,0,Normal,0,Mild
test,1684,13,SA02,SA02:F01_SA02_R04.txt,1,Fall,0,0,0,Mild,0.1318305086986749,0,Normal,0,Mild
test,1685,14,SA02,SA02:F01_SA02_R04.txt,1,Fall,0,0,0,Mild,0.13388318594876952,0,Normal,0,Mild
test,1686,15,SA02,SA02:F01_SA02_R04.txt,1,Fall,0,0,0,Mild,0.12083191566615681,0,Normal,0,Mild
test,1697,16,SA02,SA02:F01_SA02_R05.txt,1,Fall,0,0,0,Mild,0.07622477426101493,0,Normal,0,Mild
test,1698,17,SA02,SA02:F01_SA02_R05.txt,1,Fall,0,0,0,Mild,0.07597934019300168,0,Normal,0,Mild
test,1699,18,SA02,SA02:F01_SA02_R05.txt,1,Fall,0,0,0,Mild,0.0713374526228775,0,Normal,0,Mild
test,1700,19,SA02,SA02:F01_SA02_R05.txt,1,Fall,0,0,0,Mild,0.03180591947328992,0,Normal,0,Mild
test,1712,20,SA02,SA02:F02_SA02_R01.txt,1,Fall,0,0,0,Mild,0.05857033992489519,0,Normal,0,Mild
test,1713,21,SA02,SA02:F02_SA02_R01.txt,1,Fall,0,0,0,Mild,0.07942678703970352,0,Normal,0,Mild
test,1714,22,SA02,SA02:F02_SA02_R01.txt,1,Fall,0,0,0,Mild,0.0808827280924902,0,Normal,0,Mild
test,1715,23,SA02,SA02:F02_SA02_R01.txt,1,Fall,0,0,0,Mild,0.0707123046052946,0,Normal,0,Mild
test,1728,24,SA02,SA02:F02_SA02_R02.txt,1,Fall,0,0,0,Mild,0.04116943387658023,0,Normal,0,Mild
test,1729,25,SA02,SA02:F02_SA02_R02.txt,1,Fall,0,0,0,Mild,0.054929839906243116,0,Normal,0,Mild
test,1730,26,SA02,SA02:F02_SA02_R02.txt,1,Fall,0,0,0,Mild,0.0523615953932981,0,Normal,0,Mild
test,1731,27,SA02,SA02:F02_SA02_R02.txt,1,Fall,0,0,0,Mild,0.023531509147807328,0,Normal,0,Mild
test,1744,28,SA02,SA02:F02_SA02_R03.txt,1,Fall,0,0,0,Mild,0.02779638570132381,0,Normal,0,Mild
test,1745,29,SA02,SA02:F02_SA02_R03.txt,1,Fall,0,0,0,Mild,0.046102697588317476,0,Normal,0,Mild
test,1746,30,SA02,SA02:F02_SA02_R03.txt,1,Fall,0,0,0,Mild,0.04841317632993353,0,Normal,0,Mild
test,1747,31,SA02,SA02:F02_SA02_R03.txt,1,Fall,0,0,0,Mild,0.04344823314414048,0,Normal,0,Mild
test,1755,32,SA02,SA02:F02_SA02_R04.txt,1,Fall,0,0,0,Mild,0.04605744136083234,0,Normal,0,Mild
test,1756,33,SA02,SA02:F02_SA02_R04.txt,1,Fall,0,0,0,Mild,0.0526177619424682,0,Normal,0,Mild
test,1757,34,SA02,SA02:F02_SA02_R04.txt,1,Fall,0,0,0,Mild,0.04817057184268436,0,Normal,0,Mild
test,1758,35,SA02,SA02:F02_SA02_R04.txt,1,Fall,0,0,0,Mild,0.03353103514189326,0,Normal,0,Mild
test,1771,36,SA02,SA02:F02_SA02_R05.txt,1,Fall,0,0,0,Mild,0.06671572506270901,0,Normal,0,Mild
test,1772,37,SA02,SA02:F02_SA02_R05.txt,1,Fall,0,0,0,Mild,0.06952970525049962,0,Normal,0,Mild
test,1773,38,SA02,SA02:F02_SA02_R05.txt,1,Fall,0,0,0,Mild,0.07378426725943693,0,Normal,0,Mild
test,1774,39,SA02,SA02:F02_SA02_R05.txt,1,Fall,0,0,0,Mild,0.04523844618152756,0,Normal,0,Mild
test,1784,40,SA02,SA02:F03_SA02_R01.txt,1,Fall,1,1,1,Severe,0.10497589525964263,0,Normal,1,Severe
test,1785,41,SA02,SA02:F03_SA02_R01.txt,1,Fall,1,1,1,Severe,0.0989321569307039,0,Normal,1,Severe
test,1786,42,SA02,SA02:F03_SA02_R01.txt,1,Fall,1,1,1,Severe,0.10149834897393478,0,Normal,1,Severe
test,1787,43,SA02,SA02:F03_SA02_R01.txt,1,Fall,1,1,1,Severe,0.08572546580953128,0,Normal,1,Severe
test,1798,44,SA02,SA02:F03_SA02_R02.txt,1,Fall,1,1,1,Severe,0.09949665894351772,0,Normal,1,Severe
test,1799,45,SA02,SA02:F03_SA02_R02.txt,1,Fall,1,1,1,Severe,0.11800531517018903,0,Normal,1,Severe
test,1800,46,SA02,SA02:F03_SA02_R02.txt,1,Fall,1,1,1,Severe,0.11601935055405127,0,Normal,1,Severe
test,1801,47,SA02,SA02:F03_SA02_R02.txt,1,Fall,1,1,1,Severe,0.09559453053786499,0,Normal,1,Severe
test,1814,48,SA02,SA02:F03_SA02_R03.txt,1,Fall,1,1,1,Severe,0.1046669885384422,0,Normal,1,Severe
test,1815,49,SA02,SA02:F03_SA02_R03.txt,1,Fall,1,1,1,Severe,0.10994846012869358,0,Normal,1,Severe
test,1816,50,SA02,SA02:F03_SA02_R03.txt,1,Fall,1,1,1,Severe,0.10781451958215227,0,Normal,1,Severe
test,1817,51,SA02,SA02:F03_SA02_R03.txt,1,Fall,1,1,1,Severe,0.07302412736093145,0,Normal,1,Severe
test,1829,52,SA02,SA02:F03_SA02_R04.txt,1,Fall,1,1,1,Severe,0.07451707043895567,0,Normal,1,Severe
test,1830,53,SA02,SA02:F03_SA02_R04.txt,1,Fall,1,1,1,Severe,0.10059919403317136,0,Normal,1,Severe
test,1831,54,SA02,SA02:F03_SA02_R04.txt,1,Fall,1,1,1,Severe,0.09915355733420195,0,Normal,1,Severe
test,1832,55,SA02,SA02:F03_SA02_R04.txt,1,Fall,1,1,1,Severe,0.08094221840631266,0,Normal,1,Severe
test,1844,56,SA02,SA02:F03_SA02_R05.txt,1,Fall,1,1,1,Severe,0.1024446583640568,0,Normal,1,Severe
test,1845,57,SA02,SA02:F03_SA02_R05.txt,1,Fall,1,1,1,Severe,0.10272539961884364,0,Normal,1,Severe
test,1846,58,SA02,SA02:F03_SA02_R05.txt,1,Fall,1,1,1,Severe,0.10483616948998398,0,Normal,1,Severe
test,1847,59,SA02,SA02:F03_SA02_R05.txt,1,Fall,1,1,1,Severe,0.0747116278150819,0,Normal,1,Severe
test,1858,60,SA02,SA02:F04_SA02_R01.txt,1,Fall,1,1,1,Severe,0.056329181093973835,0,Normal,1,Severe
test,1859,61,SA02,SA02:F04_SA02_R01.txt,1,Fall,1,1,1,Severe,0.06457457524026056,0,Normal,1,Severe
test,1860,62,SA02,SA02:F04_SA02_R01.txt,1,Fall,1,1,1,Severe,0.06070405575574145,0,Normal,1,Severe
test,1861,63,SA02,SA02:F04_SA02_R01.txt,1,Fall,1,1,1,Severe,0.048655992072355714,0,Normal,1,Severe
test,1876,64,SA02,SA02:F04_SA02_R02.txt,1,Fall,1,1,1,Severe,0.07282774836529682,0,Normal,1,Severe
test,1877,65,SA02,SA02:F04_SA02_R02.txt,1,Fall,1,1,1,Severe,0.07299062681415075,0,Normal,1,Severe
test,1878,66,SA02,SA02:F04_SA02_R02.txt,1,Fall,1,1,1,Severe,0.08337891834266814,0,Normal,1,Severe
test,1879,67,SA02,SA02:F04_SA02_R02.txt,1,Fall,1,1,1,Severe,0.08594868500564035,0,Normal,1,Severe
test,1890,68,SA02,SA02:F04_SA02_R03.txt,1,Fall,1,1,1,Severe,0.028524252946179995,0,Normal,1,Severe
test,1891,69,SA02,SA02:F04_SA02_R03.txt,1,Fall,1,1,1,Severe,0.03616566310160024,0,Normal,1,Severe
test,1892,70,SA02,SA02:F04_SA02_R03.txt,1,Fall,1,1,1,Severe,0.043081021091720406,0,Normal,1,Severe
test,1893,71,SA02,SA02:F04_SA02_R03.txt,1,Fall,1,1,1,Severe,0.03644937994274172,0,Normal,1,Severe
test,1904,72,SA02,SA02:F04_SA02_R04.txt,1,Fall,1,1,1,Severe,0.028011372484104013,0,Normal,1,Severe
test,1905,73,SA02,SA02:F04_SA02_R04.txt,1,Fall,1,1,1,Severe,0.04012727490296758,0,Normal,1,Severe
test,1906,74,SA02,SA02:F04_SA02_R04.txt,1,Fall,1,1,1,Severe,0.049091309092627766,0,Normal,1,Severe
test,1907,75,SA02,SA02:F04_SA02_R04.txt,1,Fall,1,1,1,Severe,0.044366159616416545,0,Normal,1,Severe
test,1919,76,SA02,SA02:F04_SA02_R05.txt,1,Fall,1,1,1,Severe,0.1054432216849448,0,Normal,1,Severe
test,1920,77,SA02,SA02:F04_SA02_R05.txt,1,Fall,1,1,1,Severe,0.1191517680263709,0,Normal,1,Severe
test,1921,78,SA02,SA02:F04_SA02_R05.txt,1,Fall,1,1,1,Severe,0.12132072035404051,0,Normal,1,Severe
test,1922,79,SA02,SA02:F04_SA02_R05.txt,1,Fall,1,1,1,Severe,0.11839282604744544,0,Normal,1,Severe
test,1936,80,SA02,SA02:F05_SA02_R01.txt,1,Fall,1,1,1,Severe,0.027360159902941716,0,Normal,1,Severe
test,1937,81,SA02,SA02:F05_SA02_R01.txt,1,Fall,1,1,1,Severe,0.04464210614756414,0,Normal,1,Severe
test,1938,82,SA02,SA02:F05_SA02_R01.txt,1,Fall,1,1,1,Severe,0.06423273301998567,0,Normal,1,Severe
test,1939,83,SA02,SA02:F05_SA02_R01.txt,1,Fall,1,1,1,Severe,0.060657175261050245,0,Normal,1,Severe
test,1947,84,SA02,SA02:F05_SA02_R02.txt,1,Fall,1,1,1,Severe,-0.029300921356199217,1,Anomalous,-1,Non-applicable
test,1948,85,SA02,SA02:F05_SA02_R02.txt,1,Fall,1,1,1,Severe,0.007043706634583979,0,Normal,1,Severe
test,1949,86,SA02,SA02:F05_SA02_R02.txt,1,Fall,1,1,1,Severe,0.013604553191130964,0,Normal,1,Severe
test,1950,87,SA02,SA02:F05_SA02_R02.txt,1,Fall,1,1,1,Severe,0.025403484049144942,0,Normal,1,Severe
test,1964,88,SA02,SA02:F05_SA02_R03.txt,1,Fall,1,1,1,Severe,-0.0492369493376954,1,Anomalous,-1,Non-applicable
test,1965,89,SA02,SA02:F05_SA02_R03.txt,1,Fall,1,1,1,Severe,-0.046040723044425635,1,Anomalous,-1,Non-applicable
test,1966,90,SA02,SA02:F05_SA02_R03.txt,1,Fall,1,1,1,Severe,-0.030078689413355453,1,Anomalous,-1,Non-applicable
test,1967,91,SA02,SA02:F05_SA02_R03.txt,1,Fall,1,1,1,Severe,-0.011245952570078432,1,Anomalous,-1,Non-applicable
test,1978,92,SA02,SA02:F05_SA02_R04.txt,1,Fall,1,1,1,Severe,-0.06019609870658593,1,Anomalous,-1,Non-applicable
test,1979,93,SA02,SA02:F05_SA02_R04.txt,1,Fall,1,1,1,Severe,-0.05180869867703686,1,Anomalous,-1,Non-applicable
test,1980,94,SA02,SA02:F05_SA02_R04.txt,1,Fall,1,1,1,Severe,-0.05683648604268521,1,Anomalous,-1,Non-applicable
test,1981,95,SA02,SA02:F05_SA02_R04.txt,1,Fall,1,1,1,Severe,-0.06023339362012481,1,Anomalous,-1,Non-applicable
test,1993,96,SA02,SA02:F05_SA02_R05.txt,1,Fall,1,1,1,Severe,-0.020057310606973133,1,Anomalous,-1,Non-applicable
test,1994,97,SA02,SA02:F05_SA02_R05.txt,1,Fall,1,1,1,Severe,0.0007771672403967811,0,Normal,1,Severe
test,1995,98,SA02,SA02:F05_SA02_R05.txt,1,Fall,1,1,1,Severe,0.012224657612758039,0,Normal,1,Severe
test,1996,99,SA02,SA02:F05_SA02_R05.txt,1,Fall,1,1,1,Severe,0.009525720676483163,0,Normal,1,Severe
test,2010,100,SA02,SA02:F06_SA02_R01.txt,1,Fall,1,1,1,Severe,0.09323988438440067,0,Normal,1,Severe
test,2011,101,SA02,SA02:F06_SA02_R01.txt,1,Fall,1,1,1,Severe,0.1001433591304447,0,Normal,1,Severe
test,2012,102,SA02,SA02:F06_SA02_R01.txt,1,Fall,1,1,1,Severe,0.09554861490718058,0,Normal,1,Severe
test,2013,103,SA02,SA02:F06_SA02_R01.txt,1,Fall,1,1,1,Severe,0.06502734857013837,0,Normal,1,Severe
test,2028,104,SA02,SA02:F06_SA02_R02.txt,1,Fall,1,1,1,Severe,0.095202119904577,0,Normal,1,Severe
test,2029,105,SA02,SA02:F06_SA02_R02.txt,1,Fall,1,1,1,Severe,0.11109210142296871,0,Normal,1,Severe
test,2030,106,SA02,SA02:F06_SA02_R02.txt,1,Fall,1,1,1,Severe,0.10555935661574578,0,Normal,1,Severe
test,2031,107,SA02,SA02:F06_SA02_R02.txt,1,Fall,1,1,1,Severe,0.0940804377731922,0,Normal,1,Severe
test,2043,108,SA02,SA02:F06_SA02_R03.txt,1,Fall,1,1,1,Severe,0.0917970445238272,0,Normal,1,Severe
test,2044,109,SA02,SA02:F06_SA02_R03.txt,1,Fall,1,1,1,Severe,0.09632208623151556,0,Normal,1,Severe
test,2045,110,SA02,SA02:F06_SA02_R03.txt,1,Fall,1,1,1,Severe,0.08889073870240743,0,Normal,1,Severe
test,2046,111,SA02,SA02:F06_SA02_R03.txt,1,Fall,1,1,1,Severe,0.07748830900686121,0,Normal,1,Severe
test,2058,112,SA02,SA02:F06_SA02_R04.txt,1,Fall,1,1,1,Severe,0.1070647684016861,0,Normal,1,Severe
test,2059,113,SA02,SA02:F06_SA02_R04.txt,1,Fall,1,1,1,Severe,0.11080499376294772,0,Normal,1,Severe
test,2060,114,SA02,SA02:F06_SA02_R04.txt,1,Fall,1,1,1,Severe,0.10511723049688482,0,Normal,1,Severe
test,2061,115,SA02,SA02:F06_SA02_R04.txt,1,Fall,1,1,1,Severe,0.06368125218665083,0,Normal,1,Severe
test,2072,116,SA02,SA02:F06_SA02_R05.txt,1,Fall,1,1,1,Severe,0.0887784168536121,0,Normal,1,Severe
test,2073,117,SA02,SA02:F06_SA02_R05.txt,1,Fall,1,1,1,Severe,0.09993497257686462,0,Normal,1,Severe
test,2074,118,SA02,SA02:F06_SA02_R05.txt,1,Fall,1,1,1,Severe,0.09673220660059112,0,Normal,1,Severe
test,2075,119,SA02,SA02:F06_SA02_R05.txt,1,Fall,1,1,1,Severe,0.06901787939405635,0,Normal,1,Severe
test,2087,120,SA02,SA02:F07_SA02_R01.txt,1,Fall,1,1,1,Severe,0.10135154797015106,0,Normal,1,Severe
test,2088,121,SA02,SA02:F07_SA02_R01.txt,1,Fall,1,1,1,Severe,0.11734895021635311,0,Normal,1,Severe
test,2089,122,SA02,SA02:F07_SA02_R01.txt,1,Fall,1,1,1,Severe,0.1160409054595955,0,Normal,1,Severe
test,2090,123,SA02,SA02:F07_SA02_R01.txt,1,Fall,1,1,1,Severe,0.0989925973713906,0,Normal,1,Severe
test,2102,124,SA02,SA02:F07_SA02_R02.txt,1,Fall,1,1,1,Severe,0.10214462669052327,0,Normal,1,Severe
test,2103,125,SA02,SA02:F07_SA02_R02.txt,1,Fall,1,1,1,Severe,0.1163491288516939,0,Normal,1,Severe
test,2104,126,SA02,SA02:F07_SA02_R02.txt,1,Fall,1,1,1,Severe,0.11112804179503455,0,Normal,1,Severe
test,2105,127,SA02,SA02:F07_SA02_R02.txt,1,Fall,1,1,1,Severe,0.10527571522825868,0,Normal,1,Severe
test,2117,128,SA02,SA02:F07_SA02_R03.txt,1,Fall,0,0,0,Mild,0.0951929908581523,0,Normal,0,Mild
test,2118,129,SA02,SA02:F07_SA02_R03.txt,1,Fall,0,0,0,Mild,0.1099706266981002,0,Normal,0,Mild
test,2119,130,SA02,SA02:F07_SA02_R03.txt,1,Fall,0,0,0,Mild,0.10193721670523115,0,Normal,0,Mild
test,2120,131,SA02,SA02:F07_SA02_R03.txt,1,Fall,0,0,0,Mild,0.09436227272732062,0,Normal,0,Mild
test,2131,132,SA02,SA02:F07_SA02_R04.txt,1,Fall,0,0,0,Mild,0.06840828958406958,0,Normal,0,Mild
test,2132,133,SA02,SA02:F07_SA02_R04.txt,1,Fall,0,0,0,Mild,0.10257052226326058,0,Normal,0,Mild
test,2133,134,SA02,SA02:F07_SA02_R04.txt,1,Fall,0,0,0,Mild,0.1012930071604154,0,Normal,0,Mild
test,2134,135,SA02,SA02:F07_SA02_R04.txt,1,Fall,0,0,0,Mild,0.09602249818461173,0,Normal,0,Mild
test,2147,136,SA02,SA02:F07_SA02_R05.txt,1,Fall,1,1,1,Severe,0.10896943012234761,0,Normal,1,Severe
test,2148,137,SA02,SA02:F07_SA02_R05.txt,1,Fall,1,1,1,Severe,0.10798619616572314,0,Normal,1,Severe
test,2149,138,SA02,SA02:F07_SA02_R05.txt,1,Fall,1,1,1,Severe,0.10144909066779051,0,Normal,1,Severe
test,2150,139,SA02,SA02:F07_SA02_R05.txt,1,Fall,1,1,1,Severe,0.032062893700499806,0,Normal,1,Severe
test,2159,140,SA02,SA02:F08_SA02_R01.txt,1,Fall,0,0,0,Mild,0.07333972377910192,0,Normal,0,Mild
test,2160,141,SA02,SA02:F08_SA02_R01.txt,1,Fall,0,0,0,Mild,0.08031099344349141,0,Normal,0,Mild
test,2161,142,SA02,SA02:F08_SA02_R01.txt,1,Fall,0,0,0,Mild,0.07766805644561303,0,Normal,0,Mild
test,2162,143,SA02,SA02:F08_SA02_R01.txt,1,Fall,0,0,0,Mild,0.043731754024594116,0,Normal,0,Mild
test,2173,144,SA02,SA02:F08_SA02_R02.txt,1,Fall,0,0,0,Mild,0.13203552460993545,0,Normal,0,Mild
test,2174,145,SA02,SA02:F08_SA02_R02.txt,1,Fall,0,0,0,Mild,0.13268631816034449,0,Normal,0,Mild
test,2175,146,SA02,SA02:F08_SA02_R02.txt,1,Fall,0,0,0,Mild,0.13043877156253075,0,Normal,0,Mild
test,2176,147,SA02,SA02:F08_SA02_R02.txt,1,Fall,0,0,0,Mild,0.081833925089005,0,Normal,0,Mild
test,2188,148,SA02,SA02:F08_SA02_R03.txt,1,Fall,0,0,0,Mild,0.07505031554551661,0,Normal,0,Mild
test,2189,149,SA02,SA02:F08_SA02_R03.txt,1,Fall,0,0,0,Mild,0.10371479395428873,0,Normal,0,Mild
test,2190,150,SA02,SA02:F08_SA02_R03.txt,1,Fall,0,0,0,Mild,0.11052001792199556,0,Normal,0,Mild
test,2191,151,SA02,SA02:F08_SA02_R03.txt,1,Fall,0,0,0,Mild,0.10050490694134712,0,Normal,0,Mild
test,2203,152,SA02,SA02:F08_SA02_R04.txt,1,Fall,0,0,0,Mild,0.06615912089559806,0,Normal,0,Mild
test,2204,153,SA02,SA02:F08_SA02_R04.txt,1,Fall,0,0,0,Mild,0.08680202098995216,0,Normal,0,Mild
test,2205,154,SA02,SA02:F08_SA02_R04.txt,1,Fall,0,0,0,Mild,0.09260630698889605,0,Normal,0,Mild
test,2206,155,SA02,SA02:F08_SA02_R04.txt,1,Fall,0,0,0,Mild,0.09115530884769307,0,Normal,0,Mild
test,2220,156,SA02,SA02:F08_SA02_R05.txt,1,Fall,1,1,1,Severe,0.1279109224003117,0,Normal,1,Severe
test,2221,157,SA02,SA02:F08_SA02_R05.txt,1,Fall,1,1,1,Severe,0.12614772335800506,0,Normal,1,Severe
test,2222,158,SA02,SA02:F08_SA02_R05.txt,1,Fall,1,1,1,Severe,0.11743069029971226,0,Normal,1,Severe
test,2223,159,SA02,SA02:F08_SA02_R05.txt,1,Fall,1,1,1,Severe,0.025754724352188507,0,Normal,1,Severe
test,2236,160,SA02,SA02:F09_SA02_R01.txt,1,Fall,1,1,1,Severe,0.0929935015206022,0,Normal,1,Severe
test,2237,161,SA02,SA02:F09_SA02_R01.txt,1,Fall,1,1,1,Severe,0.08774437848656813,0,Normal,1,Severe
test,2238,162,SA02,SA02:F09_SA02_R01.txt,1,Fall,1,1,1,Severe,0.0651331769259646,0,Normal,1,Severe
test,2239,163,SA02,SA02:F09_SA02_R01.txt,1,Fall,1,1,1,Severe,0.007695217045707192,0,Normal,1,Severe
test,2249,164,SA02,SA02:F09_SA02_R02.txt,1,Fall,1,1,1,Severe,0.05892224276145319,0,Normal,1,Severe
test,2250,165,SA02,SA02:F09_SA02_R02.txt,1,Fall,1,1,1,Severe,0.05685325794366963,0,Normal,1,Severe
test,2251,166,SA02,SA02:F09_SA02_R02.txt,1,Fall,1,1,1,Severe,0.055390284876935036,0,Normal,1,Severe
test,2252,167,SA02,SA02:F09_SA02_R02.txt,1,Fall,1,1,1,Severe,0.034937688331812655,0,Normal,1,Severe
test,2266,168,SA02,SA02:F09_SA02_R03.txt,1,Fall,1,1,1,Severe,0.10263987108312839,0,Normal,1,Severe
test,2267,169,SA02,SA02:F09_SA02_R03.txt,1,Fall,1,1,1,Severe,0.10389117332230807,0,Normal,1,Severe
test,2268,170,SA02,SA02:F09_SA02_R03.txt,1,Fall,1,1,1,Severe,0.09309900863393183,0,Normal,1,Severe
test,2269,171,SA02,SA02:F09_SA02_R03.txt,1,Fall,1,1,1,Severe,0.07416348126774258,0,Normal,1,Severe
test,2278,172,SA02,SA02:F09_SA02_R04.txt,1,Fall,1,1,1,Severe,0.12012112449800488,0,Normal,1,Severe
test,2279,173,SA02,SA02:F09_SA02_R04.txt,1,Fall,1,1,1,Severe,0.11848651549732048,0,Normal,1,Severe
test,2280,174,SA02,SA02:F09_SA02_R04.txt,1,Fall,1,1,1,Severe,0.11600006674992985,0,Normal,1,Severe
test,2281,175,SA02,SA02:F09_SA02_R04.txt,1,Fall,1,1,1,Severe,0.09010475736686002,0,Normal,1,Severe
test,2296,176,SA02,SA02:F09_SA02_R05.txt,1,Fall,1,1,1,Severe,0.10829398755002873,0,Normal,1,Severe
test,2297,177,SA02,SA02:F09_SA02_R05.txt,1,Fall,1,1,1,Severe,0.11058264009373037,0,Normal,1,Severe
test,2298,178,SA02,SA02:F09_SA02_R05.txt,1,Fall,1,1,1,Severe,0.11342376220468281,0,Normal,1,Severe
test,2299,179,SA02,SA02:F09_SA02_R05.txt,1,Fall,1,1,1,Severe,0.09967698182045526,0,Normal,1,Severe
test,2312,180,SA02,SA02:F10_SA02_R01.txt,1,Fall,0,0,0,Mild,0.020296825564106502,0,Normal,0,Mild
test,2313,181,SA02,SA02:F10_SA02_R01.txt,1,Fall,0,0,0,Mild,0.08453922350092125,0,Normal,0,Mild
test,2314,182,SA02,SA02:F10_SA02_R01.txt,1,Fall,0,0,0,Mild,0.10853502695872808,0,Normal,0,Mild
test,2315,183,SA02,SA02:F10_SA02_R01.txt,1,Fall,0,0,0,Mild,0.10886721328526,0,Normal,0,Mild
test,2321,184,SA02,SA02:F10_SA02_R02.txt,1,Fall,1,1,1,Severe,0.0998684215194987,0,Normal,1,Severe
test,2322,185,SA02,SA02:F10_SA02_R02.txt,1,Fall,1,1,1,Severe,0.10403394362135987,0,Normal,1,Severe
test,2323,186,SA02,SA02:F10_SA02_R02.txt,1,Fall,1,1,1,Severe,0.10047717515919463,0,Normal,1,Severe
test,2324,187,SA02,SA02:F10_SA02_R02.txt,1,Fall,1,1,1,Severe,0.05968913303172335,0,Normal,1,Severe
test,2339,188,SA02,SA02:F10_SA02_R03.txt,1,Fall,1,1,1,Severe,0.07516359453323007,0,Normal,1,Severe
test,2340,189,SA02,SA02:F10_SA02_R03.txt,1,Fall,1,1,1,Severe,0.0853627171262819,0,Normal,1,Severe
test,2341,190,SA02,SA02:F10_SA02_R03.txt,1,Fall,1,1,1,Severe,0.0840667261433396,0,Normal,1,Severe
test,2342,191,SA02,SA02:F10_SA02_R03.txt,1,Fall,1,1,1,Severe,0.06903639722324739,0,Normal,1,Severe
test,2355,192,SA02,SA02:F10_SA02_R04.txt,1,Fall,1,1,1,Severe,0.11062280226920512,0,Normal,1,Severe
test,2356,193,SA02,SA02:F10_SA02_R04.txt,1,Fall,1,1,1,Severe,0.11340805050451275,0,Normal,1,Severe
test,2357,194,SA02,SA02:F10_SA02_R04.txt,1,Fall,1,1,1,Severe,0.10658338230330489,0,Normal,1,Severe
test,2358,195,SA02,SA02:F10_SA02_R04.txt,1,Fall,1,1,1,Severe,0.00961885221873271,0,Normal,1,Severe
test,2370,196,SA02,SA02:F10_SA02_R05.txt,1,Fall,1,1,1,Severe,0.11706449133563712,0,Normal,1,Severe
test,2371,197,SA02,SA02:F10_SA02_R05.txt,1,Fall,1,1,1,Severe,0.12447178222424787,0,Normal,1,Severe
test,2372,198,SA02,SA02:F10_SA02_R05.txt,1,Fall,1,1,1,Severe,0.11948093410573396,0,Normal,1,Severe
test,2373,199,SA02,SA02:F10_SA02_R05.txt,1,Fall,1,1,1,Severe,0.061210322834276354,0,Normal,1,Severe
test,2383,200,SA02,SA02:F11_SA02_R01.txt,1,Fall,0,0,0,Mild,0.07929483600312043,0,Normal,0,Mild
test,2384,201,SA02,SA02:F11_SA02_R01.txt,1,Fall,0,0,0,Mild,0.0958836135663686,0,Normal,0,Mild
test,2385,202,SA02,SA02:F11_SA02_R01.txt,1,Fall,0,0,0,Mild,0.08919455861400016,0,Normal,0,Mild
test,2386,203,SA02,SA02:F11_SA02_R01.txt,1,Fall,0,0,0,Mild,0.06099360418876204,0,Normal,0,Mild
test,2399,204,SA02,SA02:F11_SA02_R02.txt,1,Fall,0,0,0,Mild,0.04856493964228398,0,Normal,0,Mild
test,2400,205,SA02,SA02:F11_SA02_R02.txt,1,Fall,0,0,0,Mild,0.06658549768813965,0,Normal,0,Mild
test,2401,206,SA02,SA02:F11_SA02_R02.txt,1,Fall,0,0,0,Mild,0.06548580573615237,0,Normal,0,Mild
test,2402,207,SA02,SA02:F11_SA02_R02.txt,1,Fall,0,0,0,Mild,0.05467960883440792,0,Normal,0,Mild
test,2416,208,SA02,SA02:F11_SA02_R03.txt,1,Fall,0,0,0,Mild,0.06282735927385535,0,Normal,0,Mild
test,2417,209,SA02,SA02:F11_SA02_R03.txt,1,Fall,0,0,0,Mild,0.06116506478777339,0,Normal,0,Mild
test,2418,210,SA02,SA02:F11_SA02_R03.txt,1,Fall,0,0,0,Mild,0.05852663350226206,0,Normal,0,Mild
test,2419,211,SA02,SA02:F11_SA02_R03.txt,1,Fall,0,0,0,Mild,0.018174442162875115,0,Normal,0,Mild
test,2431,212,SA02,SA02:F11_SA02_R04.txt,1,Fall,0,0,0,Mild,0.040847097667618903,0,Normal,0,Mild
test,2432,213,SA02,SA02:F11_SA02_R04.txt,1,Fall,0,0,0,Mild,0.056121273306231456,0,Normal,0,Mild
test,2433,214,SA02,SA02:F11_SA02_R04.txt,1,Fall,0,0,0,Mild,0.05741106060722845,0,Normal,0,Mild
test,2434,215,SA02,SA02:F11_SA02_R04.txt,1,Fall,0,0,0,Mild,0.026591531873441987,0,Normal,0,Mild
test,2446,216,SA02,SA02:F11_SA02_R05.txt,1,Fall,0,0,0,Mild,0.023405870558263264,0,Normal,0,Mild
test,2447,217,SA02,SA02:F11_SA02_R05.txt,1,Fall,0,0,0,Mild,0.04915065764301091,0,Normal,0,Mild
test,2448,218,SA02,SA02:F11_SA02_R05.txt,1,Fall,0,0,0,Mild,0.04322897447348378,0,Normal,0,Mild
test,2449,219,SA02,SA02:F11_SA02_R05.txt,1,Fall,0,0,0,Mild,0.042807196765656697,0,Normal,0,Mild
test,2457,220,SA02,SA02:F12_SA02_R01.txt,1,Fall,1,1,1,Severe,0.08846362599341445,0,Normal,1,Severe
test,2458,221,SA02,SA02:F12_SA02_R01.txt,1,Fall,1,1,1,Severe,0.0889840913845803,0,Normal,1,Severe
test,2459,222,SA02,SA02:F12_SA02_R01.txt,1,Fall,1,1,1,Severe,0.09786632388546279,0,Normal,1,Severe
test,2460,223,SA02,SA02:F12_SA02_R01.txt,1,Fall,1,1,1,Severe,0.07572924788321261,0,Normal,1,Severe
test,2474,224,SA02,SA02:F12_SA02_R02.txt,1,Fall,0,0,0,Mild,0.10897062011174369,0,Normal,0,Mild
test,2475,225,SA02,SA02:F12_SA02_R02.txt,1,Fall,0,0,0,Mild,0.11655195323751305,0,Normal,0,Mild
test,2476,226,SA02,SA02:F12_SA02_R02.txt,1,Fall,0,0,0,Mild,0.11764804563669123,0,Normal,0,Mild
test,2477,227,SA02,SA02:F12_SA02_R02.txt,1,Fall,0,0,0,Mild,0.0535127626155959,0,Normal,0,Mild
test,2488,228,SA02,SA02:F12_SA02_R03.txt,1,Fall,1,1,1,Severe,0.10967763245508488,0,Normal,1,Severe
test,2489,229,SA02,SA02:F12_SA02_R03.txt,1,Fall,1,1,1,Severe,0.11013819677396897,0,Normal,1,Severe
test,2490,230,SA02,SA02:F12_SA02_R03.txt,1,Fall,1,1,1,Severe,0.11079421345732993,0,Normal,1,Severe
test,2491,231,SA02,SA02:F12_SA02_R03.txt,1,Fall,1,1,1,Severe,0.07284364772137614,0,Normal,1,Severe
test,2507,232,SA02,SA02:F12_SA02_R04.txt,1,Fall,1,1,1,Severe,0.11551081747622993,0,Normal,1,Severe
test,2508,233,SA02,SA02:F12_SA02_R04.txt,1,Fall,1,1,1,Severe,0.11774010161108228,0,Normal,1,Severe
test,2509,234,SA02,SA02:F12_SA02_R04.txt,1,Fall,1,1,1,Severe,0.11062582355917877,0,Normal,1,Severe
test,2510,235,SA02,SA02:F12_SA02_R04.txt,1,Fall,1,1,1,Severe,0.06413101649521213,0,Normal,1,Severe
test,2517,236,SA02,SA02:F12_SA02_R05.txt,1,Fall,0,0,0,Mild,0.08736090941935332,0,Normal,0,Mild
test,2518,237,SA02,SA02:F12_SA02_R05.txt,1,Fall,1,1,1,Severe,0.10356385997801903,0,Normal,1,Severe
test,2519,238,SA02,SA02:F12_SA02_R05.txt,1,Fall,1,1,1,Severe,0.10905339770188693,0,Normal,1,Severe
test,2520,239,SA02,SA02:F12_SA02_R05.txt,1,Fall,1,1,1,Severe,0.08257780537029469,0,Normal,1,Severe
test,2536,240,SA02,SA02:F13_SA02_R01.txt,1,Fall,1,1,1,Severe,0.11349327239229384,0,Normal,1,Severe
test,2537,241,SA02,SA02:F13_SA02_R01.txt,1,Fall,1,1,1,Severe,0.1158432994067593,0,Normal,1,Severe
test,2538,242,SA02,SA02:F13_SA02_R01.txt,1,Fall,1,1,1,Severe,0.10976011562431004,0,Normal,1,Severe
test,2539,243,SA02,SA02:F13_SA02_R01.txt,1,Fall,1,1,1,Severe,0.03664733847909879,0,Normal,1,Severe
test,2550,244,SA02,SA02:F13_SA02_R02.txt,1,Fall,1,1,1,Severe,0.10792311168632007,0,Normal,1,Severe
test,2551,245,SA02,SA02:F13_SA02_R02.txt,1,Fall,1,1,1,Severe,0.11320607812442196,0,Normal,1,Severe
test,2552,246,SA02,SA02:F13_SA02_R02.txt,1,Fall,1,1,1,Severe,0.11134823949644357,0,Normal,1,Severe
test,2553,247,SA02,SA02:F13_SA02_R02.txt,1,Fall,1,1,1,Severe,0.08269459552808411,0,Normal,1,Severe
test,2564,248,SA02,SA02:F13_SA02_R03.txt,1,Fall,1,1,1,Severe,0.11012989091614583,0,Normal,1,Severe
test,2565,249,SA02,SA02:F13_SA02_R03.txt,1,Fall,1,1,1,Severe,0.11427613874436077,0,Normal,1,Severe
test,2566,250,SA02,SA02:F13_SA02_R03.txt,1,Fall,1,1,1,Severe,0.11299016043174603,0,Normal,1,Severe
test,2567,251,SA02,SA02:F13_SA02_R03.txt,1,Fall,1,1,1,Severe,0.10184149608177279,0,Normal,1,Severe
test,2580,252,SA02,SA02:F13_SA02_R04.txt,1,Fall,0,0,0,Mild,0.09651435684812282,0,Normal,0,Mild
test,2581,253,SA02,SA02:F13_SA02_R04.txt,1,Fall,1,1,1,Severe,0.10254539497247656,0,Normal,1,Severe
test,2582,254,SA02,SA02:F13_SA02_R04.txt,1,Fall,1,1,1,Severe,0.09478500996223721,0,Normal,1,Severe
test,2583,255,SA02,SA02:F13_SA02_R04.txt,1,Fall,1,1,1,Severe,0.07280813867148794,0,Normal,1,Severe
test,2597,256,SA02,SA02:F13_SA02_R05.txt,1,Fall,1,1,1,Severe,0.12741663443830992,0,Normal,1,Severe
test,2598,257,SA02,SA02:F13_SA02_R05.txt,1,Fall,1,1,1,Severe,0.127639894535992,0,Normal,1,Severe
test,2599,258,SA02,SA02:F13_SA02_R05.txt,1,Fall,1,1,1,Severe,0.10183853848386565,0,Normal,1,Severe
test,2600,259,SA02,SA02:F13_SA02_R05.txt,1,Fall,1,1,1,Severe,0.013336398628607804,0,Normal,1,Severe
test,2611,260,SA02,SA02:F14_SA02_R01.txt,1,Fall,0,0,0,Mild,0.08055974579898662,0,Normal,0,Mild
test,2612,261,SA02,SA02:F14_SA02_R01.txt,1,Fall,0,0,0,Mild,0.09701464071294563,0,Normal,0,Mild
test,2613,262,SA02,SA02:F14_SA02_R01.txt,1,Fall,0,0,0,Mild,0.09300206961401353,0,Normal,0,Mild
test,2614,263,SA02,SA02:F14_SA02_R01.txt,1,Fall,0,0,0,Mild,0.06465364428169756,0,Normal,0,Mild
test,2624,264,SA02,SA02:F14_SA02_R02.txt,1,Fall,0,0,0,Mild,0.03318714295142622,0,Normal,0,Mild
test,2625,265,SA02,SA02:F14_SA02_R02.txt,1,Fall,0,0,0,Mild,0.040194365627997164,0,Normal,0,Mild
test,2626,266,SA02,SA02:F14_SA02_R02.txt,1,Fall,0,0,0,Mild,0.03869444259882632,0,Normal,0,Mild
test,2627,267,SA02,SA02:F14_SA02_R02.txt,1,Fall,0,0,0,Mild,0.02626385818308885,0,Normal,0,Mild
test,2637,268,SA02,SA02:F14_SA02_R03.txt,1,Fall,0,0,0,Mild,0.07414240297015195,0,Normal,0,Mild
test,2638,269,SA02,SA02:F14_SA02_R03.txt,1,Fall,0,0,0,Mild,0.07673145289077987,0,Normal,0,Mild
test,2639,270,SA02,SA02:F14_SA02_R03.txt,1,Fall,0,0,0,Mild,0.06237110588055633,0,Normal,0,Mild
test,2640,271,SA02,SA02:F14_SA02_R03.txt,1,Fall,0,0,0,Mild,0.0038517692979992413,0,Normal,0,Mild
test,2654,272,SA02,SA02:F14_SA02_R04.txt,1,Fall,0,0,0,Mild,0.0427970984756858,0,Normal,0,Mild
test,2655,273,SA02,SA02:F14_SA02_R04.txt,1,Fall,0,0,0,Mild,0.04445394630875571,0,Normal,0,Mild
test,2656,274,SA02,SA02:F14_SA02_R04.txt,1,Fall,0,0,0,Mild,0.036190095002060996,0,Normal,0,Mild
test,2657,275,SA02,SA02:F14_SA02_R04.txt,1,Fall,0,0,0,Mild,0.008000455445507204,0,Normal,0,Mild
test,2669,276,SA02,SA02:F14_SA02_R05.txt,1,Fall,0,0,0,Mild,0.05210707742273024,0,Normal,0,Mild
test,2670,277,SA02,SA02:F14_SA02_R05.txt,1,Fall,0,0,0,Mild,0.04627925646627801,0,Normal,0,Mild
test,2671,278,SA02,SA02:F14_SA02_R05.txt,1,Fall,0,0,0,Mild,0.03727519759811798,0,Normal,0,Mild
test,2672,279,SA02,SA02:F14_SA02_R05.txt,1,Fall,0,0,0,Mild,-0.00699657544013943,1,Anomalous,-1,Non-applicable
test,2682,280,SA02,SA02:F15_SA02_R01.txt,1,Fall,1,1,1,Severe,0.09104034272145989,0,Normal,1,Severe
test,2683,281,SA02,SA02:F15_SA02_R01.txt,1,Fall,1,1,1,Severe,0.1014141340645403,0,Normal,1,Severe
test,2684,282,SA02,SA02:F15_SA02_R01.txt,1,Fall,1,1,1,Severe,0.10221019903503337,0,Normal,1,Severe
test,2685,283,SA02,SA02:F15_SA02_R01.txt,1,Fall,1,1,1,Severe,0.06436219301005586,0,Normal,1,Severe
test,2701,284,SA02,SA02:F15_SA02_R02.txt,1,Fall,1,1,1,Severe,0.10918994780001268,0,Normal,1,Severe
test,2702,285,SA02,SA02:F15_SA02_R02.txt,1,Fall,1,1,1,Severe,0.11196072720978417,0,Normal,1,Severe
test,2703,286,SA02,SA02:F15_SA02_R02.txt,1,Fall,1,1,1,Severe,0.10126150671729134,0,Normal,1,Severe
test,2704,287,SA02,SA02:F15_SA02_R02.txt,1,Fall,1,1,1,Severe,0.047806027313030686,0,Normal,1,Severe
test,2717,288,SA02,SA02:F15_SA02_R03.txt,1,Fall,1,1,1,Severe,0.10247615361988505,0,Normal,1,Severe
test,2718,289,SA02,SA02:F15_SA02_R03.txt,1,Fall,1,1,1,Severe,0.10747874481686615,0,Normal,1,Severe
test,2719,290,SA02,SA02:F15_SA02_R03.txt,1,Fall,1,1,1,Severe,0.09879621003457495,0,Normal,1,Severe
test,2720,291,SA02,SA02:F15_SA02_R03.txt,1,Fall,1,1,1,Severe,0.07210662462243861,0,Normal,1,Severe
test,2727,292,SA02,SA02:F15_SA02_R04.txt,1,Fall,1,1,1,Severe,0.05534308443808217,0,Normal,1,Severe
test,2728,293,SA02,SA02:F15_SA02_R04.txt,1,Fall,1,1,1,Severe,0.09877887721042972,0,Normal,1,Severe
test,2729,294,SA02,SA02:F15_SA02_R04.txt,1,Fall,1,1,1,Severe,0.09622829602323935,0,Normal,1,Severe
test,2730,295,SA02,SA02:F15_SA02_R04.txt,1,Fall,1,1,1,Severe,0.08235016212822244,0,Normal,1,Severe
test,2743,296,SA02,SA02:F15_SA02_R05.txt,1,Fall,1,1,1,Severe,0.0711321125480594,0,Normal,1,Severe
test,2744,297,SA02,SA02:F15_SA02_R05.txt,1,Fall,1,1,1,Severe,0.11001585128279434,0,Normal,1,Severe
test,2745,298,SA02,SA02:F15_SA02_R05.txt,1,Fall,1,1,1,Severe,0.1073595876315156,0,Normal,1,Severe
test,2746,299,SA02,SA02:F15_SA02_R05.txt,1,Fall,1,1,1,Severe,0.0859037373406647,0,Normal,1,Severe
test,4392,300,SA03,SA03:F01_SA03_R01.txt,1,Fall,0,0,0,Mild,0.10738597785926685,0,Normal,0,Mild
test,4393,301,SA03,SA03:F01_SA03_R01.txt,1,Fall,0,0,0,Mild,0.10352839689663873,0,Normal,0,Mild
test,4394,302,SA03,SA03:F01_SA03_R01.txt,1,Fall,0,0,0,Mild,0.09898829477449617,0,Normal,0,Mild
test,4395,303,SA03,SA03:F01_SA03_R01.txt,1,Fall,0,0,0,Mild,0.043795049348074266,0,Normal,0,Mild
test,4406,304,SA03,SA03:F01_SA03_R02.txt,1,Fall,0,0,0,Mild,0.09398764252828962,0,Normal,0,Mild
test,4407,305,SA03,SA03:F01_SA03_R02.txt,1,Fall,0,0,0,Mild,0.0949734218855543,0,Normal,0,Mild
test,4408,306,SA03,SA03:F01_SA03_R02.txt,1,Fall,0,0,0,Mild,0.09035629887809987,0,Normal,0,Mild
test,4409,307,SA03,SA03:F01_SA03_R02.txt,1,Fall,0,0,0,Mild,0.04819251599094432,0,Normal,0,Mild
test,4419,308,SA03,SA03:F01_SA03_R03.txt,1,Fall,0,0,0,Mild,0.08419663779821529,0,Normal,0,Mild
test,4420,309,SA03,SA03:F01_SA03_R03.txt,1,Fall,0,0,0,Mild,0.08403142365714977,0,Normal,0,Mild
test,4421,310,SA03,SA03:F01_SA03_R03.txt,1,Fall,0,0,0,Mild,0.07561205670426735,0,Normal,0,Mild
test,4422,311,SA03,SA03:F01_SA03_R03.txt,1,Fall,0,0,0,Mild,-0.04723153539041314,1,Anomalous,-1,Non-applicable
test,4434,312,SA03,SA03:F01_SA03_R04.txt,1,Fall,0,0,0,Mild,0.09269821470611472,0,Normal,0,Mild
test,4435,313,SA03,SA03:F01_SA03_R04.txt,1,Fall,0,0,0,Mild,0.09714212260381311,0,Normal,0,Mild
test,4436,314,SA03,SA03:F01_SA03_R04.txt,1,Fall,0,0,0,Mild,0.08768986586124833,0,Normal,0,Mild
test,4437,315,SA03,SA03:F01_SA03_R04.txt,1,Fall,0,0,0,Mild,0.07291639645169157,0,Normal,0,Mild
test,4447,316,SA03,SA03:F01_SA03_R05.txt,1,Fall,0,0,0,Mild,0.09938794663618417,0,Normal,0,Mild
test,4448,317,SA03,SA03:F01_SA03_R05.txt,1,Fall,0,0,0,Mild,0.10249798723701126,0,Normal,0,Mild
test,4449,318,SA03,SA03:F01_SA03_R05.txt,1,Fall,0,0,0,Mild,0.09540930799827568,0,Normal,0,Mild
test,4450,319,SA03,SA03:F01_SA03_R05.txt,1,Fall,0,0,0,Mild,0.06707307695706405,0,Normal,0,Mild
test,4461,320,SA03,SA03:F02_SA03_R01.txt,1,Fall,1,1,1,Severe,0.05864288302782744,0,Normal,1,Severe
test,4462,321,SA03,SA03:F02_SA03_R01.txt,1,Fall,1,1,1,Severe,0.10489687838256528,0,Normal,1,Severe
test,4463,322,SA03,SA03:F02_SA03_R01.txt,1,Fall,1,1,1,Severe,0.11305207657150285,0,Normal,1,Severe
test,4464,323,SA03,SA03:F02_SA03_R01.txt,1,Fall,1,1,1,Severe,0.11490910334250126,0,Normal,1,Severe
test,4476,324,SA03,SA03:F02_SA03_R02.txt,1,Fall,1,1,1,Severe,0.10464812715808791,0,Normal,1,Severe
test,4477,325,SA03,SA03:F02_SA03_R02.txt,1,Fall,1,1,1,Severe,0.12078842938334516,0,Normal,1,Severe
test,4478,326,SA03,SA03:F02_SA03_R02.txt,1,Fall,1,1,1,Severe,0.12276791748005333,0,Normal,1,Severe
test,4479,327,SA03,SA03:F02_SA03_R02.txt,1,Fall,1,1,1,Severe,0.10436845440891762,0,Normal,1,Severe
test,4492,328,SA03,SA03:F02_SA03_R03.txt,1,Fall,1,1,1,Severe,0.09132939378729421,0,Normal,1,Severe
test,4493,329,SA03,SA03:F02_SA03_R03.txt,1,Fall,1,1,1,Severe,0.1227998640407435,0,Normal,1,Severe
test,4494,330,SA03,SA03:F02_SA03_R03.txt,1,Fall,1,1,1,Severe,0.1290831338606293,0,Normal,1,Severe
test,4495,331,SA03,SA03:F02_SA03_R03.txt,1,Fall,1,1,1,Severe,0.1292797282690144,0,Normal,1,Severe
test,4506,332,SA03,SA03:F02_SA03_R04.txt,1,Fall,1,1,1,Severe,0.09624201866871118,0,Normal,1,Severe
test,4507,333,SA03,SA03:F02_SA03_R04.txt,1,Fall,1,1,1,Severe,0.12636095114141865,0,Normal,1,Severe
test,4508,334,SA03,SA03:F02_SA03_R04.txt,1,Fall,1,1,1,Severe,0.12890712620007755,0,Normal,1,Severe
test,4509,335,SA03,SA03:F02_SA03_R04.txt,1,Fall,1,1,1,Severe,0.12011385969294519,0,Normal,1,Severe
test,4521,336,SA03,SA03:F02_SA03_R05.txt,1,Fall,1,1,1,Severe,0.08325219792549804,0,Normal,1,Severe
test,4522,337,SA03,SA03:F02_SA03_R05.txt,1,Fall,1,1,1,Severe,0.13138870418137627,0,Normal,1,Severe
test,4523,338,SA03,SA03:F02_SA03_R05.txt,1,Fall,1,1,1,Severe,0.13593182518220542,0,Normal,1,Severe
test,4524,339,SA03,SA03:F02_SA03_R05.txt,1,Fall,1,1,1,Severe,0.13409757232254677,0,Normal,1,Severe
test,4536,340,SA03,SA03:F03_SA03_R01.txt,1,Fall,1,1,1,Severe,0.0435021489179348,0,Normal,1,Severe
test,4537,341,SA03,SA03:F03_SA03_R01.txt,1,Fall,1,1,1,Severe,0.10179894195419364,0,Normal,1,Severe
test,4538,342,SA03,SA03:F03_SA03_R01.txt,1,Fall,1,1,1,Severe,0.10143638645462577,0,Normal,1,Severe
test,4539,343,SA03,SA03:F03_SA03_R01.txt,1,Fall,1,1,1,Severe,0.1031553868589773,0,Normal,1,Severe
test,4553,344,SA03,SA03:F03_SA03_R02.txt,1,Fall,1,1,1,Severe,0.08588286602783823,0,Normal,1,Severe
test,4554,345,SA03,SA03:F03_SA03_R02.txt,1,Fall,1,1,1,Severe,0.08753754263567548,0,Normal,1,Severe
test,4555,346,SA03,SA03:F03_SA03_R02.txt,1,Fall,1,1,1,Severe,0.0876989019994901,0,Normal,1,Severe
test,4556,347,SA03,SA03:F03_SA03_R02.txt,1,Fall,1,1,1,Severe,0.07571999369551952,0,Normal,1,Severe
test,4567,348,SA03,SA03:F03_SA03_R03.txt,1,Fall,1,1,1,Severe,0.10026212747726881,0,Normal,1,Severe
test,4568,349,SA03,SA03:F03_SA03_R03.txt,1,Fall,1,1,1,Severe,0.10854386152432,0,Normal,1,Severe
test,4569,350,SA03,SA03:F03_SA03_R03.txt,1,Fall,1,1,1,Severe,0.12297968229806455,0,Normal,1,Severe
test,4570,351,SA03,SA03:F03_SA03_R03.txt,1,Fall,1,1,1,Severe,0.10618914972709786,0,Normal,1,Severe
test,4582,352,SA03,SA03:F03_SA03_R04.txt,1,Fall,1,1,1,Severe,0.09497369103091852,0,Normal,1,Severe
test,4583,353,SA03,SA03:F03_SA03_R04.txt,1,Fall,1,1,1,Severe,0.09818831426768904,0,Normal,1,Severe
test,4584,354,SA03,SA03:F03_SA03_R04.txt,1,Fall,1,1,1,Severe,0.10632697567211857,0,Normal,1,Severe
test,4585,355,SA03,SA03:F03_SA03_R04.txt,1,Fall,1,1,1,Severe,0.05911390026594088,0,Normal,1,Severe
test,4598,356,SA03,SA03:F03_SA03_R05.txt,1,Fall,1,1,1,Severe,0.0882848386082325,0,Normal,1,Severe
test,4599,357,SA03,SA03:F03_SA03_R05.txt,1,Fall,1,1,1,Severe,0.10643466328076562,0,Normal,1,Severe
test,4600,358,SA03,SA03:F03_SA03_R05.txt,1,Fall,1,1,1,Severe,0.11788158249975578,0,Normal,1,Severe
test,4601,359,SA03,SA03:F03_SA03_R05.txt,1,Fall,1,1,1,Severe,0.109857108893961,0,Normal,1,Severe
test,4617,360,SA03,SA03:F04_SA03_R01.txt,1,Fall,0,0,0,Mild,0.09504668682795153,0,Normal,0,Mild
test,4618,361,SA03,SA03:F04_SA03_R01.txt,1,Fall,0,0,0,Mild,0.10690752445565477,0,Normal,0,Mild
test,4619,362,SA03,SA03:F04_SA03_R01.txt,1,Fall,0,0,0,Mild,0.10214899275217548,0,Normal,0,Mild
test,4620,363,SA03,SA03:F04_SA03_R01.txt,1,Fall,0,0,0,Mild,0.07643029173854976,0,Normal,0,Mild
test,4632,364,SA03,SA03:F04_SA03_R02.txt,1,Fall,0,0,0,Mild,0.09340738068763554,0,Normal,0,Mild
test,4633,365,SA03,SA03:F04_SA03_R02.txt,1,Fall,0,0,0,Mild,0.11194040434864733,0,Normal,0,Mild
test,4634,366,SA03,SA03:F04_SA03_R02.txt,1,Fall,0,0,0,Mild,0.11426414390036144,0,Normal,0,Mild
test,4635,367,SA03,SA03:F04_SA03_R02.txt,1,Fall,0,0,0,Mild,0.09536930305312569,0,Normal,0,Mild
test,4646,368,SA03,SA03:F04_SA03_R03.txt,1,Fall,0,0,0,Mild,0.09066360379984684,0,Normal,0,Mild
test,4647,369,SA03,SA03:F04_SA03_R03.txt,1,Fall,0,0,0,Mild,0.09968071806920004,0,Normal,0,Mild
test,4648,370,SA03,SA03:F04_SA03_R03.txt,1,Fall,0,0,0,Mild,0.1061317388323369,0,Normal,0,Mild
test,4649,371,SA03,SA03:F04_SA03_R03.txt,1,Fall,0,0,0,Mild,0.09669487646945596,0,Normal,0,Mild
test,4662,372,SA03,SA03:F04_SA03_R04.txt,1,Fall,0,0,0,Mild,0.09130281460049922,0,Normal,0,Mild
test,4663,373,SA03,SA03:F04_SA03_R04.txt,1,Fall,0,0,0,Mild,0.09148220142150254,0,Normal,0,Mild
test,4664,374,SA03,SA03:F04_SA03_R04.txt,1,Fall,0,0,0,Mild,0.08427874885976633,0,Normal,0,Mild
test,4665,375,SA03,SA03:F04_SA03_R04.txt,1,Fall,0,0,0,Mild,0.022580599932516154,0,Normal,0,Mild
test,4675,376,SA03,SA03:F04_SA03_R05.txt,1,Fall,0,0,0,Mild,0.07864092586404603,0,Normal,0,Mild
test,4676,377,SA03,SA03:F04_SA03_R05.txt,1,Fall,0,0,0,Mild,0.08405057421815643,0,Normal,0,Mild
test,4677,378,SA03,SA03:F04_SA03_R05.txt,1,Fall,0,0,0,Mild,0.0869985388266944,0,Normal,0,Mild
test,4678,379,SA03,SA03:F04_SA03_R05.txt,1,Fall,0,0,0,Mild,0.08399048109089663,0,Normal,0,Mild
test,4686,380,SA03,SA03:F05_SA03_R01.txt,1,Fall,0,0,0,Mild,0.056893988721877564,0,Normal,0,Mild
test,4687,381,SA03,SA03:F05_SA03_R01.txt,1,Fall,0,0,0,Mild,0.07136335525242715,0,Normal,0,Mild
test,4688,382,SA03,SA03:F05_SA03_R01.txt,1,Fall,0,0,0,Mild,0.06969370860543372,0,Normal,0,Mild
test,4689,383,SA03,SA03:F05_SA03_R01.txt,1,Fall,0,0,0,Mild,0.06986980771067264,0,Normal,0,Mild
test,4701,384,SA03,SA03:F05_SA03_R02.txt,1,Fall,0,0,0,Mild,0.07524228335814825,0,Normal,0,Mild
test,4702,385,SA03,SA03:F05_SA03_R02.txt,1,Fall,0,0,0,Mild,0.08759742859599723,0,Normal,0,Mild
test,4703,386,SA03,SA03:F05_SA03_R02.txt,1,Fall,0,0,0,Mild,0.09534100590112438,0,Normal,0,Mild
test,4704,387,SA03,SA03:F05_SA03_R02.txt,1,Fall,0,0,0,Mild,0.0988518981457332,0,Normal,0,Mild
test,4716,388,SA03,SA03:F05_SA03_R03.txt,1,Fall,1,1,1,Severe,0.039297357264767074,0,Normal,1,Severe
test,4717,389,SA03,SA03:F05_SA03_R03.txt,1,Fall,1,1,1,Severe,0.04434113278692464,0,Normal,1,Severe
test,4718,390,SA03,SA03:F05_SA03_R03.txt,1,Fall,1,1,1,Severe,0.06301420316108669,0,Normal,1,Severe
test,4719,391,SA03,SA03:F05_SA03_R03.txt,1,Fall,1,1,1,Severe,0.07281175988874777,0,Normal,1,Severe
test,4732,392,SA03,SA03:F05_SA03_R04.txt,1,Fall,0,0,0,Mild,0.06653969913787611,0,Normal,0,Mild
test,4733,393,SA03,SA03:F05_SA03_R04.txt,1,Fall,0,0,0,Mild,0.07893753724473834,0,Normal,0,Mild
test,4734,394,SA03,SA03:F05_SA03_R04.txt,1,Fall,0,0,0,Mild,0.07983508527334454,0,Normal,0,Mild
test,4735,395,SA03,SA03:F05_SA03_R04.txt,1,Fall,0,0,0,Mild,0.055064024915412624,0,Normal,0,Mild
test,4746,396,SA03,SA03:F05_SA03_R05.txt,1,Fall,1,1,1,Severe,0.011355252428164264,0,Normal,1,Severe
test,4747,397,SA03,SA03:F05_SA03_R05.txt,1,Fall,1,1,1,Severe,0.008533566173991591,0,Normal,1,Severe
test,4748,398,SA03,SA03:F05_SA03_R05.txt,1,Fall,1,1,1,Severe,0.01983334427360106,0,Normal,1,Severe
test,4749,399,SA03,SA03:F05_SA03_R05.txt,1,Fall,1,1,1,Severe,0.04312555256961226,0,Normal,1,Severe
test,4766,400,SA03,SA03:F06_SA03_R01.txt,1,Fall,1,1,1,Severe,0.07794864289053616,0,Normal,1,Severe
test,4767,401,SA03,SA03:F06_SA03_R01.txt,1,Fall,1,1,1,Severe,0.09308956985368821,0,Normal,1,Severe
test,4768,402,SA03,SA03:F06_SA03_R01.txt,1,Fall,1,1,1,Severe,0.09120146952039554,0,Normal,1,Severe
test,4769,403,SA03,SA03:F06_SA03_R01.txt,1,Fall,1,1,1,Severe,0.08001560177787714,0,Normal,1,Severe
test,4781,404,SA03,SA03:F06_SA03_R02.txt,1,Fall,1,1,1,Severe,0.08214370611953925,0,Normal,1,Severe
test,4782,405,SA03,SA03:F06_SA03_R02.txt,1,Fall,1,1,1,Severe,0.08699514327251162,0,Normal,1,Severe
test,4783,406,SA03,SA03:F06_SA03_R02.txt,1,Fall,1,1,1,Severe,0.08283047666131982,0,Normal,1,Severe
test,4784,407,SA03,SA03:F06_SA03_R02.txt,1,Fall,1,1,1,Severe,0.06253069243724868,0,Normal,1,Severe
test,4795,408,SA03,SA03:F06_SA03_R03.txt,1,Fall,1,1,1,Severe,0.07003986089899628,0,Normal,1,Severe
test,4796,409,SA03,SA03:F06_SA03_R03.txt,1,Fall,1,1,1,Severe,0.07902247278433261,0,Normal,1,Severe
test,4797,410,SA03,SA03:F06_SA03_R03.txt,1,Fall,1,1,1,Severe,0.07680293736620908,0,Normal,1,Severe
test,4798,411,SA03,SA03:F06_SA03_R03.txt,1,Fall,1,1,1,Severe,0.0721453014842644,0,Normal,1,Severe
test,4810,412,SA03,SA03:F06_SA03_R04.txt,1,Fall,1,1,1,Severe,0.10263148700819552,0,Normal,1,Severe
test,4811,413,SA03,SA03:F06_SA03_R04.txt,1,Fall,1,1,1,Severe,0.11406356348655772,0,Normal,1,Severe
test,4812,414,SA03,SA03:F06_SA03_R04.txt,1,Fall,1,1,1,Severe,0.11145592025134782,0,Normal,1,Severe
test,4813,415,SA03,SA03:F06_SA03_R04.txt,1,Fall,1,1,1,Severe,0.1081478253299602,0,Normal,1,Severe
test,4825,416,SA03,SA03:F06_SA03_R05.txt,1,Fall,1,1,1,Severe,0.11187504168982237,0,Normal,1,Severe
test,4826,417,SA03,SA03:F06_SA03_R05.txt,1,Fall,1,1,1,Severe,0.11777066741281417,0,Normal,1,Severe
test,4827,418,SA03,SA03:F06_SA03_R05.txt,1,Fall,1,1,1,Severe,0.12220345741412025,0,Normal,1,Severe
test,4828,419,SA03,SA03:F06_SA03_R05.txt,1,Fall,1,1,1,Severe,0.11376619246290026,0,Normal,1,Severe
test,4840,420,SA03,SA03:F07_SA03_R01.txt,1,Fall,1,1,1,Severe,0.08352606035693078,0,Normal,1,Severe
test,4841,421,SA03,SA03:F07_SA03_R01.txt,1,Fall,1,1,1,Severe,0.09242398676968494,0,Normal,1,Severe
test,4842,422,SA03,SA03:F07_SA03_R01.txt,1,Fall,1,1,1,Severe,0.0907968713779681,0,Normal,1,Severe
test,4843,423,SA03,SA03:F07_SA03_R01.txt,1,Fall,1,1,1,Severe,0.07658126423544853,0,Normal,1,Severe
test,4853,424,SA03,SA03:F07_SA03_R02.txt,1,Fall,1,1,1,Severe,0.051613307084407034,0,Normal,1,Severe
test,4854,425,SA03,SA03:F07_SA03_R02.txt,1,Fall,1,1,1,Severe,0.08908719829787881,0,Normal,1,Severe
test,4855,426,SA03,SA03:F07_SA03_R02.txt,1,Fall,1,1,1,Severe,0.09807281066540458,0,Normal,1,Severe
test,4856,427,SA03,SA03:F07_SA03_R02.txt,1,Fall,1,1,1,Severe,0.09104248220981592,0,Normal,1,Severe
test,4869,428,SA03,SA03:F07_SA03_R03.txt,1,Fall,1,1,1,Severe,0.01825644294713047,0,Normal,1,Severe
test,4870,429,SA03,SA03:F07_SA03_R03.txt,1,Fall,1,1,1,Severe,0.03148936487999876,0,Normal,1,Severe
test,4871,430,SA03,SA03:F07_SA03_R03.txt,1,Fall,1,1,1,Severe,0.021821628804016835,0,Normal,1,Severe
test,4872,431,SA03,SA03:F07_SA03_R03.txt,1,Fall,1,1,1,Severe,0.021539533129201205,0,Normal,1,Severe
test,4884,432,SA03,SA03:F07_SA03_R04.txt,1,Fall,1,1,1,Severe,0.06561768814426511,0,Normal,1,Severe
test,4885,433,SA03,SA03:F07_SA03_R04.txt,1,Fall,1,1,1,Severe,0.07091732785681437,0,Normal,1,Severe
test,4886,434,SA03,SA03:F07_SA03_R04.txt,1,Fall,1,1,1,Severe,0.07138889002616261,0,Normal,1,Severe
test,4887,435,SA03,SA03:F07_SA03_R04.txt,1,Fall,1,1,1,Severe,0.0607554289694221,0,Normal,1,Severe
test,4898,436,SA03,SA03:F07_SA03_R05.txt,1,Fall,1,1,1,Severe,0.09590747165979335,0,Normal,1,Severe
test,4899,437,SA03,SA03:F07_SA03_R05.txt,1,Fall,1,1,1,Severe,0.09851139950680243,0,Normal,1,Severe
test,4900,438,SA03,SA03:F07_SA03_R05.txt,1,Fall,1,1,1,Severe,0.08947226724230278,0,Normal,1,Severe
test,4901,439,SA03,SA03:F07_SA03_R05.txt,1,Fall,1,1,1,Severe,0.07505282561947357,0,Normal,1,Severe
test,4913,440,SA03,SA03:F08_SA03_R01.txt,1,Fall,0,0,0,Mild,0.08737978794721968,0,Normal,0,Mild
test,4914,441,SA03,SA03:F08_SA03_R01.txt,1,Fall,0,0,0,Mild,0.07895737714416495,0,Normal,0,Mild
test,4915,442,SA03,SA03:F08_SA03_R01.txt,1,Fall,0,0,0,Mild,0.06658727936338016,0,Normal,0,Mild
test,4916,443,SA03,SA03:F08_SA03_R01.txt,1,Fall,0,0,0,Mild,0.017720363290230523,0,Normal,0,Mild
test,4925,444,SA03,SA03:F08_SA03_R02.txt,1,Fall,0,0,0,Mild,0.08975726208048812,0,Normal,0,Mild
test,4926,445,SA03,SA03:F08_SA03_R02.txt,1,Fall,0,0,0,Mild,0.09078642936066911,0,Normal,0,Mild
test,4927,446,SA03,SA03:F08_SA03_R02.txt,1,Fall,0,0,0,Mild,0.07316524660265156,0,Normal,0,Mild
test,4928,447,SA03,SA03:F08_SA03_R02.txt,1,Fall,0,0,0,Mild,0.04431452594893481,0,Normal,0,Mild
test,4940,448,SA03,SA03:F08_SA03_R03.txt,1,Fall,0,0,0,Mild,0.08045529801424828,0,Normal,0,Mild
test,4941,449,SA03,SA03:F08_SA03_R03.txt,1,Fall,0,0,0,Mild,0.09099599977018497,0,Normal,0,Mild
test,4942,450,SA03,SA03:F08_SA03_R03.txt,1,Fall,0,0,0,Mild,0.08794021023685017,0,Normal,0,Mild
test,4943,451,SA03,SA03:F08_SA03_R03.txt,1,Fall,0,0,0,Mild,0.057591471446787224,0,Normal,0,Mild
test,4956,452,SA03,SA03:F08_SA03_R04.txt,1,Fall,0,0,0,Mild,0.060420672537385645,0,Normal,0,Mild
test,4957,453,SA03,SA03:F08_SA03_R04.txt,1,Fall,0,0,0,Mild,0.06597929393052837,0,Normal,0,Mild
test,4958,454,SA03,SA03:F08_SA03_R04.txt,1,Fall,0,0,0,Mild,0.049297842862815855,0,Normal,0,Mild
test,4959,455,SA03,SA03:F08_SA03_R04.txt,1,Fall,0,0,0,Mild,-0.02466327251980427,1,Anomalous,-1,Non-applicable
test,4972,456,SA03,SA03:F08_SA03_R05.txt,1,Fall,0,0,0,Mild,0.0834991187619975,0,Normal,0,Mild
test,4973,457,SA03,SA03:F08_SA03_R05.txt,1,Fall,0,0,0,Mild,0.08682134848573353,0,Normal,0,Mild
test,4974,458,SA03,SA03:F08_SA03_R05.txt,1,Fall,0,0,0,Mild,0.03461803730619978,0,Normal,0,Mild
test,4975,459,SA03,SA03:F08_SA03_R05.txt,1,Fall,0,0,0,Mild,-0.025385614040649207,1,Anomalous,-1,Non-applicable
test,4984,460,SA03,SA03:F09_SA03_R01.txt,1,Fall,1,1,1,Severe,0.06843379959634766,0,Normal,1,Severe
test,4985,461,SA03,SA03:F09_SA03_R01.txt,1,Fall,1,1,1,Severe,0.061229724880990655,0,Normal,1,Severe
test,4986,462,SA03,SA03:F09_SA03_R01.txt,1,Fall,1,1,1,Severe,0.06891477768544901,0,Normal,1,Severe
test,4987,463,SA03,SA03:F09_SA03_R01.txt,1,Fall,1,1,1,Severe,0.07164542740415963,0,Normal,1,Severe
test,5000,464,SA03,SA03:F09_SA03_R02.txt,1,Fall,1,1,1,Severe,0.0491550805776636,0,Normal,1,Severe
test,5001,465,SA03,SA03:F09_SA03_R02.txt,1,Fall,1,1,1,Severe,0.044730589518337194,0,Normal,1,Severe
test,5002,466,SA03,SA03:F09_SA03_R02.txt,1,Fall,1,1,1,Severe,0.05244185428758247,0,Normal,1,Severe
test,5003,467,SA03,SA03:F09_SA03_R02.txt,1,Fall,1,1,1,Severe,0.04499791182227436,0,Normal,1,Severe
test,5015,468,SA03,SA03:F09_SA03_R03.txt,1,Fall,1,1,1,Severe,0.09324243375762242,0,Normal,1,Severe
test,5016,469,SA03,SA03:F09_SA03_R03.txt,1,Fall,1,1,1,Severe,0.049377396829479725,0,Normal,1,Severe
test,5017,470,SA03,SA03:F09_SA03_R03.txt,1,Fall,1,1,1,Severe,0.05348943712091869,0,Normal,1,Severe
test,5018,471,SA03,SA03:F09_SA03_R03.txt,1,Fall,1,1,1,Severe,0.04739949065936894,0,Normal,1,Severe
test,5028,472,SA03,SA03:F09_SA03_R04.txt,1,Fall,1,1,1,Severe,0.11226452838753048,0,Normal,1,Severe
test,5029,473,SA03,SA03:F09_SA03_R04.txt,1,Fall,1,1,1,Severe,0.11492675180696671,0,Normal,1,Severe
test,5030,474,SA03,SA03:F09_SA03_R04.txt,1,Fall,1,1,1,Severe,0.11627175522689565,0,Normal,1,Severe
test,5031,475,SA03,SA03:F09_SA03_R04.txt,1,Fall,1,1,1,Severe,0.09944220957515015,0,Normal,1,Severe
test,5045,476,SA03,SA03:F09_SA03_R05.txt,1,Fall,1,1,1,Severe,0.06746996818402556,0,Normal,1,Severe
test,5046,477,SA03,SA03:F09_SA03_R05.txt,1,Fall,1,1,1,Severe,0.06315553173206095,0,Normal,1,Severe
test,5047,478,SA03,SA03:F09_SA03_R05.txt,1,Fall,1,1,1,Severe,0.055009467453367544,0,Normal,1,Severe
test,5048,479,SA03,SA03:F09_SA03_R05.txt,1,Fall,1,1,1,Severe,0.025912425362414337,0,Normal,1,Severe
test,5059,480,SA03,SA03:F10_SA03_R01.txt,1,Fall,0,0,0,Mild,0.07833550285320895,0,Normal,0,Mild
test,5060,481,SA03,SA03:F10_SA03_R01.txt,1,Fall,0,0,0,Mild,0.08529117311434536,0,Normal,0,Mild
test,5061,482,SA03,SA03:F10_SA03_R01.txt,1,Fall,0,0,0,Mild,0.08141468567292653,0,Normal,0,Mild
test,5062,483,SA03,SA03:F10_SA03_R01.txt,1,Fall,0,0,0,Mild,0.05638754544267077,0,Normal,0,Mild
test,5078,484,SA03,SA03:F10_SA03_R02.txt,1,Fall,0,0,0,Mild,0.07328863773039168,0,Normal,0,Mild
test,5079,485,SA03,SA03:F10_SA03_R02.txt,1,Fall,0,0,0,Mild,0.07774447507991822,0,Normal,0,Mild
test,5080,486,SA03,SA03:F10_SA03_R02.txt,1,Fall,0,0,0,Mild,0.07367885760948062,0,Normal,0,Mild
test,5081,487,SA03,SA03:F10_SA03_R02.txt,1,Fall,0,0,0,Mild,0.05295180356153689,0,Normal,0,Mild
test,5091,488,SA03,SA03:F10_SA03_R03.txt,1,Fall,0,0,0,Mild,0.08800362442762905,0,Normal,0,Mild
test,5092,489,SA03,SA03:F10_SA03_R03.txt,1,Fall,0,0,0,Mild,0.0886260402863207,0,Normal,0,Mild
test,5093,490,SA03,SA03:F10_SA03_R03.txt,1,Fall,0,0,0,Mild,0.082225153067576,0,Normal,0,Mild
test,5094,491,SA03,SA03:F10_SA03_R03.txt,1,Fall,0,0,0,Mild,0.04008644938954348,0,Normal,0,Mild
test,5110,492,SA03,SA03:F10_SA03_R04.txt,1,Fall,0,0,0,Mild,0.07767900840009073,0,Normal,0,Mild
test,5111,493,SA03,SA03:F10_SA03_R04.txt,1,Fall,0,0,0,Mild,0.0823591147621589,0,Normal,0,Mild
test,5112,494,SA03,SA03:F10_SA03_R04.txt,1,Fall,0,0,0,Mild,0.07455444499909458,0,Normal,0,Mild
test,5113,495,SA03,SA03:F10_SA03_R04.txt,1,Fall,0,0,0,Mild,0.008632742204172317,0,Normal,0,Mild
test,5123,496,SA03,SA03:F10_SA03_R05.txt,1,Fall,0,0,0,Mild,0.0854556293315124,0,Normal,0,Mild
test,5124,497,SA03,SA03:F10_SA03_R05.txt,1,Fall,0,0,0,Mild,0.0863347416569809,0,Normal,0,Mild
test,5125,498,SA03,SA03:F10_SA03_R05.txt,1,Fall,0,0,0,Mild,0.06914557711796326,0,Normal,0,Mild
test,5126,499,SA03,SA03:F10_SA03_R05.txt,1,Fall,0,0,0,Mild,0.041596593513283875,0,Normal,0,Mild
test,5134,500,SA03,SA03:F11_SA03_R01.txt,1,Fall,0,0,0,Mild,0.06947761795404755,0,Normal,0,Mild
test,5135,501,SA03,SA03:F11_SA03_R01.txt,1,Fall,0,0,0,Mild,0.09243936373828943,0,Normal,0,Mild
test,5136,502,SA03,SA03:F11_SA03_R01.txt,1,Fall,0,0,0,Mild,0.09686211824575353,0,Normal,0,Mild
test,5137,503,SA03,SA03:F11_SA03_R01.txt,1,Fall,0,0,0,Mild,0.09423999734969501,0,Normal,0,Mild
test,5150,504,SA03,SA03:F11_SA03_R02.txt,1,Fall,0,0,0,Mild,0.06690513517191438,0,Normal,0,Mild
test,5151,505,SA03,SA03:F11_SA03_R02.txt,1,Fall,0,0,0,Mild,0.09661684530454628,0,Normal,0,Mild
test,5152,506,SA03,SA03:F11_SA03_R02.txt,1,Fall,0,0,0,Mild,0.1005768937470578,0,Normal,0,Mild
test,5153,507,SA03,SA03:F11_SA03_R02.txt,1,Fall,0,0,0,Mild,0.0965849359432957,0,Normal,0,Mild
test,5166,508,SA03,SA03:F11_SA03_R03.txt,1,Fall,0,0,0,Mild,0.07961055138370099,0,Normal,0,Mild
test,5167,509,SA03,SA03:F11_SA03_R03.txt,1,Fall,0,0,0,Mild,0.10065155721169067,0,Normal,0,Mild
test,5168,510,SA03,SA03:F11_SA03_R03.txt,1,Fall,0,0,0,Mild,0.09459152127130782,0,Normal,0,Mild
test,5169,511,SA03,SA03:F11_SA03_R03.txt,1,Fall,0,0,0,Mild,0.09297375408770253,0,Normal,0,Mild
test,5181,512,SA03,SA03:F11_SA03_R04.txt,1,Fall,0,0,0,Mild,0.07778619929218433,0,Normal,0,Mild
test,5182,513,SA03,SA03:F11_SA03_R04.txt,1,Fall,0,0,0,Mild,0.08528571201703816,0,Normal,0,Mild
test,5183,514,SA03,SA03:F11_SA03_R04.txt,1,Fall,0,0,0,Mild,0.08294958212864378,0,Normal,0,Mild
test,5184,515,SA03,SA03:F11_SA03_R04.txt,1,Fall,0,0,0,Mild,0.08036685207104544,0,Normal,0,Mild
test,5194,516,SA03,SA03:F11_SA03_R05.txt,1,Fall,0,0,0,Mild,0.08814714518613898,0,Normal,0,Mild
test,5195,517,SA03,SA03:F11_SA03_R05.txt,1,Fall,0,0,0,Mild,0.09742081116542006,0,Normal,0,Mild
test,5196,518,SA03,SA03:F11_SA03_R05.txt,1,Fall,0,0,0,Mild,0.09127514231395573,0,Normal,0,Mild
test,5197,519,SA03,SA03:F11_SA03_R05.txt,1,Fall,0,0,0,Mild,0.08732790334639817,0,Normal,0,Mild
test,5209,520,SA03,SA03:F12_SA03_R01.txt,1,Fall,1,1,1,Severe,0.08523288115146499,0,Normal,1,Severe
test,5210,521,SA03,SA03:F12_SA03_R01.txt,1,Fall,1,1,1,Severe,0.11863184272677735,0,Normal,1,Severe
test,5211,522,SA03,SA03:F12_SA03_R01.txt,1,Fall,1,1,1,Severe,0.12128341100478707,0,Normal,1,Severe
test,5212,523,SA03,SA03:F12_SA03_R01.txt,1,Fall,1,1,1,Severe,0.11441134885697324,0,Normal,1,Severe
test,5227,524,SA03,SA03:F12_SA03_R02.txt,1,Fall,1,1,1,Severe,0.11667148674142702,0,Normal,1,Severe
test,5228,525,SA03,SA03:F12_SA03_R02.txt,1,Fall,1,1,1,Severe,0.12777823303127905,0,Normal,1,Severe
test,5229,526,SA03,SA03:F12_SA03_R02.txt,1,Fall,1,1,1,Severe,0.12920426220611575,0,Normal,1,Severe
test,5230,527,SA03,SA03:F12_SA03_R02.txt,1,Fall,1,1,1,Severe,0.11948100777997794,0,Normal,1,Severe
test,5241,528,SA03,SA03:F12_SA03_R03.txt,1,Fall,1,1,1,Severe,0.09300189999572989,0,Normal,1,Severe
test,5242,529,SA03,SA03:F12_SA03_R03.txt,1,Fall,1,1,1,Severe,0.12428101255207613,0,Normal,1,Severe
test,5243,530,SA03,SA03:F12_SA03_R03.txt,1,Fall,1,1,1,Severe,0.12576034758394394,0,Normal,1,Severe
test,5244,531,SA03,SA03:F12_SA03_R03.txt,1,Fall,1,1,1,Severe,0.12247889448201094,0,Normal,1,Severe
test,5254,532,SA03,SA03:F12_SA03_R04.txt,1,Fall,1,1,1,Severe,0.10131912854221914,0,Normal,1,Severe
test,5255,533,SA03,SA03:F12_SA03_R04.txt,1,Fall,1,1,1,Severe,0.12489385117660701,0,Normal,1,Severe
test,5256,534,SA03,SA03:F12_SA03_R04.txt,1,Fall,1,1,1,Severe,0.12281131104202664,0,Normal,1,Severe
test,5257,535,SA03,SA03:F12_SA03_R04.txt,1,Fall,1,1,1,Severe,0.11153659754639145,0,Normal,1,Severe
test,5269,536,SA03,SA03:F12_SA03_R05.txt,1,Fall,1,1,1,Severe,0.09535872784618615,0,Normal,1,Severe
test,5270,537,SA03,SA03:F12_SA03_R05.txt,1,Fall,1,1,1,Severe,0.1260361363460139,0,Normal,1,Severe
test,5271,538,SA03,SA03:F12_SA03_R05.txt,1,Fall,1,1,1,Severe,0.12302175849616986,0,Normal,1,Severe
test,5272,539,SA03,SA03:F12_SA03_R05.txt,1,Fall,1,1,1,Severe,0.1231309975222864,0,Normal,1,Severe
test,5290,540,SA03,SA03:F13_SA03_R01.txt,1,Fall,1,1,1,Severe,0.10448822169358296,0,Normal,1,Severe
test,5291,541,SA03,SA03:F13_SA03_R01.txt,1,Fall,1,1,1,Severe,0.1010643750945453,0,Normal,1,Severe
test,5292,542,SA03,SA03:F13_SA03_R01.txt,1,Fall,1,1,1,Severe,0.09051881217008056,0,Normal,1,Severe
test,5293,543,SA03,SA03:F13_SA03_R01.txt,1,Fall,1,1,1,Severe,0.06574364003599759,0,Normal,1,Severe
test,5299,544,SA03,SA03:F13_SA03_R02.txt,1,Fall,0,0,0,Mild,0.10802708150464735,0,Normal,0,Mild
test,5300,545,SA03,SA03:F13_SA03_R02.txt,1,Fall,0,0,0,Mild,0.12435294391319751,0,Normal,0,Mild
test,5301,546,SA03,SA03:F13_SA03_R02.txt,1,Fall,0,0,0,Mild,0.12116474716432896,0,Normal,0,Mild
test,5302,547,SA03,SA03:F13_SA03_R02.txt,1,Fall,0,0,0,Mild,0.09057022605509135,0,Normal,0,Mild
test,5316,548,SA03,SA03:F13_SA03_R03.txt,1,Fall,1,1,1,Severe,0.11369246728447813,0,Normal,1,Severe
test,5317,549,SA03,SA03:F13_SA03_R03.txt,1,Fall,1,1,1,Severe,0.11727167368351582,0,Normal,1,Severe
test,5318,550,SA03,SA03:F13_SA03_R03.txt,1,Fall,1,1,1,Severe,0.11742969672037734,0,Normal,1,Severe
test,5319,551,SA03,SA03:F13_SA03_R03.txt,1,Fall,1,1,1,Severe,0.09684450681491924,0,Normal,1,Severe
test,5329,552,SA03,SA03:F13_SA03_R04.txt,1,Fall,0,0,0,Mild,0.10215392074844992,0,Normal,0,Mild
test,5330,553,SA03,SA03:F13_SA03_R04.txt,1,Fall,0,0,0,Mild,0.11356489953242066,0,Normal,0,Mild
test,5331,554,SA03,SA03:F13_SA03_R04.txt,1,Fall,0,0,0,Mild,0.10756331597769181,0,Normal,0,Mild
test,5332,555,SA03,SA03:F13_SA03_R04.txt,1,Fall,0,0,0,Mild,0.0878857498252954,0,Normal,0,Mild
test,5345,556,SA03,SA03:F13_SA03_R05.txt,1,Fall,0,0,0,Mild,0.11214099037749659,0,Normal,0,Mild
test,5346,557,SA03,SA03:F13_SA03_R05.txt,1,Fall,0,0,0,Mild,0.11707602997945582,0,Normal,0,Mild
test,5347,558,SA03,SA03:F13_SA03_R05.txt,1,Fall,0,0,0,Mild,0.11624114799851304,0,Normal,0,Mild
test,5348,559,SA03,SA03:F13_SA03_R05.txt,1,Fall,0,0,0,Mild,0.0771716641359323,0,Normal,0,Mild
test,5360,560,SA03,SA03:F14_SA03_R01.txt,1,Fall,1,1,1,Severe,0.11341845556616736,0,Normal,1,Severe
test,5361,561,SA03,SA03:F14_SA03_R01.txt,1,Fall,1,1,1,Severe,0.1205853978661372,0,Normal,1,Severe
test,5362,562,SA03,SA03:F14_SA03_R01.txt,1,Fall,1,1,1,Severe,0.11875849773488972,0,Normal,1,Severe
test,5363,563,SA03,SA03:F14_SA03_R01.txt,1,Fall,0,0,0,Mild,0.06600088006316357,0,Normal,0,Mild
test,5375,564,SA03,SA03:F14_SA03_R02.txt,1,Fall,1,1,1,Severe,0.11161699046269602,0,Normal,1,Severe
test,5376,565,SA03,SA03:F14_SA03_R02.txt,1,Fall,1,1,1,Severe,0.11530754591331566,0,Normal,1,Severe
test,5377,566,SA03,SA03:F14_SA03_R02.txt,1,Fall,1,1,1,Severe,0.12080109207761014,0,Normal,1,Severe
test,5378,567,SA03,SA03:F14_SA03_R02.txt,1,Fall,1,1,1,Severe,0.08523148292483623,0,Normal,1,Severe
test,5389,568,SA03,SA03:F14_SA03_R03.txt,1,Fall,1,1,1,Severe,0.10224938924909921,0,Normal,1,Severe
test,5390,569,SA03,SA03:F14_SA03_R03.txt,1,Fall,1,1,1,Severe,0.11208044271654494,0,Normal,1,Severe
test,5391,570,SA03,SA03:F14_SA03_R03.txt,1,Fall,1,1,1,Severe,0.11670903867672544,0,Normal,1,Severe
test,5392,571,SA03,SA03:F14_SA03_R03.txt,1,Fall,1,1,1,Severe,0.10966789986476028,0,Normal,1,Severe
test,5404,572,SA03,SA03:F14_SA03_R04.txt,1,Fall,0,0,0,Mild,0.06179476731370326,0,Normal,0,Mild
test,5405,573,SA03,SA03:F14_SA03_R04.txt,1,Fall,0,0,0,Mild,0.10516306929882635,0,Normal,0,Mild
test,5406,574,SA03,SA03:F14_SA03_R04.txt,1,Fall,0,0,0,Mild,0.10994926050610043,0,Normal,0,Mild
test,5407,575,SA03,SA03:F14_SA03_R04.txt,1,Fall,0,0,0,Mild,0.10859291939666127,0,Normal,0,Mild
test,5419,576,SA03,SA03:F14_SA03_R05.txt,1,Fall,0,0,0,Mild,0.09628963804863427,0,Normal,0,Mild
test,5420,577,SA03,SA03:F14_SA03_R05.txt,1,Fall,1,1,1,Severe,0.10041155064450447,0,Normal,1,Severe
test,5421,578,SA03,SA03:F14_SA03_R05.txt,1,Fall,1,1,1,Severe,0.10274997146983755,0,Normal,1,Severe
test,5422,579,SA03,SA03:F14_SA03_R05.txt,1,Fall,0,0,0,Mild,0.07335912715160142,0,Normal,0,Mild
test,5433,580,SA03,SA03:F15_SA03_R01.txt,1,Fall,1,1,1,Severe,0.09366533845421648,0,Normal,1,Severe
test,5434,581,SA03,SA03:F15_SA03_R01.txt,1,Fall,1,1,1,Severe,0.10246985698538918,0,Normal,1,Severe
test,5435,582,SA03,SA03:F15_SA03_R01.txt,1,Fall,1,1,1,Severe,0.09500120530066991,0,Normal,1,Severe
test,5436,583,SA03,SA03:F15_SA03_R01.txt,1,Fall,1,1,1,Severe,0.0745802643804247,0,Normal,1,Severe
test,5450,584,SA03,SA03:F15_SA03_R02.txt,1,Fall,1,1,1,Severe,0.11573433139405459,0,Normal,1,Severe
test,5451,585,SA03,SA03:F15_SA03_R02.txt,1,Fall,1,1,1,Severe,0.12577356479575202,0,Normal,1,Severe
test,5452,586,SA03,SA03:F15_SA03_R02.txt,1,Fall,1,1,1,Severe,0.11673257194142256,0,Normal,1,Severe
test,5453,587,SA03,SA03:F15_SA03_R02.txt,1,Fall,1,1,1,Severe,0.040473408140659306,0,Normal,1,Severe
test,5468,588,SA03,SA03:F15_SA03_R03.txt,1,Fall,1,1,1,Severe,0.04832119237622906,0,Normal,1,Severe
test,5469,589,SA03,SA03:F15_SA03_R03.txt,1,Fall,1,1,1,Severe,0.10153208429801791,0,Normal,1,Severe
test,5470,590,SA03,SA03:F15_SA03_R03.txt,1,Fall,1,1,1,Severe,0.101386551963219,0,Normal,1,Severe
test,5471,591,SA03,SA03:F15_SA03_R03.txt,1,Fall,1,1,1,Severe,0.09890207218131608,0,Normal,1,Severe
test,5480,592,SA03,SA03:F15_SA03_R04.txt,1,Fall,1,1,1,Severe,0.0616336942709268,0,Normal,1,Severe
test,5481,593,SA03,SA03:F15_SA03_R04.txt,1,Fall,1,1,1,Severe,0.08980842634628089,0,Normal,1,Severe
test,5482,594,SA03,SA03:F15_SA03_R04.txt,1,Fall,1,1,1,Severe,0.10188784481041113,0,Normal,1,Severe
test,5483,595,SA03,SA03:F15_SA03_R04.txt,1,Fall,1,1,1,Severe,0.09670692704131872,0,Normal,1,Severe
test,5496,596,SA03,SA03:F15_SA03_R05.txt,1,Fall,1,1,1,Severe,0.11408248888399314,0,Normal,1,Severe
test,5497,597,SA03,SA03:F15_SA03_R05.txt,1,Fall,1,1,1,Severe,0.12494778016498076,0,Normal,1,Severe
test,5498,598,SA03,SA03:F15_SA03_R05.txt,1,Fall,1,1,1,Severe,0.1273239131018023,0,Normal,1,Severe
test,5499,599,SA03,SA03:F15_SA03_R05.txt,1,Fall,1,1,1,Severe,0.10645063998171322,0,Normal,1,Severe
test,7140,600,SA09,SA09:F01_SA09_R01.txt,1,Fall,1,1,1,Severe,0.10288344006623135,0,Normal,1,Severe
test,7141,601,SA09,SA09:F01_SA09_R01.txt,1,Fall,1,1,1,Severe,0.1162258764490458,0,Normal,1,Severe
test,7142,602,SA09,SA09:F01_SA09_R01.txt,1,Fall,1,1,1,Severe,0.11330789968945515,0,Normal,1,Severe
test,7143,603,SA09,SA09:F01_SA09_R01.txt,1,Fall,1,1,1,Severe,0.09422283425041095,0,Normal,1,Severe
test,7155,604,SA09,SA09:F01_SA09_R02.txt,1,Fall,0,0,0,Mild,0.12448472627745377,0,Normal,0,Mild
test,7156,605,SA09,SA09:F01_SA09_R02.txt,1,Fall,0,0,0,Mild,0.1296249822479112,0,Normal,0,Mild
test,7157,606,SA09,SA09:F01_SA09_R02.txt,1,Fall,0,0,0,Mild,0.12794676946084194,0,Normal,0,Mild
test,7158,607,SA09,SA09:F01_SA09_R02.txt,1,Fall,0,0,0,Mild,0.05549158952095684,0,Normal,0,Mild
test,7169,608,SA09,SA09:F01_SA09_R03.txt,1,Fall,0,0,0,Mild,0.07670545443383553,0,Normal,0,Mild
test,7170,609,SA09,SA09:F01_SA09_R03.txt,1,Fall,0,0,0,Mild,0.08656616828678249,0,Normal,0,Mild
test,7171,610,SA09,SA09:F01_SA09_R03.txt,1,Fall,0,0,0,Mild,0.09637380627207787,0,Normal,0,Mild
test,7172,611,SA09,SA09:F01_SA09_R03.txt,1,Fall,0,0,0,Mild,0.09919404767858869,0,Normal,0,Mild
test,7185,612,SA09,SA09:F01_SA09_R04.txt,1,Fall,0,0,0,Mild,0.08350126307034095,0,Normal,0,Mild
test,7186,613,SA09,SA09:F01_SA09_R04.txt,1,Fall,0,0,0,Mild,0.10288649352465445,0,Normal,0,Mild
test,7187,614,SA09,SA09:F01_SA09_R04.txt,1,Fall,0,0,0,Mild,0.10197776922046892,0,Normal,0,Mild
test,7188,615,SA09,SA09:F01_SA09_R04.txt,1,Fall,0,0,0,Mild,0.07836334508284803,0,Normal,0,Mild
test,7201,616,SA09,SA09:F01_SA09_R05.txt,1,Fall,1,1,1,Severe,0.11468677622465467,0,Normal,1,Severe
test,7202,617,SA09,SA09:F01_SA09_R05.txt,1,Fall,1,1,1,Severe,0.1249813331782314,0,Normal,1,Severe
test,7203,618,SA09,SA09:F01_SA09_R05.txt,1,Fall,1,1,1,Severe,0.11850037067699681,0,Normal,1,Severe
test,7204,619,SA09,SA09:F01_SA09_R05.txt,1,Fall,1,1,1,Severe,0.08786329096234985,0,Normal,1,Severe
test,7213,620,SA09,SA09:F02_SA09_R01.txt,1,Fall,1,1,1,Severe,0.0629744893572236,0,Normal,1,Severe
test,7214,621,SA09,SA09:F02_SA09_R01.txt,1,Fall,1,1,1,Severe,0.08486468713838846,0,Normal,1,Severe
test,7215,622,SA09,SA09:F02_SA09_R01.txt,1,Fall,1,1,1,Severe,0.08647461990815714,0,Normal,1,Severe
test,7216,623,SA09,SA09:F02_SA09_R01.txt,1,Fall,1,1,1,Severe,0.0821291499036157,0,Normal,1,Severe
test,7231,624,SA09,SA09:F02_SA09_R02.txt,1,Fall,1,1,1,Severe,0.07923651255543396,0,Normal,1,Severe
test,7232,625,SA09,SA09:F02_SA09_R02.txt,1,Fall,1,1,1,Severe,0.0927463236872284,0,Normal,1,Severe
test,7233,626,SA09,SA09:F02_SA09_R02.txt,1,Fall,1,1,1,Severe,0.08638547854789091,0,Normal,1,Severe
test,7234,627,SA09,SA09:F02_SA09_R02.txt,1,Fall,1,1,1,Severe,0.07717325903876893,0,Normal,1,Severe
test,7244,628,SA09,SA09:F02_SA09_R03.txt,1,Fall,1,1,1,Severe,0.09116753714423703,0,Normal,1,Severe
test,7245,629,SA09,SA09:F02_SA09_R03.txt,1,Fall,1,1,1,Severe,0.08883911970376668,0,Normal,1,Severe
test,7246,630,SA09,SA09:F02_SA09_R03.txt,1,Fall,1,1,1,Severe,0.0975410595691305,0,Normal,1,Severe
test,7247,631,SA09,SA09:F02_SA09_R03.txt,1,Fall,1,1,1,Severe,0.07181164733891698,0,Normal,1,Severe
test,7259,632,SA09,SA09:F02_SA09_R04.txt,1,Fall,1,1,1,Severe,0.043864143685370616,0,Normal,1,Severe
test,7260,633,SA09,SA09:F02_SA09_R04.txt,1,Fall,1,1,1,Severe,0.0397147213650787,0,Normal,1,Severe
test,7261,634,SA09,SA09:F02_SA09_R04.txt,1,Fall,1,1,1,Severe,0.0446529410416438,0,Normal,1,Severe
test,7262,635,SA09,SA09:F02_SA09_R04.txt,1,Fall,1,1,1,Severe,0.03040929646033186,0,Normal,1,Severe
test,7275,636,SA09,SA09:F02_SA09_R05.txt,1,Fall,1,1,1,Severe,0.08821267396676258,0,Normal,1,Severe
test,7276,637,SA09,SA09:F02_SA09_R05.txt,1,Fall,1,1,1,Severe,0.09659072345617359,0,Normal,1,Severe
test,7277,638,SA09,SA09:F02_SA09_R05.txt,1,Fall,1,1,1,Severe,0.09503268711702728,0,Normal,1,Severe
test,7278,639,SA09,SA09:F02_SA09_R05.txt,1,Fall,1,1,1,Severe,0.056664113075938605,0,Normal,1,Severe
test,7287,640,SA09,SA09:F03_SA09_R01.txt,1,Fall,1,1,1,Severe,0.0683792461518839,0,Normal,1,Severe
test,7288,641,SA09,SA09:F03_SA09_R01.txt,1,Fall,1,1,1,Severe,0.06738584894483468,0,Normal,1,Severe
test,7289,642,SA09,SA09:F03_SA09_R01.txt,1,Fall,1,1,1,Severe,0.06308326334583408,0,Normal,1,Severe
test,7290,643,SA09,SA09:F03_SA09_R01.txt,1,Fall,1,1,1,Severe,0.05249959612699656,0,Normal,1,Severe
test,7302,644,SA09,SA09:F03_SA09_R02.txt,1,Fall,1,1,1,Severe,0.06982316627399976,0,Normal,1,Severe
test,7303,645,SA09,SA09:F03_SA09_R02.txt,1,Fall,1,1,1,Severe,0.10545761718096786,0,Normal,1,Severe
test,7304,646,SA09,SA09:F03_SA09_R02.txt,1,Fall,1,1,1,Severe,0.10810008712653452,0,Normal,1,Severe
test,7305,647,SA09,SA09:F03_SA09_R02.txt,1,Fall,1,1,1,Severe,0.09570339446147352,0,Normal,1,Severe
test,7318,648,SA09,SA09:F03_SA09_R03.txt,1,Fall,1,1,1,Severe,0.056598435490961,0,Normal,1,Severe
test,7319,649,SA09,SA09:F03_SA09_R03.txt,1,Fall,1,1,1,Severe,0.08311610276593978,0,Normal,1,Severe
test,7320,650,SA09,SA09:F03_SA09_R03.txt,1,Fall,1,1,1,Severe,0.10008551700552698,0,Normal,1,Severe
test,7321,651,SA09,SA09:F03_SA09_R03.txt,1,Fall,1,1,1,Severe,0.09191056735529696,0,Normal,1,Severe
test,7333,652,SA09,SA09:F03_SA09_R04.txt,1,Fall,1,1,1,Severe,0.06094876247233366,0,Normal,1,Severe
test,7334,653,SA09,SA09:F03_SA09_R04.txt,1,Fall,1,1,1,Severe,0.0688810177854875,0,Normal,1,Severe
test,7335,654,SA09,SA09:F03_SA09_R04.txt,1,Fall,1,1,1,Severe,0.0715508613528934,0,Normal,1,Severe
test,7336,655,SA09,SA09:F03_SA09_R04.txt,1,Fall,1,1,1,Severe,0.015906406953004493,0,Normal,1,Severe
test,7349,656,SA09,SA09:F03_SA09_R05.txt,1,Fall,1,1,1,Severe,0.09569740177684566,0,Normal,1,Severe
test,7350,657,SA09,SA09:F03_SA09_R05.txt,1,Fall,1,1,1,Severe,0.10635067457709885,0,Normal,1,Severe
test,7351,658,SA09,SA09:F03_SA09_R05.txt,1,Fall,1,1,1,Severe,0.1140510224715518,0,Normal,1,Severe
test,7352,659,SA09,SA09:F03_SA09_R05.txt,1,Fall,1,1,1,Severe,0.09426591537055234,0,Normal,1,Severe
test,7365,660,SA09,SA09:F04_SA09_R01.txt,1,Fall,0,0,0,Mild,0.04975379660041124,0,Normal,0,Mild
test,7366,661,SA09,SA09:F04_SA09_R01.txt,1,Fall,0,0,0,Mild,0.05872569410775247,0,Normal,0,Mild
test,7367,662,SA09,SA09:F04_SA09_R01.txt,1,Fall,0,0,0,Mild,0.04816284644668867,0,Normal,0,Mild
test,7368,663,SA09,SA09:F04_SA09_R01.txt,1,Fall,0,0,0,Mild,-0.001836192192869679,1,Anomalous,-1,Non-applicable
test,7380,664,SA09,SA09:F04_SA09_R02.txt,1,Fall,0,0,0,Mild,0.06594323807350616,0,Normal,0,Mild
test,7381,665,SA09,SA09:F04_SA09_R02.txt,1,Fall,0,0,0,Mild,0.07341311134407674,0,Normal,0,Mild
test,7382,666,SA09,SA09:F04_SA09_R02.txt,1,Fall,0,0,0,Mild,0.0694058288790721,0,Normal,0,Mild
test,7383,667,SA09,SA09:F04_SA09_R02.txt,1,Fall,0,0,0,Mild,0.0037426963715387895,0,Normal,0,Mild
test,7396,668,SA09,SA09:F04_SA09_R03.txt,1,Fall,1,1,1,Severe,0.1271760749634091,0,Normal,1,Severe
test,7397,669,SA09,SA09:F04_SA09_R03.txt,1,Fall,1,1,1,Severe,0.13021335109865428,0,Normal,1,Severe
test,7398,670,SA09,SA09:F04_SA09_R03.txt,1,Fall,0,0,0,Mild,0.11934777117409096,0,Normal,0,Mild
test,7399,671,SA09,SA09:F04_SA09_R03.txt,1,Fall,0,0,0,Mild,0.06676732947795982,0,Normal,0,Mild
test,7411,672,SA09,SA09:F04_SA09_R04.txt,1,Fall,0,0,0,Mild,0.12208832598868186,0,Normal,0,Mild
test,7412,673,SA09,SA09:F04_SA09_R04.txt,1,Fall,0,0,0,Mild,0.13253660954584945,0,Normal,0,Mild
test,7413,674,SA09,SA09:F04_SA09_R04.txt,1,Fall,0,0,0,Mild,0.1359015318496396,0,Normal,0,Mild
test,7414,675,SA09,SA09:F04_SA09_R04.txt,1,Fall,0,0,0,Mild,0.11501494232571574,0,Normal,0,Mild
test,7425,676,SA09,SA09:F04_SA09_R05.txt,1,Fall,0,0,0,Mild,0.08341486701170198,0,Normal,0,Mild
test,7426,677,SA09,SA09:F04_SA09_R05.txt,1,Fall,0,0,0,Mild,0.10239389351821038,0,Normal,0,Mild
test,7427,678,SA09,SA09:F04_SA09_R05.txt,1,Fall,0,0,0,Mild,0.10776693025866085,0,Normal,0,Mild
test,7428,679,SA09,SA09:F04_SA09_R05.txt,1,Fall,0,0,0,Mild,0.08969367718301241,0,Normal,0,Mild
test,7438,680,SA09,SA09:F05_SA09_R01.txt,1,Fall,1,1,1,Severe,0.06359652704204227,0,Normal,1,Severe
test,7439,681,SA09,SA09:F05_SA09_R01.txt,1,Fall,1,1,1,Severe,0.06119923255359139,0,Normal,1,Severe
test,7440,682,SA09,SA09:F05_SA09_R01.txt,1,Fall,1,1,1,Severe,0.06431823516204799,0,Normal,1,Severe
test,7441,683,SA09,SA09:F05_SA09_R01.txt,1,Fall,0,0,0,Mild,-0.02098122108184286,1,Anomalous,-1,Non-applicable
test,7452,684,SA09,SA09:F05_SA09_R02.txt,1,Fall,1,1,1,Severe,0.05295319458262426,0,Normal,1,Severe
test,7453,685,SA09,SA09:F05_SA09_R02.txt,1,Fall,1,1,1,Severe,0.05719935042250923,0,Normal,1,Severe
test,7454,686,SA09,SA09:F05_SA09_R02.txt,1,Fall,1,1,1,Severe,0.06252717487393894,0,Normal,1,Severe
test,7455,687,SA09,SA09:F05_SA09_R02.txt,1,Fall,1,1,1,Severe,0.07051102507544749,0,Normal,1,Severe
test,7467,688,SA09,SA09:F05_SA09_R03.txt,1,Fall,0,0,0,Mild,0.09395475370852652,0,Normal,0,Mild
test,7468,689,SA09,SA09:F05_SA09_R03.txt,1,Fall,0,0,0,Mild,0.10538979601881732,0,Normal,0,Mild
test,7469,690,SA09,SA09:F05_SA09_R03.txt,1,Fall,0,0,0,Mild,0.10594591088039512,0,Normal,0,Mild
test,7470,691,SA09,SA09:F05_SA09_R03.txt,1,Fall,0,0,0,Mild,0.09122679899250002,0,Normal,0,Mild
test,7482,692,SA09,SA09:F05_SA09_R04.txt,1,Fall,0,0,0,Mild,0.09956590586668473,0,Normal,0,Mild
test,7483,693,SA09,SA09:F05_SA09_R04.txt,1,Fall,0,0,0,Mild,0.10852725026338955,0,Normal,0,Mild
test,7484,694,SA09,SA09:F05_SA09_R04.txt,1,Fall,0,0,0,Mild,0.10966203722152362,0,Normal,0,Mild
test,7485,695,SA09,SA09:F05_SA09_R04.txt,1,Fall,0,0,0,Mild,0.10986580392470219,0,Normal,0,Mild
test,7497,696,SA09,SA09:F05_SA09_R05.txt,1,Fall,0,0,0,Mild,0.06679368903389715,0,Normal,0,Mild
test,7498,697,SA09,SA09:F05_SA09_R05.txt,1,Fall,0,0,0,Mild,0.07866471545412979,0,Normal,0,Mild
test,7499,698,SA09,SA09:F05_SA09_R05.txt,1,Fall,0,0,0,Mild,0.08842740202741894,0,Normal,0,Mild
test,7500,699,SA09,SA09:F05_SA09_R05.txt,1,Fall,0,0,0,Mild,0.08326430530335993,0,Normal,0,Mild
test,7515,700,SA09,SA09:F06_SA09_R01.txt,1,Fall,1,1,1,Severe,0.06452236842802356,0,Normal,1,Severe
test,7516,701,SA09,SA09:F06_SA09_R01.txt,1,Fall,1,1,1,Severe,0.09570982707258102,0,Normal,1,Severe
test,7517,702,SA09,SA09:F06_SA09_R01.txt,1,Fall,1,1,1,Severe,0.10117054304550743,0,Normal,1,Severe
test,7518,703,SA09,SA09:F06_SA09_R01.txt,1,Fall,1,1,1,Severe,0.10355323068502648,0,Normal,1,Severe
test,7530,704,SA09,SA09:F06_SA09_R02.txt,1,Fall,1,1,1,Severe,0.058360940879631895,0,Normal,1,Severe
test,7531,705,SA09,SA09:F06_SA09_R02.txt,1,Fall,1,1,1,Severe,0.0680769752542903,0,Normal,1,Severe
test,7532,706,SA09,SA09:F06_SA09_R02.txt,1,Fall,1,1,1,Severe,0.07235062996986868,0,Normal,1,Severe
test,7533,707,SA09,SA09:F06_SA09_R02.txt,1,Fall,1,1,1,Severe,0.0825706129044797,0,Normal,1,Severe
test,7545,708,SA09,SA09:F06_SA09_R03.txt,1,Fall,1,1,1,Severe,0.09888750436381716,0,Normal,1,Severe
test,7546,709,SA09,SA09:F06_SA09_R03.txt,1,Fall,1,1,1,Severe,0.10149160183661571,0,Normal,1,Severe
test,7547,710,SA09,SA09:F06_SA09_R03.txt,1,Fall,1,1,1,Severe,0.10770831502533879,0,Normal,1,Severe
test,7548,711,SA09,SA09:F06_SA09_R03.txt,1,Fall,1,1,1,Severe,0.09487011773623716,0,Normal,1,Severe
test,7561,712,SA09,SA09:F06_SA09_R04.txt,1,Fall,1,1,1,Severe,0.09074862428555958,0,Normal,1,Severe
test,7562,713,SA09,SA09:F06_SA09_R04.txt,1,Fall,1,1,1,Severe,0.09911734667275951,0,Normal,1,Severe
test,7563,714,SA09,SA09:F06_SA09_R04.txt,1,Fall,1,1,1,Severe,0.10492552881688455,0,Normal,1,Severe
test,7564,715,SA09,SA09:F06_SA09_R04.txt,1,Fall,1,1,1,Severe,0.06691823021733012,0,Normal,1,Severe
test,7575,716,SA09,SA09:F06_SA09_R05.txt,1,Fall,1,1,1,Severe,0.07844262986085315,0,Normal,1,Severe
test,7576,717,SA09,SA09:F06_SA09_R05.txt,1,Fall,1,1,1,Severe,0.09657522756758807,0,Normal,1,Severe
test,7577,718,SA09,SA09:F06_SA09_R05.txt,1,Fall,1,1,1,Severe,0.09796930252515695,0,Normal,1,Severe
test,7578,719,SA09,SA09:F06_SA09_R05.txt,1,Fall,1,1,1,Severe,0.08102799353209139,0,Normal,1,Severe
test,7588,720,SA09,SA09:F07_SA09_R01.txt,1,Fall,1,1,1,Severe,0.11964068085627377,0,Normal,1,Severe
test,7589,721,SA09,SA09:F07_SA09_R01.txt,1,Fall,1,1,1,Severe,0.1219414387467333,0,Normal,1,Severe
test,7590,722,SA09,SA09:F07_SA09_R01.txt,1,Fall,1,1,1,Severe,0.10942521492730939,0,Normal,1,Severe
test,7591,723,SA09,SA09:F07_SA09_R01.txt,1,Fall,1,1,1,Severe,0.0487032034688657,0,Normal,1,Severe
test,7604,724,SA09,SA09:F07_SA09_R02.txt,1,Fall,1,1,1,Severe,0.09945227793439954,0,Normal,1,Severe
test,7605,725,SA09,SA09:F07_SA09_R02.txt,1,Fall,1,1,1,Severe,0.11081170329903234,0,Normal,1,Severe
test,7606,726,SA09,SA09:F07_SA09_R02.txt,1,Fall,1,1,1,Severe,0.10383892972938225,0,Normal,1,Severe
test,7607,727,SA09,SA09:F07_SA09_R02.txt,1,Fall,1,1,1,Severe,0.0934665788665161,0,Normal,1,Severe
test,7620,728,SA09,SA09:F07_SA09_R03.txt,1,Fall,1,1,1,Severe,0.07819655716418672,0,Normal,1,Severe
test,7621,729,SA09,SA09:F07_SA09_R03.txt,1,Fall,1,1,1,Severe,0.08801648016826041,0,Normal,1,Severe
test,7622,730,SA09,SA09:F07_SA09_R03.txt,1,Fall,1,1,1,Severe,0.08588039178435108,0,Normal,1,Severe
test,7623,731,SA09,SA09:F07_SA09_R03.txt,1,Fall,1,1,1,Severe,0.06687497024934713,0,Normal,1,Severe
test,7635,732,SA09,SA09:F07_SA09_R04.txt,1,Fall,1,1,1,Severe,0.08995880208544549,0,Normal,1,Severe
test,7636,733,SA09,SA09:F07_SA09_R04.txt,1,Fall,1,1,1,Severe,0.10362390324921855,0,Normal,1,Severe
test,7637,734,SA09,SA09:F07_SA09_R04.txt,1,Fall,1,1,1,Severe,0.09903827724098124,0,Normal,1,Severe
test,7638,735,SA09,SA09:F07_SA09_R04.txt,1,Fall,1,1,1,Severe,0.09662439220315788,0,Normal,1,Severe
test,7650,736,SA09,SA09:F07_SA09_R05.txt,1,Fall,1,1,1,Severe,0.07504588791406996,0,Normal,1,Severe
test,7651,737,SA09,SA09:F07_SA09_R05.txt,1,Fall,1,1,1,Severe,0.08309863015202956,0,Normal,1,Severe
test,7652,738,SA09,SA09:F07_SA09_R05.txt,1,Fall,1,1,1,Severe,0.08167107791493489,0,Normal,1,Severe
test,7653,739,SA09,SA09:F07_SA09_R05.txt,1,Fall,0,0,0,Mild,0.05295689281552729,0,Normal,0,Mild
test,7664,740,SA09,SA09:F08_SA09_R01.txt,1,Fall,1,1,1,Severe,0.12186891433352381,0,Normal,1,Severe
test,7665,741,SA09,SA09:F08_SA09_R01.txt,1,Fall,1,1,1,Severe,0.12433064572688074,0,Normal,1,Severe
test,7666,742,SA09,SA09:F08_SA09_R01.txt,1,Fall,1,1,1,Severe,0.11980437466788779,0,Normal,1,Severe
test,7667,743,SA09,SA09:F08_SA09_R01.txt,1,Fall,1,1,1,Severe,0.09122222614634518,0,Normal,1,Severe
test,7680,744,SA09,SA09:F08_SA09_R02.txt,1,Fall,0,0,0,Mild,0.1273189626706967,0,Normal,0,Mild
test,7681,745,SA09,SA09:F08_SA09_R02.txt,1,Fall,0,0,0,Mild,0.12578523332690988,0,Normal,0,Mild
test,7682,746,SA09,SA09:F08_SA09_R02.txt,1,Fall,0,0,0,Mild,0.10389500467006973,0,Normal,0,Mild
test,7683,747,SA09,SA09:F08_SA09_R02.txt,1,Fall,0,0,0,Mild,0.053685792278813704,0,Normal,0,Mild
test,7696,748,SA09,SA09:F08_SA09_R03.txt,1,Fall,1,1,1,Severe,0.06871464036439501,0,Normal,1,Severe
test,7697,749,SA09,SA09:F08_SA09_R03.txt,1,Fall,1,1,1,Severe,0.07127783110945018,0,Normal,1,Severe
test,7698,750,SA09,SA09:F08_SA09_R03.txt,1,Fall,1,1,1,Severe,0.057282616052163504,0,Normal,1,Severe
test,7699,751,SA09,SA09:F08_SA09_R03.txt,1,Fall,1,1,1,Severe,0.028155808617876144,0,Normal,1,Severe
test,7708,752,SA09,SA09:F08_SA09_R04.txt,1,Fall,0,0,0,Mild,0.11556409129614409,0,Normal,0,Mild
test,7709,753,SA09,SA09:F08_SA09_R04.txt,1,Fall,0,0,0,Mild,0.12013205309811353,0,Normal,0,Mild
test,7710,754,SA09,SA09:F08_SA09_R04.txt,1,Fall,0,0,0,Mild,0.1151031614275751,0,Normal,0,Mild
test,7711,755,SA09,SA09:F08_SA09_R04.txt,1,Fall,0,0,0,Mild,0.08080707684966631,0,Normal,0,Mild
test,7724,756,SA09,SA09:F08_SA09_R05.txt,1,Fall,0,0,0,Mild,0.09441964858076324,0,Normal,0,Mild
test,7725,757,SA09,SA09:F08_SA09_R05.txt,1,Fall,0,0,0,Mild,0.09818914269293844,0,Normal,0,Mild
test,7726,758,SA09,SA09:F08_SA09_R05.txt,1,Fall,0,0,0,Mild,0.08553994317258967,0,Normal,0,Mild
test,7727,759,SA09,SA09:F08_SA09_R05.txt,1,Fall,0,0,0,Mild,0.05535967162500394,0,Normal,0,Mild
test,7738,760,SA09,SA09:F09_SA09_R01.txt,1,Fall,1,1,1,Severe,0.11946918480350982,0,Normal,1,Severe
test,7739,761,SA09,SA09:F09_SA09_R01.txt,1,Fall,1,1,1,Severe,0.12362658169812885,0,Normal,1,Severe
test,7740,762,SA09,SA09:F09_SA09_R01.txt,1,Fall,1,1,1,Severe,0.11997091312592634,0,Normal,1,Severe
test,7741,763,SA09,SA09:F09_SA09_R01.txt,1,Fall,1,1,1,Severe,0.09570631575201155,0,Normal,1,Severe
test,7754,764,SA09,SA09:F09_SA09_R02.txt,1,Fall,1,1,1,Severe,0.1184766134910642,0,Normal,1,Severe
test,7755,765,SA09,SA09:F09_SA09_R02.txt,1,Fall,1,1,1,Severe,0.12026831161727658,0,Normal,1,Severe
test,7756,766,SA09,SA09:F09_SA09_R02.txt,1,Fall,1,1,1,Severe,0.11312211596854788,0,Normal,1,Severe
test,7757,767,SA09,SA09:F09_SA09_R02.txt,1,Fall,1,1,1,Severe,0.08761554776833463,0,Normal,1,Severe
test,7769,768,SA09,SA09:F09_SA09_R03.txt,1,Fall,1,1,1,Severe,0.08729046731908124,0,Normal,1,Severe
test,7770,769,SA09,SA09:F09_SA09_R03.txt,1,Fall,1,1,1,Severe,0.11321174137192719,0,Normal,1,Severe
test,7771,770,SA09,SA09:F09_SA09_R03.txt,1,Fall,1,1,1,Severe,0.11627348350087935,0,Normal,1,Severe
test,7772,771,SA09,SA09:F09_SA09_R03.txt,1,Fall,1,1,1,Severe,0.10734614397156095,0,Normal,1,Severe
test,7782,772,SA09,SA09:F09_SA09_R04.txt,1,Fall,1,1,1,Severe,0.0873387363170336,0,Normal,1,Severe
test,7783,773,SA09,SA09:F09_SA09_R04.txt,1,Fall,1,1,1,Severe,0.0950082077968828,0,Normal,1,Severe
test,7784,774,SA09,SA09:F09_SA09_R04.txt,1,Fall,1,1,1,Severe,0.10198061068005215,0,Normal,1,Severe
test,7785,775,SA09,SA09:F09_SA09_R04.txt,1,Fall,1,1,1,Severe,0.09051493380594172,0,Normal,1,Severe
test,7799,776,SA09,SA09:F09_SA09_R05.txt,1,Fall,1,1,1,Severe,0.11843134320490989,0,Normal,1,Severe
test,7800,777,SA09,SA09:F09_SA09_R05.txt,1,Fall,1,1,1,Severe,0.11333154979035476,0,Normal,1,Severe
test,7801,778,SA09,SA09:F09_SA09_R05.txt,1,Fall,1,1,1,Severe,0.10977779951444999,0,Normal,1,Severe
test,7802,779,SA09,SA09:F09_SA09_R05.txt,1,Fall,1,1,1,Severe,0.054216537907354645,0,Normal,1,Severe
test,7813,780,SA09,SA09:F10_SA09_R01.txt,1,Fall,0,0,0,Mild,0.10961508959347971,0,Normal,0,Mild
test,7814,781,SA09,SA09:F10_SA09_R01.txt,1,Fall,1,1,1,Severe,0.11962554767432215,0,Normal,1,Severe
test,7815,782,SA09,SA09:F10_SA09_R01.txt,1,Fall,1,1,1,Severe,0.10999053725959013,0,Normal,1,Severe
test,7816,783,SA09,SA09:F10_SA09_R01.txt,1,Fall,1,1,1,Severe,0.09177036308301378,0,Normal,1,Severe
test,7829,784,SA09,SA09:F10_SA09_R02.txt,1,Fall,0,0,0,Mild,0.06095875629479669,0,Normal,0,Mild
test,7830,785,SA09,SA09:F10_SA09_R02.txt,1,Fall,0,0,0,Mild,0.03634828481395136,0,Normal,0,Mild
test,7831,786,SA09,SA09:F10_SA09_R02.txt,1,Fall,0,0,0,Mild,0.03125626171975182,0,Normal,0,Mild
test,7832,787,SA09,SA09:F10_SA09_R02.txt,1,Fall,0,0,0,Mild,-0.009755114884646532,1,Anomalous,-1,Non-applicable
test,7843,788,SA09,SA09:F10_SA09_R03.txt,1,Fall,1,1,1,Severe,0.0972461288841176,0,Normal,1,Severe
test,7844,789,SA09,SA09:F10_SA09_R03.txt,1,Fall,1,1,1,Severe,0.0914304110395931,0,Normal,1,Severe
test,7845,790,SA09,SA09:F10_SA09_R03.txt,1,Fall,1,1,1,Severe,0.07539827783182262,0,Normal,1,Severe
test,7846,791,SA09,SA09:F10_SA09_R03.txt,1,Fall,1,1,1,Severe,0.06839355875674397,0,Normal,1,Severe
test,7860,792,SA09,SA09:F10_SA09_R04.txt,1,Fall,0,0,0,Mild,0.09341172227652567,0,Normal,0,Mild
test,7861,793,SA09,SA09:F10_SA09_R04.txt,1,Fall,0,0,0,Mild,0.10256638107682875,0,Normal,0,Mild
test,7862,794,SA09,SA09:F10_SA09_R04.txt,1,Fall,0,0,0,Mild,0.0863259428882352,0,Normal,0,Mild
test,7863,795,SA09,SA09:F10_SA09_R04.txt,1,Fall,0,0,0,Mild,0.049553030565147704,0,Normal,0,Mild
test,7872,796,SA09,SA09:F10_SA09_R05.txt,1,Fall,0,0,0,Mild,0.03849793465902718,0,Normal,0,Mild
test,7873,797,SA09,SA09:F10_SA09_R05.txt,1,Fall,0,0,0,Mild,0.038496698611822144,0,Normal,0,Mild
test,7874,798,SA09,SA09:F10_SA09_R05.txt,1,Fall,0,0,0,Mild,0.02929562056414181,0,Normal,0,Mild
test,7875,799,SA09,SA09:F10_SA09_R05.txt,1,Fall,0,0,0,Mild,0.022823449973267573,0,Normal,0,Mild
test,7887,800,SA09,SA09:F11_SA09_R01.txt,1,Fall,0,0,0,Mild,0.03915383834373881,0,Normal,0,Mild
test,7888,801,SA09,SA09:F11_SA09_R01.txt,1,Fall,0,0,0,Mild,0.03107496427078149,0,Normal,0,Mild
test,7889,802,SA09,SA09:F11_SA09_R01.txt,1,Fall,0,0,0,Mild,0.024099277955180076,0,Normal,0,Mild
test,7890,803,SA09,SA09:F11_SA09_R01.txt,1,Fall,0,0,0,Mild,0.015412846331407715,0,Normal,0,Mild
test,7903,804,SA09,SA09:F11_SA09_R02.txt,1,Fall,0,0,0,Mild,0.00879977208918914,0,Normal,0,Mild
test,7904,805,SA09,SA09:F11_SA09_R02.txt,1,Fall,0,0,0,Mild,0.024595530646673858,0,Normal,0,Mild
test,7905,806,SA09,SA09:F11_SA09_R02.txt,1,Fall,0,0,0,Mild,0.025945038782151264,0,Normal,0,Mild
test,7906,807,SA09,SA09:F11_SA09_R02.txt,1,Fall,0,0,0,Mild,0.0155561401036457,0,Normal,0,Mild
test,7919,808,SA09,SA09:F11_SA09_R03.txt,1,Fall,0,0,0,Mild,0.09172417578182929,0,Normal,0,Mild
test,7920,809,SA09,SA09:F11_SA09_R03.txt,1,Fall,0,0,0,Mild,0.0920480246816181,0,Normal,0,Mild
test,7921,810,SA09,SA09:F11_SA09_R03.txt,1,Fall,0,0,0,Mild,0.09165216261279008,0,Normal,0,Mild
test,7922,811,SA09,SA09:F11_SA09_R03.txt,1,Fall,0,0,0,Mild,0.06864820857332171,0,Normal,0,Mild
test,7933,812,SA09,SA09:F11_SA09_R04.txt,1,Fall,0,0,0,Mild,0.06827660667976193,0,Normal,0,Mild
test,7934,813,SA09,SA09:F11_SA09_R04.txt,1,Fall,0,0,0,Mild,0.10175660606112769,0,Normal,0,Mild
test,7935,814,SA09,SA09:F11_SA09_R04.txt,1,Fall,0,0,0,Mild,0.09260752938369965,0,Normal,0,Mild
test,7936,815,SA09,SA09:F11_SA09_R04.txt,1,Fall,0,0,0,Mild,0.0923457525241339,0,Normal,0,Mild
test,7949,816,SA09,SA09:F11_SA09_R05.txt,1,Fall,0,0,0,Mild,0.05140007845752459,0,Normal,0,Mild
test,7950,817,SA09,SA09:F11_SA09_R05.txt,1,Fall,0,0,0,Mild,0.05724040551582016,0,Normal,0,Mild
test,7951,818,SA09,SA09:F11_SA09_R05.txt,1,Fall,0,0,0,Mild,0.05064065245385868,0,Normal,0,Mild
test,7952,819,SA09,SA09:F11_SA09_R05.txt,1,Fall,0,0,0,Mild,0.04045534252697014,0,Normal,0,Mild
test,7963,820,SA09,SA09:F12_SA09_R01.txt,1,Fall,1,1,1,Severe,0.10580583638135821,0,Normal,1,Severe
test,7964,821,SA09,SA09:F12_SA09_R01.txt,1,Fall,1,1,1,Severe,0.13117644980691412,0,Normal,1,Severe
test,7965,822,SA09,SA09:F12_SA09_R01.txt,1,Fall,1,1,1,Severe,0.1307375338177958,0,Normal,1,Severe
test,7966,823,SA09,SA09:F12_SA09_R01.txt,1,Fall,1,1,1,Severe,0.11856683793483086,0,Normal,1,Severe
test,7979,824,SA09,SA09:F12_SA09_R02.txt,1,Fall,0,0,0,Mild,0.11094198125387494,0,Normal,0,Mild
test,7980,825,SA09,SA09:F12_SA09_R02.txt,1,Fall,0,0,0,Mild,0.11898204404493196,0,Normal,0,Mild
test,7981,826,SA09,SA09:F12_SA09_R02.txt,1,Fall,0,0,0,Mild,0.11645108073220983,0,Normal,0,Mild
test,7982,827,SA09,SA09:F12_SA09_R02.txt,1,Fall,0,0,0,Mild,0.05549043521652153,0,Normal,0,Mild
test,7994,828,SA09,SA09:F12_SA09_R03.txt,1,Fall,1,1,1,Severe,0.0882711395577202,0,Normal,1,Severe
test,7995,829,SA09,SA09:F12_SA09_R03.txt,1,Fall,1,1,1,Severe,0.12323791469216289,0,Normal,1,Severe
test,7996,830,SA09,SA09:F12_SA09_R03.txt,1,Fall,1,1,1,Severe,0.12365597921509192,0,Normal,1,Severe
test,7997,831,SA09,SA09:F12_SA09_R03.txt,1,Fall,1,1,1,Severe,0.12002680582598291,0,Normal,1,Severe
test,8009,832,SA09,SA09:F12_SA09_R04.txt,1,Fall,1,1,1,Severe,0.11263601472073403,0,Normal,1,Severe
test,8010,833,SA09,SA09:F12_SA09_R04.txt,1,Fall,1,1,1,Severe,0.11499656480394882,0,Normal,1,Severe
test,8011,834,SA09,SA09:F12_SA09_R04.txt,1,Fall,1,1,1,Severe,0.11238712939050904,0,Normal,1,Severe
test,8012,835,SA09,SA09:F12_SA09_R04.txt,1,Fall,1,1,1,Severe,0.09197208928673384,0,Normal,1,Severe
test,8023,836,SA09,SA09:F12_SA09_R05.txt,1,Fall,1,1,1,Severe,0.09251750963590427,0,Normal,1,Severe
test,8024,837,SA09,SA09:F12_SA09_R05.txt,1,Fall,1,1,1,Severe,0.1158673792082392,0,Normal,1,Severe
test,8025,838,SA09,SA09:F12_SA09_R05.txt,1,Fall,1,1,1,Severe,0.11667736115902377,0,Normal,1,Severe
test,8026,839,SA09,SA09:F12_SA09_R05.txt,1,Fall,1,1,1,Severe,0.10053520174365876,0,Normal,1,Severe
test,8040,840,SA09,SA09:F13_SA09_R01.txt,1,Fall,0,0,0,Mild,0.10568494810306217,0,Normal,0,Mild
test,8041,841,SA09,SA09:F13_SA09_R01.txt,1,Fall,0,0,0,Mild,0.1076866754896525,0,Normal,0,Mild
test,8042,842,SA09,SA09:F13_SA09_R01.txt,1,Fall,0,0,0,Mild,0.09240973839642835,0,Normal,0,Mild
test,8043,843,SA09,SA09:F13_SA09_R01.txt,1,Fall,0,0,0,Mild,0.06951461927305369,0,Normal,0,Mild
test,8056,844,SA09,SA09:F13_SA09_R02.txt,1,Fall,0,0,0,Mild,0.10433770592301234,0,Normal,0,Mild
test,8057,845,SA09,SA09:F13_SA09_R02.txt,1,Fall,1,1,1,Severe,0.111760283861427,0,Normal,1,Severe
test,8058,846,SA09,SA09:F13_SA09_R02.txt,1,Fall,1,1,1,Severe,0.09934097443052603,0,Normal,1,Severe
test,8059,847,SA09,SA09:F13_SA09_R02.txt,1,Fall,1,1,1,Severe,0.08644277263328864,0,Normal,1,Severe
test,8071,848,SA09,SA09:F13_SA09_R03.txt,1,Fall,0,0,0,Mild,0.10732149362141896,0,Normal,0,Mild
test,8072,849,SA09,SA09:F13_SA09_R03.txt,1,Fall,0,0,0,Mild,0.11863106752223368,0,Normal,0,Mild
test,8073,850,SA09,SA09:F13_SA09_R03.txt,1,Fall,0,0,0,Mild,0.1175650756416835,0,Normal,0,Mild
test,8074,851,SA09,SA09:F13_SA09_R03.txt,1,Fall,0,0,0,Mild,0.1093312804640536,0,Normal,0,Mild
test,8087,852,SA09,SA09:F13_SA09_R04.txt,1,Fall,1,1,1,Severe,0.12849198749778024,0,Normal,1,Severe
test,8088,853,SA09,SA09:F13_SA09_R04.txt,1,Fall,1,1,1,Severe,0.12583242832301877,0,Normal,1,Severe
test,8089,854,SA09,SA09:F13_SA09_R04.txt,1,Fall,1,1,1,Severe,0.11602836955094992,0,Normal,1,Severe
test,8090,855,SA09,SA09:F13_SA09_R04.txt,1,Fall,0,0,0,Mild,0.03499190096746413,0,Normal,0,Mild
test,8100,856,SA09,SA09:F13_SA09_R05.txt,1,Fall,0,0,0,Mild,0.11159951159682463,0,Normal,0,Mild
test,8101,857,SA09,SA09:F13_SA09_R05.txt,1,Fall,0,0,0,Mild,0.11927298231257466,0,Normal,0,Mild
test,8102,858,SA09,SA09:F13_SA09_R05.txt,1,Fall,0,0,0,Mild,0.11784684922744715,0,Normal,0,Mild
test,8103,859,SA09,SA09:F13_SA09_R05.txt,1,Fall,0,0,0,Mild,0.05913612662638229,0,Normal,0,Mild
test,8112,860,SA09,SA09:F14_SA09_R01.txt,1,Fall,0,0,0,Mild,0.08304911573554302,0,Normal,0,Mild
test,8113,861,SA09,SA09:F14_SA09_R01.txt,1,Fall,0,0,0,Mild,0.09586052947922896,0,Normal,0,Mild
test,8114,862,SA09,SA09:F14_SA09_R01.txt,1,Fall,0,0,0,Mild,0.09472763343454471,0,Normal,0,Mild
test,8115,863,SA09,SA09:F14_SA09_R01.txt,1,Fall,0,0,0,Mild,0.08931826822598343,0,Normal,0,Mild
test,8129,864,SA09,SA09:F14_SA09_R02.txt,1,Fall,0,0,0,Mild,0.07445334194713066,0,Normal,0,Mild
test,8130,865,SA09,SA09:F14_SA09_R02.txt,1,Fall,0,0,0,Mild,0.08877399548886283,0,Normal,0,Mild
test,8131,866,SA09,SA09:F14_SA09_R02.txt,1,Fall,0,0,0,Mild,0.08715995094081602,0,Normal,0,Mild
test,8132,867,SA09,SA09:F14_SA09_R02.txt,1,Fall,0,0,0,Mild,0.08022002993227406,0,Normal,0,Mild
test,8145,868,SA09,SA09:F14_SA09_R03.txt,1,Fall,0,0,0,Mild,0.07372406507281376,0,Normal,0,Mild
test,8146,869,SA09,SA09:F14_SA09_R03.txt,1,Fall,0,0,0,Mild,0.0757779074000609,0,Normal,0,Mild
test,8147,870,SA09,SA09:F14_SA09_R03.txt,1,Fall,0,0,0,Mild,0.07302340911442101,0,Normal,0,Mild
test,8148,871,SA09,SA09:F14_SA09_R03.txt,1,Fall,0,0,0,Mild,0.05191403500113556,0,Normal,0,Mild
test,8158,872,SA09,SA09:F14_SA09_R04.txt,1,Fall,0,0,0,Mild,0.06705194488949234,0,Normal,0,Mild
test,8159,873,SA09,SA09:F14_SA09_R04.txt,1,Fall,0,0,0,Mild,0.07359225632598171,0,Normal,0,Mild
test,8160,874,SA09,SA09:F14_SA09_R04.txt,1,Fall,0,0,0,Mild,0.07360252089619423,0,Normal,0,Mild
test,8161,875,SA09,SA09:F14_SA09_R04.txt,1,Fall,0,0,0,Mild,0.056273199794823536,0,Normal,0,Mild
test,8175,876,SA09,SA09:F14_SA09_R05.txt,1,Fall,0,0,0,Mild,0.05967018171227201,0,Normal,0,Mild
test,8176,877,SA09,SA09:F14_SA09_R05.txt,1,Fall,0,0,0,Mild,0.06371539980319224,0,Normal,0,Mild
test,8177,878,SA09,SA09:F14_SA09_R05.txt,1,Fall,0,0,0,Mild,0.05926889688532744,0,Normal,0,Mild
test,8178,879,SA09,SA09:F14_SA09_R05.txt,1,Fall,0,0,0,Mild,0.053717631572143765,0,Normal,0,Mild
test,8189,880,SA09,SA09:F15_SA09_R01.txt,1,Fall,1,1,1,Severe,0.09988854069756486,0,Normal,1,Severe
test,8190,881,SA09,SA09:F15_SA09_R01.txt,1,Fall,1,1,1,Severe,0.1096723742359419,0,Normal,1,Severe
test,8191,882,SA09,SA09:F15_SA09_R01.txt,1,Fall,1,1,1,Severe,0.1014236163303428,0,Normal,1,Severe
test,8192,883,SA09,SA09:F15_SA09_R01.txt,1,Fall,1,1,1,Severe,0.05740962577382541,0,Normal,1,Severe
test,8204,884,SA09,SA09:F15_SA09_R02.txt,1,Fall,1,1,1,Severe,0.09059671375146389,0,Normal,1,Severe
test,8205,885,SA09,SA09:F15_SA09_R02.txt,1,Fall,1,1,1,Severe,0.09564979358236236,0,Normal,1,Severe
test,8206,886,SA09,SA09:F15_SA09_R02.txt,1,Fall,1,1,1,Severe,0.07597755757261154,0,Normal,1,Severe
test,8207,887,SA09,SA09:F15_SA09_R02.txt,1,Fall,1,1,1,Severe,0.0698013245538397,0,Normal,1,Severe
test,8221,888,SA09,SA09:F15_SA09_R03.txt,1,Fall,1,1,1,Severe,0.09757151762329613,0,Normal,1,Severe
test,8222,889,SA09,SA09:F15_SA09_R03.txt,1,Fall,1,1,1,Severe,0.10481839575653495,0,Normal,1,Severe
test,8223,890,SA09,SA09:F15_SA09_R03.txt,1,Fall,1,1,1,Severe,0.10384473541575939,0,Normal,1,Severe
test,8224,891,SA09,SA09:F15_SA09_R03.txt,1,Fall,1,1,1,Severe,0.06341385596602223,0,Normal,1,Severe
test,8237,892,SA09,SA09:F15_SA09_R04.txt,1,Fall,1,1,1,Severe,0.0995995597822929,0,Normal,1,Severe
test,8238,893,SA09,SA09:F15_SA09_R04.txt,1,Fall,1,1,1,Severe,0.11726055046830547,0,Normal,1,Severe
test,8239,894,SA09,SA09:F15_SA09_R04.txt,1,Fall,1,1,1,Severe,0.1185358203370756,0,Normal,1,Severe
test,8240,895,SA09,SA09:F15_SA09_R04.txt,1,Fall,1,1,1,Severe,0.09700473015564515,0,Normal,1,Severe
test,8249,896,SA09,SA09:F15_SA09_R05.txt,1,Fall,1,1,1,Severe,0.08434648729285255,0,Normal,1,Severe
test,8250,897,SA09,SA09:F15_SA09_R05.txt,1,Fall,1,1,1,Severe,0.08408727758202739,0,Normal,1,Severe
test,8251,898,SA09,SA09:F15_SA09_R05.txt,1,Fall,1,1,1,Severe,0.09305079140769407,0,Normal,1,Severe
test,8252,899,SA09,SA09:F15_SA09_R05.txt,1,Fall,1,1,1,Severe,0.06003002045960365,0,Normal,1,Severe
test,9892,900,SA14,SA14:F01_SA14_R01.txt,1,Fall,0,0,0,Mild,0.10330729442197584,0,Normal,0,Mild
test,9893,901,SA14,SA14:F01_SA14_R01.txt,1,Fall,0,0,0,Mild,0.11479193213871369,0,Normal,0,Mild
test,9894,902,SA14,SA14:F01_SA14_R01.txt,1,Fall,0,0,0,Mild,0.11224553126291953,0,Normal,0,Mild
test,9895,903,SA14,SA14:F01_SA14_R01.txt,1,Fall,0,0,0,Mild,0.09665364030233164,0,Normal,0,Mild
test,9907,904,SA14,SA14:F01_SA14_R02.txt,1,Fall,0,0,0,Mild,0.10867454096184209,0,Normal,0,Mild
test,9908,905,SA14,SA14:F01_SA14_R02.txt,1,Fall,0,0,0,Mild,0.10668552515278146,0,Normal,0,Mild
test,9909,906,SA14,SA14:F01_SA14_R02.txt,1,Fall,0,0,0,Mild,0.09266485004028585,0,Normal,0,Mild
test,9910,907,SA14,SA14:F01_SA14_R02.txt,1,Fall,0,0,0,Mild,0.002295023300466714,0,Normal,0,Mild
test,9922,908,SA14,SA14:F01_SA14_R03.txt,1,Fall,1,1,1,Severe,0.055993067169268385,0,Normal,1,Severe
test,9923,909,SA14,SA14:F01_SA14_R03.txt,1,Fall,1,1,1,Severe,0.07701396096236762,0,Normal,1,Severe
test,9924,910,SA14,SA14:F01_SA14_R03.txt,1,Fall,1,1,1,Severe,0.08682119677750544,0,Normal,1,Severe
test,9925,911,SA14,SA14:F01_SA14_R03.txt,1,Fall,1,1,1,Severe,0.08262307915857736,0,Normal,1,Severe
test,9936,912,SA14,SA14:F01_SA14_R04.txt,1,Fall,1,1,1,Severe,0.051993137348185114,0,Normal,1,Severe
test,9937,913,SA14,SA14:F01_SA14_R04.txt,1,Fall,1,1,1,Severe,0.033814824194210835,0,Normal,1,Severe
test,9938,914,SA14,SA14:F01_SA14_R04.txt,1,Fall,1,1,1,Severe,0.03854546708434109,0,Normal,1,Severe
test,9939,915,SA14,SA14:F01_SA14_R04.txt,1,Fall,1,1,1,Severe,0.04026182863611988,0,Normal,1,Severe
test,9951,916,SA14,SA14:F01_SA14_R05.txt,1,Fall,1,1,1,Severe,0.040584026988667365,0,Normal,1,Severe
test,9952,917,SA14,SA14:F01_SA14_R05.txt,1,Fall,1,1,1,Severe,0.03633218960116863,0,Normal,1,Severe
test,9953,918,SA14,SA14:F01_SA14_R05.txt,1,Fall,1,1,1,Severe,0.04374441814144098,0,Normal,1,Severe
test,9954,919,SA14,SA14:F01_SA14_R05.txt,1,Fall,1,1,1,Severe,0.04181371059205358,0,Normal,1,Severe
test,9969,920,SA14,SA14:F02_SA14_R01.txt,1,Fall,0,0,0,Mild,0.046933154663953425,0,Normal,0,Mild
test,9970,921,SA14,SA14:F02_SA14_R01.txt,1,Fall,0,0,0,Mild,0.08417939589913381,0,Normal,0,Mild
test,9971,922,SA14,SA14:F02_SA14_R01.txt,1,Fall,0,0,0,Mild,0.08144972932383243,0,Normal,0,Mild
test,9972,923,SA14,SA14:F02_SA14_R01.txt,1,Fall,0,0,0,Mild,0.06683709443212638,0,Normal,0,Mild
test,9984,924,SA14,SA14:F02_SA14_R02.txt,1,Fall,0,0,0,Mild,0.04776038195232224,0,Normal,0,Mild
test,9985,925,SA14,SA14:F02_SA14_R02.txt,1,Fall,0,0,0,Mild,0.06383053998026261,0,Normal,0,Mild
test,9986,926,SA14,SA14:F02_SA14_R02.txt,1,Fall,0,0,0,Mild,0.06279039445131473,0,Normal,0,Mild
test,9987,927,SA14,SA14:F02_SA14_R02.txt,1,Fall,0,0,0,Mild,0.036237546346571115,0,Normal,0,Mild
test,9998,928,SA14,SA14:F02_SA14_R03.txt,1,Fall,0,0,0,Mild,0.024857296178129262,0,Normal,0,Mild
test,9999,929,SA14,SA14:F02_SA14_R03.txt,1,Fall,0,0,0,Mild,0.0510416465910104,0,Normal,0,Mild
test,10000,930,SA14,SA14:F02_SA14_R03.txt,1,Fall,0,0,0,Mild,0.06106578069185087,0,Normal,0,Mild
test,10001,931,SA14,SA14:F02_SA14_R03.txt,1,Fall,0,0,0,Mild,0.054548863734509734,0,Normal,0,Mild
test,10013,932,SA14,SA14:F02_SA14_R04.txt,1,Fall,0,0,0,Mild,0.08869295049919856,0,Normal,0,Mild
test,10014,933,SA14,SA14:F02_SA14_R04.txt,1,Fall,0,0,0,Mild,0.10392534771751538,0,Normal,0,Mild
test,10015,934,SA14,SA14:F02_SA14_R04.txt,1,Fall,0,0,0,Mild,0.09835599476505497,0,Normal,0,Mild
test,10016,935,SA14,SA14:F02_SA14_R04.txt,1,Fall,0,0,0,Mild,0.08057179698277667,0,Normal,0,Mild
test,10028,936,SA14,SA14:F02_SA14_R05.txt,1,Fall,0,0,0,Mild,0.08622679323832905,0,Normal,0,Mild
test,10029,937,SA14,SA14:F02_SA14_R05.txt,1,Fall,0,0,0,Mild,0.10842693806644876,0,Normal,0,Mild
test,10030,938,SA14,SA14:F02_SA14_R05.txt,1,Fall,0,0,0,Mild,0.09469873617112334,0,Normal,0,Mild
test,10031,939,SA14,SA14:F02_SA14_R05.txt,1,Fall,0,0,0,Mild,0.05391715154366944,0,Normal,0,Mild
test,10038,940,SA14,SA14:F03_SA14_R01.txt,1,Fall,1,1,1,Severe,0.05587605437906351,0,Normal,1,Severe
test,10039,941,SA14,SA14:F03_SA14_R01.txt,1,Fall,1,1,1,Severe,0.053810380976744676,0,Normal,1,Severe
test,10040,942,SA14,SA14:F03_SA14_R01.txt,1,Fall,1,1,1,Severe,0.06286095820711862,0,Normal,1,Severe
test,10041,943,SA14,SA14:F03_SA14_R01.txt,1,Fall,1,1,1,Severe,0.045301959346574494,0,Normal,1,Severe
test,10054,944,SA14,SA14:F03_SA14_R02.txt,1,Fall,1,1,1,Severe,0.06121420961887175,0,Normal,1,Severe
test,10055,945,SA14,SA14:F03_SA14_R02.txt,1,Fall,1,1,1,Severe,0.06033812196018001,0,Normal,1,Severe
test,10056,946,SA14,SA14:F03_SA14_R02.txt,1,Fall,1,1,1,Severe,0.06337377322639465,0,Normal,1,Severe
test,10057,947,SA14,SA14:F03_SA14_R02.txt,1,Fall,1,1,1,Severe,0.00031112691834256356,0,Normal,1,Severe
test,10069,948,SA14,SA14:F03_SA14_R03.txt,1,Fall,1,1,1,Severe,0.058440239908115754,0,Normal,1,Severe
test,10070,949,SA14,SA14:F03_SA14_R03.txt,1,Fall,1,1,1,Severe,0.07102904840584501,0,Normal,1,Severe
test,10071,950,SA14,SA14:F03_SA14_R03.txt,1,Fall,1,1,1,Severe,0.07762476228128623,0,Normal,1,Severe
test,10072,951,SA14,SA14:F03_SA14_R03.txt,1,Fall,1,1,1,Severe,0.05874571447251031,0,Normal,1,Severe
test,10084,952,SA14,SA14:F03_SA14_R04.txt,1,Fall,1,1,1,Severe,0.07962645340919344,0,Normal,1,Severe
test,10085,953,SA14,SA14:F03_SA14_R04.txt,1,Fall,1,1,1,Severe,0.09468512813597918,0,Normal,1,Severe
test,10086,954,SA14,SA14:F03_SA14_R04.txt,1,Fall,1,1,1,Severe,0.10350315161456586,0,Normal,1,Severe
test,10087,955,SA14,SA14:F03_SA14_R04.txt,1,Fall,1,1,1,Severe,0.08733786874666133,0,Normal,1,Severe
test,10099,956,SA14,SA14:F03_SA14_R05.txt,1,Fall,1,1,1,Severe,0.04822945061705969,0,Normal,1,Severe
test,10100,957,SA14,SA14:F03_SA14_R05.txt,1,Fall,1,1,1,Severe,0.06211680315185991,0,Normal,1,Severe
test,10101,958,SA14,SA14:F03_SA14_R05.txt,1,Fall,1,1,1,Severe,0.07323049568556755,0,Normal,1,Severe
test,10102,959,SA14,SA14:F03_SA14_R05.txt,1,Fall,1,1,1,Severe,0.018457263858156603,0,Normal,1,Severe
test,10116,960,SA14,SA14:F04_SA14_R01.txt,1,Fall,1,1,1,Severe,0.0697339096419144,0,Normal,1,Severe
test,10117,961,SA14,SA14:F04_SA14_R01.txt,1,Fall,1,1,1,Severe,0.07493390294472929,0,Normal,1,Severe
test,10118,962,SA14,SA14:F04_SA14_R01.txt,1,Fall,1,1,1,Severe,0.07586062994478077,0,Normal,1,Severe
test,10119,963,SA14,SA14:F04_SA14_R01.txt,1,Fall,1,1,1,Severe,0.04833880586921896,0,Normal,1,Severe
test,10130,964,SA14,SA14:F04_SA14_R02.txt,1,Fall,1,1,1,Severe,0.04647281410345688,0,Normal,1,Severe
test,10131,965,SA14,SA14:F04_SA14_R02.txt,1,Fall,1,1,1,Severe,0.05458693696922551,0,Normal,1,Severe
test,10132,966,SA14,SA14:F04_SA14_R02.txt,1,Fall,1,1,1,Severe,0.06386408057907111,0,Normal,1,Severe
test,10133,967,SA14,SA14:F04_SA14_R02.txt,1,Fall,1,1,1,Severe,0.06982860859497597,0,Normal,1,Severe
test,10146,968,SA14,SA14:F04_SA14_R03.txt,1,Fall,0,0,0,Mild,0.11000013333421554,0,Normal,0,Mild
test,10147,969,SA14,SA14:F04_SA14_R03.txt,1,Fall,0,0,0,Mild,0.12000533712405292,0,Normal,0,Mild
test,10148,970,SA14,SA14:F04_SA14_R03.txt,1,Fall,0,0,0,Mild,0.11596479485685957,0,Normal,0,Mild
test,10149,971,SA14,SA14:F04_SA14_R03.txt,1,Fall,0,0,0,Mild,0.08989321885484913,0,Normal,0,Mild
test,10161,972,SA14,SA14:F04_SA14_R04.txt,1,Fall,0,0,0,Mild,0.11088234034019667,0,Normal,0,Mild
test,10162,973,SA14,SA14:F04_SA14_R04.txt,1,Fall,0,0,0,Mild,0.11765194560169406,0,Normal,0,Mild
test,10163,974,SA14,SA14:F04_SA14_R04.txt,1,Fall,0,0,0,Mild,0.10724788906180177,0,Normal,0,Mild
test,10164,975,SA14,SA14:F04_SA14_R04.txt,1,Fall,0,0,0,Mild,0.06960207851593209,0,Normal,0,Mild
test,10176,976,SA14,SA14:F04_SA14_R05.txt,1,Fall,0,0,0,Mild,0.09532659073789984,0,Normal,0,Mild
test,10177,977,SA14,SA14:F04_SA14_R05.txt,1,Fall,0,0,0,Mild,0.10292539130438866,0,Normal,0,Mild
test,10178,978,SA14,SA14:F04_SA14_R05.txt,1,Fall,0,0,0,Mild,0.10051898560366401,0,Normal,0,Mild
test,10179,979,SA14,SA14:F04_SA14_R05.txt,1,Fall,0,0,0,Mild,0.07036853169975787,0,Normal,0,Mild
test,10189,980,SA14,SA14:F05_SA14_R01.txt,1,Fall,1,1,1,Severe,0.0014854739077676538,0,Normal,1,Severe
test,10190,981,SA14,SA14:F05_SA14_R01.txt,1,Fall,1,1,1,Severe,0.0011142758120614715,0,Normal,1,Severe
test,10191,982,SA14,SA14:F05_SA14_R01.txt,1,Fall,1,1,1,Severe,0.0019873055322541244,0,Normal,1,Severe
test,10192,983,SA14,SA14:F05_SA14_R01.txt,1,Fall,1,1,1,Severe,0.013328884221501913,0,Normal,1,Severe
test,10204,984,SA14,SA14:F05_SA14_R02.txt,1,Fall,1,1,1,Severe,0.012278134279894437,0,Normal,1,Severe
test,10205,985,SA14,SA14:F05_SA14_R02.txt,1,Fall,1,1,1,Severe,0.032016784628910666,0,Normal,1,Severe
test,10206,986,SA14,SA14:F05_SA14_R02.txt,1,Fall,1,1,1,Severe,0.040338358029992916,0,Normal,1,Severe
test,10207,987,SA14,SA14:F05_SA14_R02.txt,1,Fall,1,1,1,Severe,0.03346684293165597,0,Normal,1,Severe
test,10219,988,SA14,SA14:F05_SA14_R03.txt,1,Fall,1,1,1,Severe,-0.011689179224601776,1,Anomalous,-1,Non-applicable
test,10220,989,SA14,SA14:F05_SA14_R03.txt,1,Fall,1,1,1,Severe,-0.007521113613499386,1,Anomalous,-1,Non-applicable
test,10221,990,SA14,SA14:F05_SA14_R03.txt,1,Fall,1,1,1,Severe,-0.00031583357561282277,1,Anomalous,-1,Non-applicable
test,10222,991,SA14,SA14:F05_SA14_R03.txt,1,Fall,1,1,1,Severe,0.0006772541847016589,0,Normal,1,Severe
test,10234,992,SA14,SA14:F05_SA14_R04.txt,1,Fall,1,1,1,Severe,0.0131054176105585,0,Normal,1,Severe
test,10235,993,SA14,SA14:F05_SA14_R04.txt,1,Fall,1,1,1,Severe,0.03007506206940802,0,Normal,1,Severe
test,10236,994,SA14,SA14:F05_SA14_R04.txt,1,Fall,1,1,1,Severe,0.023961378525453325,0,Normal,1,Severe
test,10237,995,SA14,SA14:F05_SA14_R04.txt,1,Fall,1,1,1,Severe,0.0531431034611311,0,Normal,1,Severe
test,10249,996,SA14,SA14:F05_SA14_R05.txt,1,Fall,1,1,1,Severe,0.01533521781910141,0,Normal,1,Severe
test,10250,997,SA14,SA14:F05_SA14_R05.txt,1,Fall,1,1,1,Severe,0.014178701356580725,0,Normal,1,Severe
test,10251,998,SA14,SA14:F05_SA14_R05.txt,1,Fall,1,1,1,Severe,0.0270858624979875,0,Normal,1,Severe
test,10252,999,SA14,SA14:F05_SA14_R05.txt,1,Fall,1,1,1,Severe,0.030997526800463082,0,Normal,1,Severe
test,10267,1000,SA14,SA14:F06_SA14_R01.txt,1,Fall,1,1,1,Severe,0.036439633439960706,0,Normal,1,Severe
test,10268,1001,SA14,SA14:F06_SA14_R01.txt,1,Fall,1,1,1,Severe,0.06647484193731856,0,Normal,1,Severe
test,10269,1002,SA14,SA14:F06_SA14_R01.txt,1,Fall,1,1,1,Severe,0.07058776333590294,0,Normal,1,Severe
test,10270,1003,SA14,SA14:F06_SA14_R01.txt,1,Fall,1,1,1,Severe,0.06772108366429569,0,Normal,1,Severe
test,10282,1004,SA14,SA14:F06_SA14_R02.txt,1,Fall,1,1,1,Severe,0.08723830463970028,0,Normal,1,Severe
test,10283,1005,SA14,SA14:F06_SA14_R02.txt,1,Fall,1,1,1,Severe,0.09545325137402999,0,Normal,1,Severe
test,10284,1006,SA14,SA14:F06_SA14_R02.txt,1,Fall,1,1,1,Severe,0.09314682473714242,0,Normal,1,Severe
test,10285,1007,SA14,SA14:F06_SA14_R02.txt,1,Fall,1,1,1,Severe,0.06707944416072953,0,Normal,1,Severe
test,10297,1008,SA14,SA14:F06_SA14_R03.txt,1,Fall,1,1,1,Severe,0.07279423659388684,0,Normal,1,Severe
test,10298,1009,SA14,SA14:F06_SA14_R03.txt,1,Fall,1,1,1,Severe,0.08019067639979688,0,Normal,1,Severe
test,10299,1010,SA14,SA14:F06_SA14_R03.txt,1,Fall,1,1,1,Severe,0.07574745042974418,0,Normal,1,Severe
test,10300,1011,SA14,SA14:F06_SA14_R03.txt,1,Fall,1,1,1,Severe,0.0499065329474514,0,Normal,1,Severe
test,10312,1012,SA14,SA14:F06_SA14_R04.txt,1,Fall,1,1,1,Severe,0.08030156295779611,0,Normal,1,Severe
test,10313,1013,SA14,SA14:F06_SA14_R04.txt,1,Fall,1,1,1,Severe,0.09529674456650361,0,Normal,1,Severe
test,10314,1014,SA14,SA14:F06_SA14_R04.txt,1,Fall,1,1,1,Severe,0.09719680160563404,0,Normal,1,Severe
test,10315,1015,SA14,SA14:F06_SA14_R04.txt,1,Fall,1,1,1,Severe,0.08364466200992277,0,Normal,1,Severe
test,10327,1016,SA14,SA14:F06_SA14_R05.txt,1,Fall,1,1,1,Severe,0.07410866121842674,0,Normal,1,Severe
test,10328,1017,SA14,SA14:F06_SA14_R05.txt,1,Fall,1,1,1,Severe,0.08386775082224535,0,Normal,1,Severe
test,10329,1018,SA14,SA14:F06_SA14_R05.txt,1,Fall,1,1,1,Severe,0.08741427383971678,0,Normal,1,Severe
test,10330,1019,SA14,SA14:F06_SA14_R05.txt,1,Fall,1,1,1,Severe,0.09298344613824328,0,Normal,1,Severe
test,10342,1020,SA14,SA14:F07_SA14_R01.txt,1,Fall,1,1,1,Severe,0.07702068943743756,0,Normal,1,Severe
test,10343,1021,SA14,SA14:F07_SA14_R01.txt,1,Fall,1,1,1,Severe,0.09657434319995317,0,Normal,1,Severe
test,10344,1022,SA14,SA14:F07_SA14_R01.txt,1,Fall,1,1,1,Severe,0.10225829030493033,0,Normal,1,Severe
test,10345,1023,SA14,SA14:F07_SA14_R01.txt,1,Fall,1,1,1,Severe,0.1000338070965846,0,Normal,1,Severe
test,10357,1024,SA14,SA14:F07_SA14_R02.txt,1,Fall,1,1,1,Severe,0.05940182610488254,0,Normal,1,Severe
test,10358,1025,SA14,SA14:F07_SA14_R02.txt,1,Fall,1,1,1,Severe,0.09924272649905963,0,Normal,1,Severe
test,10359,1026,SA14,SA14:F07_SA14_R02.txt,1,Fall,1,1,1,Severe,0.10927151090852011,0,Normal,1,Severe
test,10360,1027,SA14,SA14:F07_SA14_R02.txt,1,Fall,1,1,1,Severe,0.10586389395188794,0,Normal,1,Severe
test,10371,1028,SA14,SA14:F07_SA14_R03.txt,1,Fall,1,1,1,Severe,0.09607930445710366,0,Normal,1,Severe
test,10372,1029,SA14,SA14:F07_SA14_R03.txt,1,Fall,1,1,1,Severe,0.11251196632120802,0,Normal,1,Severe
test,10373,1030,SA14,SA14:F07_SA14_R03.txt,1,Fall,1,1,1,Severe,0.11846414992250953,0,Normal,1,Severe
test,10374,1031,SA14,SA14:F07_SA14_R03.txt,1,Fall,1,1,1,Severe,0.11258051525428608,0,Normal,1,Severe
test,10388,1032,SA14,SA14:F07_SA14_R04.txt,1,Fall,1,1,1,Severe,0.10015977114170294,0,Normal,1,Severe
test,10389,1033,SA14,SA14:F07_SA14_R04.txt,1,Fall,1,1,1,Severe,0.11307770382276094,0,Normal,1,Severe
test,10390,1034,SA14,SA14:F07_SA14_R04.txt,1,Fall,1,1,1,Severe,0.10516351839127652,0,Normal,1,Severe
test,10391,1035,SA14,SA14:F07_SA14_R04.txt,1,Fall,0,0,0,Mild,0.08375782540133941,0,Normal,0,Mild
test,10402,1036,SA14,SA14:F07_SA14_R05.txt,1,Fall,1,1,1,Severe,0.09302994201253384,0,Normal,1,Severe
test,10403,1037,SA14,SA14:F07_SA14_R05.txt,1,Fall,1,1,1,Severe,0.11461617334948493,0,Normal,1,Severe
test,10404,1038,SA14,SA14:F07_SA14_R05.txt,1,Fall,1,1,1,Severe,0.11552490171641355,0,Normal,1,Severe
test,10405,1039,SA14,SA14:F07_SA14_R05.txt,1,Fall,1,1,1,Severe,0.10746285934001854,0,Normal,1,Severe
test,10413,1040,SA14,SA14:F08_SA14_R01.txt,1,Fall,1,1,1,Severe,0.089909172732617,0,Normal,1,Severe
test,10414,1041,SA14,SA14:F08_SA14_R01.txt,1,Fall,1,1,1,Severe,0.09481196294579464,0,Normal,1,Severe
test,10415,1042,SA14,SA14:F08_SA14_R01.txt,1,Fall,1,1,1,Severe,0.09180867288472816,0,Normal,1,Severe
test,10416,1043,SA14,SA14:F08_SA14_R01.txt,1,Fall,1,1,1,Severe,0.06821543656617107,0,Normal,1,Severe
test,10431,1044,SA14,SA14:F08_SA14_R02.txt,1,Fall,1,1,1,Severe,0.09049072762453353,0,Normal,1,Severe
test,10432,1045,SA14,SA14:F08_SA14_R02.txt,1,Fall,1,1,1,Severe,0.09115641242758632,0,Normal,1,Severe
test,10433,1046,SA14,SA14:F08_SA14_R02.txt,1,Fall,1,1,1,Severe,0.09858862169584498,0,Normal,1,Severe
test,10434,1047,SA14,SA14:F08_SA14_R02.txt,1,Fall,1,1,1,Severe,0.09964913184846863,0,Normal,1,Severe
test,10445,1048,SA14,SA14:F08_SA14_R03.txt,1,Fall,1,1,1,Severe,0.08310025018994682,0,Normal,1,Severe
test,10446,1049,SA14,SA14:F08_SA14_R03.txt,1,Fall,1,1,1,Severe,0.10042280775200979,0,Normal,1,Severe
test,10447,1050,SA14,SA14:F08_SA14_R03.txt,1,Fall,1,1,1,Severe,0.0975553192011267,0,Normal,1,Severe
test,10448,1051,SA14,SA14:F08_SA14_R03.txt,1,Fall,1,1,1,Severe,0.0873633748666433,0,Normal,1,Severe
test,10462,1052,SA14,SA14:F08_SA14_R04.txt,1,Fall,1,1,1,Severe,0.06495121693946881,0,Normal,1,Severe
test,10463,1053,SA14,SA14:F08_SA14_R04.txt,1,Fall,1,1,1,Severe,0.09761293299796336,0,Normal,1,Severe
test,10464,1054,SA14,SA14:F08_SA14_R04.txt,1,Fall,1,1,1,Severe,0.10566766390816001,0,Normal,1,Severe
test,10465,1055,SA14,SA14:F08_SA14_R04.txt,1,Fall,1,1,1,Severe,0.10385642289986158,0,Normal,1,Severe
test,10475,1056,SA14,SA14:F08_SA14_R05.txt,1,Fall,1,1,1,Severe,0.09016701176969738,0,Normal,1,Severe
test,10476,1057,SA14,SA14:F08_SA14_R05.txt,1,Fall,1,1,1,Severe,0.10468480792887092,0,Normal,1,Severe
test,10477,1058,SA14,SA14:F08_SA14_R05.txt,1,Fall,1,1,1,Severe,0.09834825521557711,0,Normal,1,Severe
test,10478,1059,SA14,SA14:F08_SA14_R05.txt,1,Fall,1,1,1,Severe,0.08699693308378104,0,Normal,1,Severe
test,10490,1060,SA14,SA14:F09_SA14_R01.txt,1,Fall,1,1,1,Severe,0.09803291137469561,0,Normal,1,Severe
test,10491,1061,SA14,SA14:F09_SA14_R01.txt,1,Fall,1,1,1,Severe,0.1067371997725221,0,Normal,1,Severe
test,10492,1062,SA14,SA14:F09_SA14_R01.txt,1,Fall,1,1,1,Severe,0.09872970883647375,0,Normal,1,Severe
test,10493,1063,SA14,SA14:F09_SA14_R01.txt,1,Fall,1,1,1,Severe,0.044147949946761134,0,Normal,1,Severe
test,10506,1064,SA14,SA14:F09_SA14_R02.txt,1,Fall,1,1,1,Severe,0.09643302428765227,0,Normal,1,Severe
test,10507,1065,SA14,SA14:F09_SA14_R02.txt,1,Fall,1,1,1,Severe,0.10264589280328706,0,Normal,1,Severe
test,10508,1066,SA14,SA14:F09_SA14_R02.txt,1,Fall,1,1,1,Severe,0.10125598875917968,0,Normal,1,Severe
test,10509,1067,SA14,SA14:F09_SA14_R02.txt,1,Fall,1,1,1,Severe,0.05958073799238067,0,Normal,1,Severe
test,10520,1068,SA14,SA14:F09_SA14_R03.txt,1,Fall,1,1,1,Severe,0.09568994416229376,0,Normal,1,Severe
test,10521,1069,SA14,SA14:F09_SA14_R03.txt,1,Fall,1,1,1,Severe,0.0981383167643049,0,Normal,1,Severe
test,10522,1070,SA14,SA14:F09_SA14_R03.txt,1,Fall,1,1,1,Severe,0.09472451925476072,0,Normal,1,Severe
test,10523,1071,SA14,SA14:F09_SA14_R03.txt,1,Fall,1,1,1,Severe,0.05493689057137496,0,Normal,1,Severe
test,10534,1072,SA14,SA14:F09_SA14_R04.txt,1,Fall,0,0,0,Mild,0.0957721260079698,0,Normal,0,Mild
test,10535,1073,SA14,SA14:F09_SA14_R04.txt,1,Fall,0,0,0,Mild,0.10698857228756747,0,Normal,0,Mild
test,10536,1074,SA14,SA14:F09_SA14_R04.txt,1,Fall,0,0,0,Mild,0.10024890670505449,0,Normal,0,Mild
test,10537,1075,SA14,SA14:F09_SA14_R04.txt,1,Fall,0,0,0,Mild,0.08122303390080315,0,Normal,0,Mild
test,10549,1076,SA14,SA14:F09_SA14_R05.txt,1,Fall,0,0,0,Mild,0.08431809703153359,0,Normal,0,Mild
test,10550,1077,SA14,SA14:F09_SA14_R05.txt,1,Fall,0,0,0,Mild,0.09112244480674997,0,Normal,0,Mild
test,10551,1078,SA14,SA14:F09_SA14_R05.txt,1,Fall,0,0,0,Mild,0.10401948839452119,0,Normal,0,Mild
test,10552,1079,SA14,SA14:F09_SA14_R05.txt,1,Fall,1,1,1,Severe,0.09544857762156078,0,Normal,1,Severe
test,10565,1080,SA14,SA14:F10_SA14_R01.txt,1,Fall,1,1,1,Severe,0.0933660852625916,0,Normal,1,Severe
test,10566,1081,SA14,SA14:F10_SA14_R01.txt,1,Fall,1,1,1,Severe,0.10083226744321883,0,Normal,1,Severe
test,10567,1082,SA14,SA14:F10_SA14_R01.txt,1,Fall,1,1,1,Severe,0.09654096123944966,0,Normal,1,Severe
test,10568,1083,SA14,SA14:F10_SA14_R01.txt,1,Fall,1,1,1,Severe,0.08054205901023137,0,Normal,1,Severe
test,10578,1084,SA14,SA14:F10_SA14_R02.txt,1,Fall,1,1,1,Severe,0.08988629947691817,0,Normal,1,Severe
test,10579,1085,SA14,SA14:F10_SA14_R02.txt,1,Fall,1,1,1,Severe,0.10590317306946628,0,Normal,1,Severe
test,10580,1086,SA14,SA14:F10_SA14_R02.txt,1,Fall,1,1,1,Severe,0.1066063023023136,0,Normal,1,Severe
test,10581,1087,SA14,SA14:F10_SA14_R02.txt,1,Fall,1,1,1,Severe,0.08810728099186454,0,Normal,1,Severe
test,10595,1088,SA14,SA14:F10_SA14_R03.txt,1,Fall,1,1,1,Severe,0.07045799364856042,0,Normal,1,Severe
test,10596,1089,SA14,SA14:F10_SA14_R03.txt,1,Fall,1,1,1,Severe,0.07844737035930766,0,Normal,1,Severe
test,10597,1090,SA14,SA14:F10_SA14_R03.txt,1,Fall,1,1,1,Severe,0.07849865222421343,0,Normal,1,Severe
test,10598,1091,SA14,SA14:F10_SA14_R03.txt,1,Fall,1,1,1,Severe,0.06320211225556216,0,Normal,1,Severe
test,10608,1092,SA14,SA14:F10_SA14_R04.txt,1,Fall,1,1,1,Severe,0.04088362090736014,0,Normal,1,Severe
test,10609,1093,SA14,SA14:F10_SA14_R04.txt,1,Fall,1,1,1,Severe,0.0694630717125741,0,Normal,1,Severe
test,10610,1094,SA14,SA14:F10_SA14_R04.txt,1,Fall,1,1,1,Severe,0.07419839248444737,0,Normal,1,Severe
test,10611,1095,SA14,SA14:F10_SA14_R04.txt,1,Fall,1,1,1,Severe,0.07032751474378557,0,Normal,1,Severe
test,10624,1096,SA14,SA14:F10_SA14_R05.txt,1,Fall,1,1,1,Severe,0.07442015793169598,0,Normal,1,Severe
test,10625,1097,SA14,SA14:F10_SA14_R05.txt,1,Fall,1,1,1,Severe,0.07962435134268314,0,Normal,1,Severe
test,10626,1098,SA14,SA14:F10_SA14_R05.txt,1,Fall,1,1,1,Severe,0.07651633327975071,0,Normal,1,Severe
test,10627,1099,SA14,SA14:F10_SA14_R05.txt,1,Fall,1,1,1,Severe,0.05578736544045321,0,Normal,1,Severe
test,10638,1100,SA14,SA14:F11_SA14_R01.txt,1,Fall,0,0,0,Mild,0.027954489390173864,0,Normal,0,Mild
test,10639,1101,SA14,SA14:F11_SA14_R01.txt,1,Fall,0,0,0,Mild,0.0524303396677091,0,Normal,0,Mild
test,10640,1102,SA14,SA14:F11_SA14_R01.txt,1,Fall,0,0,0,Mild,0.056917956321733965,0,Normal,0,Mild
test,10641,1103,SA14,SA14:F11_SA14_R01.txt,1,Fall,0,0,0,Mild,0.059975730946645545,0,Normal,0,Mild
test,10654,1104,SA14,SA14:F11_SA14_R02.txt,1,Fall,0,0,0,Mild,0.038360265649348246,0,Normal,0,Mild
test,10655,1105,SA14,SA14:F11_SA14_R02.txt,1,Fall,0,0,0,Mild,0.04889116553899886,0,Normal,0,Mild
test,10656,1106,SA14,SA14:F11_SA14_R02.txt,1,Fall,0,0,0,Mild,0.046062365828277385,0,Normal,0,Mild
test,10657,1107,SA14,SA14:F11_SA14_R02.txt,1,Fall,0,0,0,Mild,0.02260224555688317,0,Normal,0,Mild
test,10670,1108,SA14,SA14:F11_SA14_R03.txt,1,Fall,0,0,0,Mild,0.020004477799500875,0,Normal,0,Mild
test,10671,1109,SA14,SA14:F11_SA14_R03.txt,1,Fall,0,0,0,Mild,0.03415777245746765,0,Normal,0,Mild
test,10672,1110,SA14,SA14:F11_SA14_R03.txt,1,Fall,0,0,0,Mild,0.03898655380523286,0,Normal,0,Mild
test,10673,1111,SA14,SA14:F11_SA14_R03.txt,1,Fall,0,0,0,Mild,0.037600993153839246,0,Normal,0,Mild
test,10684,1112,SA14,SA14:F11_SA14_R04.txt,1,Fall,0,0,0,Mild,0.05046782990935311,0,Normal,0,Mild
test,10685,1113,SA14,SA14:F11_SA14_R04.txt,1,Fall,0,0,0,Mild,0.052219275458234904,0,Normal,0,Mild
test,10686,1114,SA14,SA14:F11_SA14_R04.txt,1,Fall,0,0,0,Mild,0.05710828923835504,0,Normal,0,Mild
test,10687,1115,SA14,SA14:F11_SA14_R04.txt,1,Fall,0,0,0,Mild,0.04160460156368778,0,Normal,0,Mild
test,10700,1116,SA14,SA14:F11_SA14_R05.txt,1,Fall,0,0,0,Mild,0.014602309796721058,0,Normal,0,Mild
test,10701,1117,SA14,SA14:F11_SA14_R05.txt,1,Fall,0,0,0,Mild,0.016190158215598105,0,Normal,0,Mild
test,10702,1118,SA14,SA14:F11_SA14_R05.txt,1,Fall,0,0,0,Mild,0.013192759749079963,0,Normal,0,Mild
test,10703,1119,SA14,SA14:F11_SA14_R05.txt,1,Fall,0,0,0,Mild,8.977962552769725e-05,0,Normal,0,Mild
test,10713,1120,SA14,SA14:F12_SA14_R01.txt,1,Fall,0,0,0,Mild,0.043264120266795214,0,Normal,0,Mild
test,10714,1121,SA14,SA14:F12_SA14_R01.txt,1,Fall,1,1,1,Severe,0.09923469241945104,0,Normal,1,Severe
test,10715,1122,SA14,SA14:F12_SA14_R01.txt,1,Fall,1,1,1,Severe,0.10509760166038523,0,Normal,1,Severe
test,10716,1123,SA14,SA14:F12_SA14_R01.txt,1,Fall,1,1,1,Severe,0.10031581625988645,0,Normal,1,Severe
test,10728,1124,SA14,SA14:F12_SA14_R02.txt,1,Fall,1,1,1,Severe,0.07545889561991592,0,Normal,1,Severe
test,10729,1125,SA14,SA14:F12_SA14_R02.txt,1,Fall,1,1,1,Severe,0.10886501572839524,0,Normal,1,Severe
test,10730,1126,SA14,SA14:F12_SA14_R02.txt,1,Fall,1,1,1,Severe,0.11040933768361999,0,Normal,1,Severe
test,10731,1127,SA14,SA14:F12_SA14_R02.txt,1,Fall,1,1,1,Severe,0.09689902921774218,0,Normal,1,Severe
test,10744,1128,SA14,SA14:F12_SA14_R03.txt,1,Fall,1,1,1,Severe,0.09501455028818911,0,Normal,1,Severe
test,10745,1129,SA14,SA14:F12_SA14_R03.txt,1,Fall,1,1,1,Severe,0.11375149092089792,0,Normal,1,Severe
test,10746,1130,SA14,SA14:F12_SA14_R03.txt,1,Fall,1,1,1,Severe,0.11694607291581788,0,Normal,1,Severe
test,10747,1131,SA14,SA14:F12_SA14_R03.txt,1,Fall,1,1,1,Severe,0.09330157660031968,0,Normal,1,Severe
test,10758,1132,SA14,SA14:F12_SA14_R04.txt,1,Fall,1,1,1,Severe,0.08993264564577469,0,Normal,1,Severe
test,10759,1133,SA14,SA14:F12_SA14_R04.txt,1,Fall,1,1,1,Severe,0.11143489128859158,0,Normal,1,Severe
test,10760,1134,SA14,SA14:F12_SA14_R04.txt,1,Fall,1,1,1,Severe,0.10755951246930623,0,Normal,1,Severe
test,10761,1135,SA14,SA14:F12_SA14_R04.txt,1,Fall,1,1,1,Severe,0.09345333757329799,0,Normal,1,Severe
test,10774,1136,SA14,SA14:F12_SA14_R05.txt,1,Fall,0,0,0,Mild,0.07516726433750842,0,Normal,0,Mild
test,10775,1137,SA14,SA14:F12_SA14_R05.txt,1,Fall,1,1,1,Severe,0.11269065727827177,0,Normal,1,Severe
test,10776,1138,SA14,SA14:F12_SA14_R05.txt,1,Fall,1,1,1,Severe,0.11667276875021243,0,Normal,1,Severe
test,10777,1139,SA14,SA14:F12_SA14_R05.txt,1,Fall,1,1,1,Severe,0.1116548094809523,0,Normal,1,Severe
test,10789,1140,SA14,SA14:F13_SA14_R01.txt,1,Fall,1,1,1,Severe,0.08346717581118457,0,Normal,1,Severe
test,10790,1141,SA14,SA14:F13_SA14_R01.txt,1,Fall,1,1,1,Severe,0.10289719775807665,0,Normal,1,Severe
test,10791,1142,SA14,SA14:F13_SA14_R01.txt,1,Fall,1,1,1,Severe,0.10314978362428318,0,Normal,1,Severe
test,10792,1143,SA14,SA14:F13_SA14_R01.txt,1,Fall,1,1,1,Severe,0.09008824388454645,0,Normal,1,Severe
test,10804,1144,SA14,SA14:F13_SA14_R02.txt,1,Fall,1,1,1,Severe,0.07990460861421012,0,Normal,1,Severe
test,10805,1145,SA14,SA14:F13_SA14_R02.txt,1,Fall,1,1,1,Severe,0.10161973934123991,0,Normal,1,Severe
test,10806,1146,SA14,SA14:F13_SA14_R02.txt,1,Fall,1,1,1,Severe,0.10154005201426797,0,Normal,1,Severe
test,10807,1147,SA14,SA14:F13_SA14_R02.txt,1,Fall,1,1,1,Severe,0.08584760504227829,0,Normal,1,Severe
test,10821,1148,SA14,SA14:F13_SA14_R03.txt,1,Fall,0,0,0,Mild,0.12061988040065724,0,Normal,0,Mild
test,10822,1149,SA14,SA14:F13_SA14_R03.txt,1,Fall,0,0,0,Mild,0.11983604117336183,0,Normal,0,Mild
test,10823,1150,SA14,SA14:F13_SA14_R03.txt,1,Fall,0,0,0,Mild,0.11602923205703003,0,Normal,0,Mild
test,10824,1151,SA14,SA14:F13_SA14_R03.txt,1,Fall,0,0,0,Mild,0.05617968983143501,0,Normal,0,Mild
test,10833,1152,SA14,SA14:F13_SA14_R04.txt,1,Fall,1,1,1,Severe,0.08185728463829789,0,Normal,1,Severe
test,10834,1153,SA14,SA14:F13_SA14_R04.txt,1,Fall,1,1,1,Severe,0.09870590366154247,0,Normal,1,Severe
test,10835,1154,SA14,SA14:F13_SA14_R04.txt,1,Fall,1,1,1,Severe,0.0975873884199816,0,Normal,1,Severe
test,10836,1155,SA14,SA14:F13_SA14_R04.txt,1,Fall,1,1,1,Severe,0.08953139436095797,0,Normal,1,Severe
test,10849,1156,SA14,SA14:F13_SA14_R05.txt,1,Fall,1,1,1,Severe,0.08747309716386209,0,Normal,1,Severe
test,10850,1157,SA14,SA14:F13_SA14_R05.txt,1,Fall,1,1,1,Severe,0.0952566666080013,0,Normal,1,Severe
test,10851,1158,SA14,SA14:F13_SA14_R05.txt,1,Fall,1,1,1,Severe,0.092956208850134,0,Normal,1,Severe
test,10852,1159,SA14,SA14:F13_SA14_R05.txt,1,Fall,1,1,1,Severe,0.07455356955697628,0,Normal,1,Severe
test,10863,1160,SA14,SA14:F14_SA14_R01.txt,1,Fall,0,0,0,Mild,0.06423963317507164,0,Normal,0,Mild
test,10864,1161,SA14,SA14:F14_SA14_R01.txt,1,Fall,0,0,0,Mild,0.07095404098726171,0,Normal,0,Mild
test,10865,1162,SA14,SA14:F14_SA14_R01.txt,1,Fall,0,0,0,Mild,0.06745071481325304,0,Normal,0,Mild
test,10866,1163,SA14,SA14:F14_SA14_R01.txt,1,Fall,0,0,0,Mild,0.002597435054875419,0,Normal,0,Mild
test,10878,1164,SA14,SA14:F14_SA14_R02.txt,1,Fall,0,0,0,Mild,0.048223829215299385,0,Normal,0,Mild
test,10879,1165,SA14,SA14:F14_SA14_R02.txt,1,Fall,0,0,0,Mild,0.07736682733990247,0,Normal,0,Mild
test,10880,1166,SA14,SA14:F14_SA14_R02.txt,1,Fall,0,0,0,Mild,0.0766995434006677,0,Normal,0,Mild
test,10881,1167,SA14,SA14:F14_SA14_R02.txt,1,Fall,0,0,0,Mild,0.06989779057596496,0,Normal,0,Mild
test,10894,1168,SA14,SA14:F14_SA14_R03.txt,1,Fall,0,0,0,Mild,0.0558840851302671,0,Normal,0,Mild
test,10895,1169,SA14,SA14:F14_SA14_R03.txt,1,Fall,0,0,0,Mild,0.07001727522226342,0,Normal,0,Mild
test,10896,1170,SA14,SA14:F14_SA14_R03.txt,1,Fall,0,0,0,Mild,0.07064193594784707,0,Normal,0,Mild
test,10897,1171,SA14,SA14:F14_SA14_R03.txt,1,Fall,0,0,0,Mild,0.05167686027147905,0,Normal,0,Mild
test,10908,1172,SA14,SA14:F14_SA14_R04.txt,1,Fall,0,0,0,Mild,0.07197035427283094,0,Normal,0,Mild
test,10909,1173,SA14,SA14:F14_SA14_R04.txt,1,Fall,0,0,0,Mild,0.07322998702223948,0,Normal,0,Mild
test,10910,1174,SA14,SA14:F14_SA14_R04.txt,1,Fall,0,0,0,Mild,0.06803571871673864,0,Normal,0,Mild
test,10911,1175,SA14,SA14:F14_SA14_R04.txt,1,Fall,0,0,0,Mild,0.02871554074911198,0,Normal,0,Mild
test,10925,1176,SA14,SA14:F14_SA14_R05.txt,1,Fall,0,0,0,Mild,0.061967141643978874,0,Normal,0,Mild
test,10926,1177,SA14,SA14:F14_SA14_R05.txt,1,Fall,0,0,0,Mild,0.06464385678121748,0,Normal,0,Mild
test,10927,1178,SA14,SA14:F14_SA14_R05.txt,1,Fall,0,0,0,Mild,0.057447607274132007,0,Normal,0,Mild
test,10928,1179,SA14,SA14:F14_SA14_R05.txt,1,Fall,0,0,0,Mild,0.0036765073345580435,0,Normal,0,Mild
test,10939,1180,SA14,SA14:F15_SA14_R01.txt,1,Fall,1,1,1,Severe,0.1090040744869133,0,Normal,1,Severe
test,10940,1181,SA14,SA14:F15_SA14_R01.txt,1,Fall,1,1,1,Severe,0.1151532504144539,0,Normal,1,Severe
test,10941,1182,SA14,SA14:F15_SA14_R01.txt,1,Fall,1,1,1,Severe,0.10304800515284152,0,Normal,1,Severe
test,10942,1183,SA14,SA14:F15_SA14_R01.txt,1,Fall,0,0,0,Mild,0.0355447218588939,0,Normal,0,Mild
test,10954,1184,SA14,SA14:F15_SA14_R02.txt,1,Fall,1,1,1,Severe,0.09838164030762142,0,Normal,1,Severe
test,10955,1185,SA14,SA14:F15_SA14_R02.txt,1,Fall,1,1,1,Severe,0.11137916252915281,0,Normal,1,Severe
test,10956,1186,SA14,SA14:F15_SA14_R02.txt,1,Fall,1,1,1,Severe,0.10881145915403279,0,Normal,1,Severe
test,10957,1187,SA14,SA14:F15_SA14_R02.txt,1,Fall,1,1,1,Severe,0.08003574511563089,0,Normal,1,Severe
test,10968,1188,SA14,SA14:F15_SA14_R03.txt,1,Fall,1,1,1,Severe,0.1049003445396624,0,Normal,1,Severe
test,10969,1189,SA14,SA14:F15_SA14_R03.txt,1,Fall,1,1,1,Severe,0.11632505017329131,0,Normal,1,Severe
test,10970,1190,SA14,SA14:F15_SA14_R03.txt,1,Fall,1,1,1,Severe,0.11181394008429663,0,Normal,1,Severe
test,10971,1191,SA14,SA14:F15_SA14_R03.txt,1,Fall,1,1,1,Severe,0.07740651849424962,0,Normal,1,Severe
test,10983,1192,SA14,SA14:F15_SA14_R04.txt,1,Fall,1,1,1,Severe,0.09417233997300661,0,Normal,1,Severe
test,10984,1193,SA14,SA14:F15_SA14_R04.txt,1,Fall,1,1,1,Severe,0.09399618166993884,0,Normal,1,Severe
test,10985,1194,SA14,SA14:F15_SA14_R04.txt,1,Fall,1,1,1,Severe,0.08652083734547805,0,Normal,1,Severe
test,10986,1195,SA14,SA14:F15_SA14_R04.txt,1,Fall,0,0,0,Mild,0.019931021305327423,0,Normal,0,Mild
test,10999,1196,SA14,SA14:F15_SA14_R05.txt,1,Fall,1,1,1,Severe,0.10144887578367606,0,Normal,1,Severe
test,11000,1197,SA14,SA14:F15_SA14_R05.txt,1,Fall,1,1,1,Severe,0.1052568789043421,0,Normal,1,Severe
test,11001,1198,SA14,SA14:F15_SA14_R05.txt,1,Fall,1,1,1,Severe,0.10090605177794543,0,Normal,1,Severe
test,11002,1199,SA14,SA14:F15_SA14_R05.txt,1,Fall,1,1,1,Severe,0.06427159623161277,0,Normal,1,Severe
